timestamp,open,high,low,close,volume
2026-05-18 00:15:00+00:00,2119.4,2124.6,2107.2,2112.0,6967.6672
2026-05-18 00:30:00+00:00,2112.2,2114.7,2103.9,2108.5,11715.4867
2026-05-18 00:45:00+00:00,2108.6,2114.6,2105.7,2114.5,5367.271
2026-05-18 01:00:00+00:00,2114.4,2119.1,2111.0,2112.2,3592.4831
2026-05-18 01:15:00+00:00,2112.1,2112.4,2105.4,2109.9,4592.5586
2026-05-18 01:30:00+00:00,2109.9,2112.0,2108.4,2110.0,3320.5874
2026-05-18 01:45:00+00:00,2110.0,2120.4,2106.3,2116.4,2674.7946
2026-05-18 02:00:00+00:00,2116.4,2122.8,2114.6,2122.5,2378.6374
2026-05-18 02:15:00+00:00,2122.4,2122.8,2116.9,2119.0,2413.8394
2026-05-18 02:30:00+00:00,2119.0,2120.3,2113.6,2116.5,1386.925
2026-05-18 02:45:00+00:00,2116.5,2119.5,2111.5,2115.5,2680.2968
2026-05-18 03:00:00+00:00,2115.6,2122.7,2115.0,2116.7,1730.9
2026-05-18 03:15:00+00:00,2116.8,2119.8,2116.4,2119.0,1296.8362
2026-05-18 03:30:00+00:00,2119.0,2120.6,2115.0,2120.6,1034.3555
2026-05-18 03:45:00+00:00,2120.4,2120.5,2115.9,2117.5,679.2991
2026-05-18 04:00:00+00:00,2117.5,2121.4,2116.7,2120.9,809.4103
2026-05-18 04:15:00+00:00,2120.8,2121.1,2113.3,2114.6,948.5324
2026-05-18 04:30:00+00:00,2114.6,2121.0,2113.8,2121.0,995.6906
2026-05-18 04:45:00+00:00,2120.9,2124.5,2119.0,2123.7,6094.6455
2026-05-18 05:00:00+00:00,2123.7,2124.8,2121.9,2122.5,816.4176
2026-05-18 05:15:00+00:00,2122.6,2123.6,2118.5,2122.9,1842.1218
2026-05-18 05:30:00+00:00,2123.0,2124.2,2116.6,2118.5,1534.9959
2026-05-18 05:45:00+00:00,2118.5,2120.1,2116.1,2117.2,751.6051
2026-05-18 06:00:00+00:00,2117.3,2119.9,2110.3,2117.5,3148.2367
2026-05-18 06:15:00+00:00,2117.5,2120.2,2109.1,2112.5,3381.95
2026-05-18 06:30:00+00:00,2112.3,2116.7,2110.0,2116.6,5412.0325
2026-05-18 06:45:00+00:00,2116.5,2118.9,2116.0,2117.8,1654.4414
2026-05-18 07:00:00+00:00,2118.0,2120.7,2115.2,2116.6,1343.7375
2026-05-18 07:15:00+00:00,2116.6,2120.2,2110.9,2118.9,4180.1207
2026-05-18 07:30:00+00:00,2118.9,2122.6,2114.2,2114.8,2914.7871
2026-05-18 07:45:00+00:00,2115.0,2121.0,2114.9,2119.5,1259.0583
2026-05-18 08:00:00+00:00,2119.5,2122.7,2119.5,2119.8,2215.8446
2026-05-18 08:15:00+00:00,2119.8,2121.8,2118.8,2119.7,1612.3519
2026-05-18 08:30:00+00:00,2119.8,2120.1,2116.8,2117.0,832.477
2026-05-18 08:45:00+00:00,2117.1,2120.7,2116.2,2120.3,2708.7022
2026-05-18 09:00:00+00:00,2120.3,2120.8,2114.5,2117.1,1777.4724
2026-05-18 09:15:00+00:00,2117.0,2118.4,2115.5,2116.9,609.1283
2026-05-18 09:30:00+00:00,2116.9,2119.1,2115.1,2116.7,872.5729
2026-05-18 09:45:00+00:00,2116.6,2118.1,2115.5,2115.7,696.4996
2026-05-18 10:00:00+00:00,2115.7,2116.3,2111.3,2112.8,2952.8856
2026-05-18 10:15:00+00:00,2112.6,2115.9,2112.3,2114.8,3746.4226
2026-05-18 10:30:00+00:00,2115.1,2116.3,2112.1,2113.1,2052.7253
2026-05-18 10:45:00+00:00,2113.1,2116.4,2113.1,2113.3,927.2694
2026-05-18 11:00:00+00:00,2113.3,2114.0,2109.3,2112.1,2746.61
2026-05-18 11:15:00+00:00,2112.0,2114.8,2111.6,2113.5,1833.3378
2026-05-18 11:30:00+00:00,2113.5,2138.7,2112.0,2135.0,19208.8282
2026-05-18 11:45:00+00:00,2135.0,2135.8,2131.1,2132.5,6653.7003
2026-05-18 12:00:00+00:00,2132.5,2147.9,2132.4,2142.8,22757.4471
2026-05-18 12:15:00+00:00,2143.0,2149.6,2141.5,2143.9,15631.6964
2026-05-18 12:30:00+00:00,2143.8,2154.5,2141.8,2153.9,17356.0071
2026-05-18 12:45:00+00:00,2153.9,2156.1,2148.8,2149.9,7077.512
2026-05-18 13:00:00+00:00,2149.9,2150.3,2143.6,2147.2,6352.7587
2026-05-18 13:15:00+00:00,2147.0,2147.0,2141.2,2141.9,3770.2662
2026-05-18 13:30:00+00:00,2141.8,2141.9,2119.1,2124.5,37225.0008
2026-05-18 13:45:00+00:00,2124.6,2135.7,2121.0,2129.9,5384.4514
2026-05-18 14:00:00+00:00,2129.9,2129.9,2122.3,2123.4,7178.0483
2026-05-18 14:15:00+00:00,2123.4,2127.1,2114.3,2116.2,6629.5735
2026-05-18 14:30:00+00:00,2116.2,2117.8,2097.8,2112.4,13286.9153
2026-05-18 14:45:00+00:00,2112.4,2113.9,2105.3,2109.4,7116.376
2026-05-18 15:00:00+00:00,2109.4,2110.4,2094.1,2103.1,19274.1012
2026-05-18 15:15:00+00:00,2103.1,2103.1,2094.4,2096.9,8357.719
2026-05-18 15:30:00+00:00,2096.9,2107.7,2092.3,2106.3,11344.3849
2026-05-18 15:45:00+00:00,2106.3,2109.9,2102.8,2106.4,3949.8228
2026-05-18 16:00:00+00:00,2106.5,2110.6,2100.5,2106.4,4169.3125
2026-05-18 16:15:00+00:00,2106.4,2110.1,2091.6,2092.3,6327.1563
2026-05-18 16:30:00+00:00,2092.3,2099.3,2090.0,2097.7,4721.2677
2026-05-18 16:45:00+00:00,2097.7,2101.2,2096.7,2096.7,6552.2273
2026-05-18 17:00:00+00:00,2096.8,2107.0,2094.7,2101.5,2357.0705
2026-05-18 17:15:00+00:00,2101.6,2106.5,2101.5,2106.4,2678.6492
2026-05-18 17:30:00+00:00,2106.5,2107.5,2102.6,2106.5,1060.7462
2026-05-18 17:45:00+00:00,2106.6,2109.7,2105.0,2107.2,2174.7369
2026-05-18 18:00:00+00:00,2107.3,2108.3,2099.2,2099.7,3007.8433
2026-05-18 18:15:00+00:00,2099.8,2099.8,2077.0,2087.5,19825.0641
2026-05-18 18:30:00+00:00,2087.5,2091.3,2083.6,2086.0,4697.3813
2026-05-18 18:45:00+00:00,2086.1,2089.2,2079.0,2080.5,6865.6525
2026-05-18 19:00:00+00:00,2080.4,2113.1,2078.7,2105.0,52738.6259
2026-05-18 19:15:00+00:00,2105.0,2108.8,2101.5,2105.2,5783.6295
2026-05-18 19:30:00+00:00,2105.2,2117.0,2104.3,2115.8,6992.7571
2026-05-18 19:45:00+00:00,2115.9,2127.8,2115.5,2124.1,20927.6467
2026-05-18 20:00:00+00:00,2124.0,2129.0,2122.8,2126.6,5324.1387
2026-05-18 20:15:00+00:00,2126.6,2128.8,2124.2,2127.9,2929.1536
2026-05-18 20:30:00+00:00,2128.0,2130.2,2121.5,2121.6,5147.998
2026-05-18 20:45:00+00:00,2121.7,2121.8,2114.5,2116.7,5919.5576
2026-05-18 21:00:00+00:00,2116.8,2124.3,2114.0,2121.1,5310.2141
2026-05-18 21:15:00+00:00,2121.2,2132.8,2121.1,2130.4,19245.8067
2026-05-18 21:30:00+00:00,2130.5,2142.1,2130.4,2136.8,26418.4412
2026-05-18 21:45:00+00:00,2137.0,2138.2,2132.8,2136.8,4340.0509
2026-05-18 22:00:00+00:00,2136.7,2138.7,2132.9,2135.9,4968.1433
2026-05-18 22:15:00+00:00,2136.0,2143.1,2135.0,2139.1,15410.0438
2026-05-18 22:30:00+00:00,2139.1,2141.2,2133.7,2134.5,2825.7326
2026-05-18 22:45:00+00:00,2134.5,2135.4,2129.6,2135.4,3139.38
2026-05-18 23:00:00+00:00,2135.4,2138.5,2134.8,2134.9,1464.5756
2026-05-18 23:15:00+00:00,2134.9,2134.9,2132.4,2132.4,944.5421
2026-05-18 23:30:00+00:00,2132.5,2134.4,2129.9,2134.4,1281.8728
2026-05-18 23:45:00+00:00,2134.4,2134.4,2127.5,2129.7,7451.3004
2026-05-19 00:00:00+00:00,2129.7,2133.7,2128.0,2132.5,1462.7462
2026-05-19 00:15:00+00:00,2132.4,2146.3,2131.3,2139.2,4734.4211
2026-05-19 00:30:00+00:00,2139.2,2141.0,2135.0,2137.2,1730.9913
2026-05-19 00:45:00+00:00,2137.1,2141.9,2135.4,2135.5,968.6382
2026-05-19 01:00:00+00:00,2135.5,2137.8,2131.6,2135.1,1813.297
2026-05-19 01:15:00+00:00,2135.0,2135.5,2122.8,2124.9,18117.565
2026-05-19 01:30:00+00:00,2124.9,2132.5,2123.2,2130.3,3017.2486
2026-05-19 01:45:00+00:00,2130.2,2130.6,2124.0,2124.1,1683.2223
2026-05-19 02:00:00+00:00,2124.0,2125.9,2118.4,2124.5,4763.4629
2026-05-19 02:15:00+00:00,2124.5,2135.1,2122.9,2130.5,2632.2135
2026-05-19 02:30:00+00:00,2130.5,2130.7,2124.7,2125.2,1416.6965
2026-05-19 02:45:00+00:00,2125.2,2127.2,2121.3,2122.3,2196.2059
2026-05-19 03:00:00+00:00,2122.3,2128.0,2121.2,2128.0,2907.601
2026-05-19 03:15:00+00:00,2128.0,2131.9,2125.9,2127.2,1213.7882
2026-05-19 03:30:00+00:00,2127.1,2131.8,2127.1,2131.7,511.6484
2026-05-19 03:45:00+00:00,2131.6,2133.6,2130.0,2130.3,1188.6018
2026-05-19 04:00:00+00:00,2130.2,2136.0,2128.7,2134.9,5114.1902
2026-05-19 04:15:00+00:00,2134.8,2135.0,2127.4,2128.7,408.484
2026-05-19 04:30:00+00:00,2128.8,2133.6,2128.8,2132.8,1096.5617
2026-05-19 04:45:00+00:00,2132.9,2134.6,2132.7,2133.2,1341.4308
2026-05-19 05:00:00+00:00,2133.2,2133.8,2128.1,2130.0,1059.6049
2026-05-19 05:15:00+00:00,2130.3,2130.3,2122.5,2129.2,1315.8498
2026-05-19 05:30:00+00:00,2129.3,2135.8,2127.9,2132.0,2122.5634
2026-05-19 05:45:00+00:00,2132.1,2136.9,2131.7,2134.4,1428.6212
2026-05-19 06:00:00+00:00,2134.4,2135.8,2132.7,2135.5,523.8037
2026-05-19 06:15:00+00:00,2135.4,2136.0,2131.9,2134.1,2700.2847
2026-05-19 06:30:00+00:00,2134.3,2139.3,2133.1,2138.9,1362.4405
2026-05-19 06:45:00+00:00,2138.9,2139.1,2136.2,2136.6,450.8088
2026-05-19 07:00:00+00:00,2136.5,2140.6,2134.5,2137.9,1343.2608
2026-05-19 07:15:00+00:00,2138.2,2139.9,2136.3,2137.5,492.7709
2026-05-19 07:30:00+00:00,2138.1,2142.3,2137.2,2141.2,694.1649
2026-05-19 07:45:00+00:00,2141.3,2144.0,2139.4,2140.0,2774.2851
2026-05-19 08:00:00+00:00,2140.1,2140.4,2132.7,2134.2,1170.9217
2026-05-19 08:15:00+00:00,2134.1,2136.8,2130.2,2133.6,891.2151
2026-05-19 08:30:00+00:00,2133.5,2140.3,2132.1,2136.8,1756.9944
2026-05-19 08:45:00+00:00,2136.4,2137.9,2132.5,2132.7,206.3506
2026-05-19 09:00:00+00:00,2132.7,2133.5,2130.2,2131.0,510.0655
2026-05-19 09:15:00+00:00,2130.9,2131.1,2113.5,2115.0,7275.598
2026-05-19 09:30:00+00:00,2115.1,2117.9,2111.3,2114.9,2696.6146
2026-05-19 09:45:00+00:00,2114.9,2115.0,2110.6,2113.3,5781.4715
2026-05-19 10:00:00+00:00,2113.3,2114.9,2108.3,2114.3,2679.5729
2026-05-19 10:15:00+00:00,2114.3,2115.7,2112.8,2115.4,4783.3165
2026-05-19 10:30:00+00:00,2115.6,2121.0,2108.2,2108.7,3292.7925
2026-05-19 10:45:00+00:00,2108.9,2120.1,2105.6,2117.7,5808.7726
2026-05-19 11:00:00+00:00,2117.9,2119.6,2116.8,2117.5,959.8308
2026-05-19 11:15:00+00:00,2117.5,2118.5,2112.0,2113.9,5826.9629
2026-05-19 11:30:00+00:00,2114.0,2115.0,2108.2,2108.5,1536.9486
2026-05-19 11:45:00+00:00,2108.4,2112.0,2108.4,2109.8,2273.4701
2026-05-19 12:00:00+00:00,2109.8,2113.0,2108.0,2112.9,890.9278
2026-05-19 12:15:00+00:00,2112.9,2116.3,2112.4,2116.3,394.9473
2026-05-19 12:30:00+00:00,2116.3,2118.6,2115.8,2116.7,3260.6492
2026-05-19 12:45:00+00:00,2116.7,2118.3,2116.1,2117.4,613.205
2026-05-19 13:00:00+00:00,2117.4,2118.9,2110.7,2113.9,6366.9666
2026-05-19 13:15:00+00:00,2113.9,2114.2,2106.9,2107.1,3322.8449
2026-05-19 13:30:00+00:00,2107.2,2126.6,2106.9,2112.2,17874.9104
2026-05-19 13:45:00+00:00,2112.2,2124.9,2111.8,2118.2,4763.3774
2026-05-19 14:00:00+00:00,2118.2,2122.7,2110.0,2110.0,11490.5598
2026-05-19 14:15:00+00:00,2110.0,2110.9,2097.7,2106.1,17493.522
2026-05-19 14:30:00+00:00,2106.3,2111.1,2099.7,2106.0,6302.4586
2026-05-19 14:45:00+00:00,2105.9,2106.5,2093.5,2105.7,6943.4524
2026-05-19 15:00:00+00:00,2105.5,2110.6,2103.7,2109.5,2912.0049
2026-05-19 15:15:00+00:00,2109.5,2112.1,2103.0,2105.8,3495.9576
2026-05-19 15:30:00+00:00,2105.4,2112.2,2104.9,2109.1,2278.6794
2026-05-19 15:45:00+00:00,2109.0,2111.2,2106.4,2109.2,954.7359
2026-05-19 16:00:00+00:00,2109.3,2111.4,2106.4,2107.1,1639.2865
2026-05-19 16:15:00+00:00,2107.4,2111.9,2107.4,2111.3,1597.4934
2026-05-19 16:30:00+00:00,2111.2,2117.1,2111.1,2117.1,3732.8795
2026-05-19 16:45:00+00:00,2117.1,2121.6,2115.6,2120.5,3553.3473
2026-05-19 17:00:00+00:00,2120.5,2122.7,2118.8,2121.8,1422.8958
2026-05-19 17:15:00+00:00,2122.0,2124.6,2118.3,2118.9,3051.0075
2026-05-19 17:30:00+00:00,2118.9,2119.6,2113.2,2116.2,1652.2698
2026-05-19 17:45:00+00:00,2116.2,2116.2,2112.1,2114.9,691.8976
2026-05-19 18:00:00+00:00,2115.0,2117.9,2113.2,2117.1,643.0087
2026-05-19 18:15:00+00:00,2117.2,2118.9,2110.8,2111.8,2191.1976
2026-05-19 18:30:00+00:00,2111.9,2115.9,2109.9,2114.8,2546.8004
2026-05-19 18:45:00+00:00,2114.9,2116.8,2113.1,2114.5,3224.4979
2026-05-19 19:00:00+00:00,2114.6,2121.9,2114.6,2121.8,830.0975
2026-05-19 19:15:00+00:00,2121.8,2122.6,2110.9,2111.6,4520.2942
2026-05-19 19:30:00+00:00,2111.7,2115.3,2109.3,2113.3,3601.8878
2026-05-19 19:45:00+00:00,2113.3,2114.0,2110.0,2112.3,678.2999
2026-05-19 20:00:00+00:00,2112.4,2115.9,2111.5,2115.0,215.941
2026-05-19 20:15:00+00:00,2114.5,2115.5,2113.6,2114.8,326.0266
2026-05-19 20:30:00+00:00,2114.8,2117.5,2114.5,2115.7,223.9544
2026-05-19 20:45:00+00:00,2115.7,2118.2,2115.6,2117.5,957.908
2026-05-19 21:00:00+00:00,2117.5,2119.7,2115.9,2118.7,339.5938
2026-05-19 21:15:00+00:00,2118.8,2119.4,2116.9,2117.8,426.9954
2026-05-19 21:30:00+00:00,2117.8,2119.8,2117.2,2117.4,1269.7989
2026-05-19 21:45:00+00:00,2117.3,2118.9,2115.9,2115.9,923.94
2026-05-19 22:00:00+00:00,2115.9,2115.9,2108.8,2108.8,1145.4883
2026-05-19 22:15:00+00:00,2108.7,2109.0,2102.4,2103.5,2642.6996
2026-05-19 22:30:00+00:00,2103.5,2107.2,2101.5,2106.9,1513.3725
2026-05-19 22:45:00+00:00,2106.8,2107.4,2105.4,2105.4,1636.6372
2026-05-19 23:00:00+00:00,2105.5,2111.2,2103.7,2110.4,1049.6333
2026-05-19 23:15:00+00:00,2110.4,2115.3,2110.1,2114.8,1278.9558
2026-05-19 23:30:00+00:00,2114.9,2117.6,2114.0,2114.7,1297.9626
2026-05-19 23:45:00+00:00,2114.9,2114.9,2110.5,2110.8,876.3238
2026-05-20 00:00:00+00:00,2110.9,2113.2,2103.9,2104.0,2276.5835
2026-05-20 00:15:00+00:00,2104.0,2108.1,2102.6,2107.9,1594.2482
2026-05-20 00:30:00+00:00,2108.2,2114.7,2106.0,2109.3,1545.5444
2026-05-20 00:45:00+00:00,2109.3,2111.4,2108.2,2110.2,1169.2583
2026-05-20 01:00:00+00:00,2110.5,2116.0,2107.8,2114.8,1029.0548
2026-05-20 01:15:00+00:00,2114.7,2114.7,2102.5,2102.8,1821.3909
2026-05-20 01:30:00+00:00,2102.9,2108.5,2102.7,2106.3,2148.9251
2026-05-20 01:45:00+00:00,2106.4,2117.6,2105.4,2114.5,1575.9941
2026-05-20 02:00:00+00:00,2114.3,2115.3,2110.6,2112.5,1527.2305
2026-05-20 02:15:00+00:00,2112.6,2116.4,2111.1,2111.3,551.1649
2026-05-20 02:30:00+00:00,2111.3,2111.3,2105.5,2106.4,2102.6057
2026-05-20 02:45:00+00:00,2106.4,2109.3,2105.8,2108.1,1081.9962
2026-05-20 03:00:00+00:00,2108.2,2108.2,2105.1,2106.7,1080.6499
2026-05-20 03:15:00+00:00,2106.7,2115.3,2106.6,2114.5,676.024
2026-05-20 03:30:00+00:00,2114.5,2114.6,2110.8,2111.3,755.3258
2026-05-20 03:45:00+00:00,2111.4,2111.7,2109.4,2110.5,450.1213
2026-05-20 04:00:00+00:00,2110.6,2113.8,2110.6,2113.6,704.6341
2026-05-20 04:15:00+00:00,2113.7,2113.8,2111.5,2111.9,5717.2535
2026-05-20 04:30:00+00:00,2111.9,2112.5,2106.3,2110.5,8232.8261
2026-05-20 04:45:00+00:00,2110.4,2112.8,2110.4,2112.7,2804.1272
2026-05-20 05:00:00+00:00,2112.8,2126.3,2112.8,2123.8,4990.4917
2026-05-20 05:15:00+00:00,2123.7,2124.8,2121.4,2123.3,1740.3498
2026-05-20 05:30:00+00:00,2123.4,2129.7,2123.4,2125.5,3967.7085
2026-05-20 05:45:00+00:00,2125.5,2126.2,2123.8,2124.8,405.2727
2026-05-20 06:00:00+00:00,2124.6,2127.1,2124.6,2126.3,227.3831
2026-05-20 06:15:00+00:00,2126.4,2132.3,2126.4,2128.3,3263.6193
2026-05-20 06:30:00+00:00,2128.4,2130.9,2126.2,2130.7,1826.0941
2026-05-20 06:45:00+00:00,2130.7,2133.7,2128.3,2133.5,7185.3728
2026-05-20 07:00:00+00:00,2133.5,2133.9,2129.9,2131.0,5023.6255
2026-05-20 07:15:00+00:00,2131.0,2135.9,2129.1,2134.1,1573.5214
2026-05-20 07:30:00+00:00,2133.9,2133.9,2131.0,2132.3,617.7522
2026-05-20 07:45:00+00:00,2132.3,2132.5,2127.9,2128.8,2891.3254
2026-05-20 08:00:00+00:00,2128.7,2131.9,2128.1,2129.5,543.1514
2026-05-20 08:15:00+00:00,2129.4,2131.0,2128.0,2130.8,2562.0603
2026-05-20 08:30:00+00:00,2130.9,2137.5,2130.9,2136.1,3727.3244
2026-05-20 08:45:00+00:00,2136.0,2136.4,2130.5,2130.9,1355.0828
2026-05-20 09:00:00+00:00,2131.0,2131.8,2127.8,2128.8,943.246
2026-05-20 09:15:00+00:00,2128.8,2131.1,2127.0,2131.0,557.4529
2026-05-20 09:30:00+00:00,2131.0,2132.3,2130.2,2130.3,325.3823
2026-05-20 09:45:00+00:00,2130.3,2130.3,2127.6,2128.6,362.9683
2026-05-20 10:00:00+00:00,2128.6,2133.6,2128.6,2131.7,469.0974
2026-05-20 10:15:00+00:00,2131.6,2133.4,2130.7,2132.3,714.1787
2026-05-20 10:30:00+00:00,2132.5,2136.3,2131.4,2131.7,1446.3392
2026-05-20 10:45:00+00:00,2131.8,2133.2,2130.0,2130.1,311.9466
2026-05-20 11:00:00+00:00,2130.0,2131.4,2128.8,2128.8,571.4896
2026-05-20 11:15:00+00:00,2128.8,2130.2,2127.4,2127.4,847.8066
2026-05-20 11:30:00+00:00,2127.6,2129.7,2124.7,2125.8,1120.1201
2026-05-20 11:45:00+00:00,2125.8,2127.7,2123.7,2127.6,1236.3859
2026-05-20 12:00:00+00:00,2127.6,2131.6,2126.4,2130.2,1714.3552
2026-05-20 12:15:00+00:00,2130.0,2132.4,2126.5,2130.2,1096.7673
2026-05-20 12:30:00+00:00,2130.3,2132.8,2130.3,2131.1,932.2474
2026-05-20 12:45:00+00:00,2131.2,2139.7,2130.9,2133.3,3959.3032
2026-05-20 13:00:00+00:00,2133.4,2134.9,2129.7,2130.2,1315.155
2026-05-20 13:15:00+00:00,2130.3,2131.0,2125.0,2126.1,3709.594
2026-05-20 13:30:00+00:00,2126.1,2127.3,2114.7,2120.8,8451.774
2026-05-20 13:45:00+00:00,2120.7,2128.1,2116.9,2120.1,3985.8905
2026-05-20 14:00:00+00:00,2120.1,2125.3,2113.6,2121.9,4107.5533
2026-05-20 14:15:00+00:00,2121.9,2138.5,2121.9,2130.3,13020.2871
2026-05-20 14:30:00+00:00,2130.9,2136.1,2127.7,2132.8,6694.3106
2026-05-20 14:45:00+00:00,2132.9,2138.3,2131.9,2135.2,4681.0225
2026-05-20 15:00:00+00:00,2134.9,2135.5,2128.3,2128.9,1732.3893
2026-05-20 15:15:00+00:00,2128.9,2148.1,2128.9,2138.3,10914.9081
2026-05-20 15:30:00+00:00,2138.3,2140.3,2131.9,2134.9,2106.2652
2026-05-20 15:45:00+00:00,2135.0,2140.2,2133.8,2136.0,1522.9469
2026-05-20 16:00:00+00:00,2136.0,2139.8,2136.0,2137.3,752.3045
2026-05-20 16:15:00+00:00,2137.3,2137.3,2123.3,2126.3,3934.3222
2026-05-20 16:30:00+00:00,2126.2,2135.4,2124.4,2134.4,1341.8706
2026-05-20 16:45:00+00:00,2134.6,2137.3,2132.4,2134.9,2591.2654
2026-05-20 17:00:00+00:00,2134.9,2139.8,2131.7,2138.2,1821.3092
2026-05-20 17:15:00+00:00,2138.2,2147.9,2136.6,2144.5,3641.6984
2026-05-20 17:30:00+00:00,2144.7,2148.2,2141.5,2143.9,3605.6361
2026-05-20 17:45:00+00:00,2143.9,2145.4,2139.0,2139.9,2450.8388
2026-05-20 18:00:00+00:00,2139.9,2140.3,2135.9,2137.2,863.433
2026-05-20 18:15:00+00:00,2137.2,2139.7,2132.9,2134.9,1824.2763
2026-05-20 18:30:00+00:00,2134.8,2136.7,2133.5,2134.6,1184.6035
2026-05-20 18:45:00+00:00,2134.2,2134.2,2130.5,2131.5,2141.6754
2026-05-20 19:00:00+00:00,2131.5,2133.1,2128.3,2131.2,2181.0585
2026-05-20 19:15:00+00:00,2131.2,2137.1,2130.3,2137.1,760.4573
2026-05-20 19:30:00+00:00,2137.1,2140.7,2136.1,2139.7,793.1838
2026-05-20 19:45:00+00:00,2139.7,2140.5,2136.7,2138.3,920.0495
2026-05-20 20:00:00+00:00,2138.5,2140.1,2135.0,2139.7,1673.4011
2026-05-20 20:15:00+00:00,2139.7,2139.8,2129.0,2135.9,10023.907
2026-05-20 20:30:00+00:00,2136.0,2136.4,2133.2,2134.8,5964.665
2026-05-20 20:45:00+00:00,2134.8,2136.5,2133.7,2135.2,3697.0169
2026-05-20 21:00:00+00:00,2135.2,2137.7,2133.4,2136.9,4347.7816
2026-05-20 21:15:00+00:00,2137.0,2137.3,2132.4,2132.5,3021.71
2026-05-20 21:30:00+00:00,2132.2,2133.4,2131.2,2132.0,685.7147
2026-05-20 21:45:00+00:00,2131.9,2133.4,2129.7,2129.8,2860.5248
2026-05-20 22:00:00+00:00,2129.7,2129.7,2118.9,2121.7,5088.5476
2026-05-20 22:15:00+00:00,2121.7,2126.4,2117.4,2125.8,3862.2287
2026-05-20 22:30:00+00:00,2125.9,2128.1,2122.6,2125.5,1167.9112
2026-05-20 22:45:00+00:00,2125.4,2127.9,2125.2,2127.9,585.0629
2026-05-20 23:00:00+00:00,2127.7,2127.7,2123.4,2124.4,1074.0511
2026-05-20 23:15:00+00:00,2124.5,2125.1,2122.2,2124.8,1456.278
2026-05-20 23:30:00+00:00,2124.8,2127.5,2124.1,2126.6,529.1211
2026-05-20 23:45:00+00:00,2126.6,2129.8,2125.7,2129.1,753.9856
2026-05-21 00:00:00+00:00,2129.0,2132.4,2127.9,2132.0,2212.7005
2026-05-21 00:15:00+00:00,2131.9,2134.3,2130.3,2134.3,920.7512
2026-05-21 00:30:00+00:00,2134.2,2136.6,2133.2,2136.1,3515.7673
2026-05-21 00:45:00+00:00,2136.1,2144.9,2135.9,2142.4,7048.7683
2026-05-21 01:00:00+00:00,2142.4,2148.0,2142.3,2148.0,5937.7814
2026-05-21 01:15:00+00:00,2147.9,2156.7,2141.4,2142.8,31635.688
2026-05-21 01:30:00+00:00,2142.5,2143.6,2139.2,2141.7,1215.0563
2026-05-21 01:45:00+00:00,2141.6,2146.3,2138.6,2140.5,23751.2276
2026-05-21 02:00:00+00:00,2140.5,2142.3,2139.0,2141.1,732.2013
2026-05-21 02:15:00+00:00,2141.1,2147.6,2140.7,2144.8,2871.0386
2026-05-21 02:30:00+00:00,2144.8,2146.0,2143.4,2144.1,322.0573
2026-05-21 02:45:00+00:00,2144.1,2144.1,2141.1,2141.1,269.415
2026-05-21 03:00:00+00:00,2141.2,2143.0,2140.2,2141.6,506.0194
2026-05-21 03:15:00+00:00,2141.6,2146.0,2140.5,2145.0,854.5926
2026-05-21 03:30:00+00:00,2145.1,2145.5,2144.2,2145.5,126.6153
2026-05-21 03:45:00+00:00,2145.5,2146.8,2144.0,2145.4,1046.5446
2026-05-21 04:00:00+00:00,2145.5,2148.5,2143.7,2144.4,977.6159
2026-05-21 04:15:00+00:00,2144.4,2146.1,2143.6,2144.9,308.1376
2026-05-21 04:30:00+00:00,2145.0,2145.6,2142.1,2143.1,598.3669
2026-05-21 04:45:00+00:00,2143.1,2145.3,2142.2,2144.4,319.8539
2026-05-21 05:00:00+00:00,2144.4,2147.7,2141.5,2141.7,1030.3069
2026-05-21 05:15:00+00:00,2141.7,2144.1,2141.5,2141.5,1842.8749
2026-05-21 05:30:00+00:00,2141.6,2141.6,2139.0,2139.7,4365.1176
2026-05-21 05:45:00+00:00,2139.6,2140.2,2132.9,2136.0,2004.7897
2026-05-21 06:00:00+00:00,2135.9,2138.2,2133.6,2134.5,465.5445
2026-05-21 06:15:00+00:00,2134.5,2137.7,2132.4,2134.7,1741.4397
2026-05-21 06:30:00+00:00,2134.8,2136.5,2130.6,2130.9,1107.9694
2026-05-21 06:45:00+00:00,2131.0,2131.2,2127.1,2127.9,3616.5767
2026-05-21 07:00:00+00:00,2128.0,2130.3,2126.4,2128.9,2242.3956
2026-05-21 07:15:00+00:00,2128.7,2129.3,2123.9,2128.3,5555.1141
2026-05-21 07:30:00+00:00,2128.1,2131.4,2128.1,2131.2,3436.3492
2026-05-21 07:45:00+00:00,2131.2,2136.1,2131.1,2134.7,1918.3625
2026-05-21 08:00:00+00:00,2134.5,2146.0,2134.4,2145.5,5986.2477
2026-05-21 08:15:00+00:00,2145.7,2147.6,2137.7,2140.8,12012.1998
2026-05-21 08:30:00+00:00,2140.9,2140.9,2135.6,2136.6,1208.3363
2026-05-21 08:45:00+00:00,2136.6,2138.2,2135.2,2137.4,1158.5053
2026-05-21 09:00:00+00:00,2137.3,2140.2,2136.1,2137.6,1266.8478
2026-05-21 09:15:00+00:00,2137.6,2138.9,2136.6,2137.1,870.4296
2026-05-21 09:30:00+00:00,2137.1,2137.8,2127.5,2128.3,2467.4386
2026-05-21 09:45:00+00:00,2128.3,2129.9,2127.2,2127.5,770.5888
2026-05-21 10:00:00+00:00,2127.4,2128.8,2126.1,2127.8,3487.1755
2026-05-21 10:15:00+00:00,2127.8,2129.2,2110.0,2116.0,10831.2283
2026-05-21 10:30:00+00:00,2115.9,2119.2,2108.7,2115.6,6460.209
2026-05-21 10:45:00+00:00,2115.5,2115.6,2111.1,2113.3,2738.4895
2026-05-21 11:00:00+00:00,2113.4,2117.6,2111.4,2117.2,2360.1431
2026-05-21 11:15:00+00:00,2117.0,2118.8,2115.0,2117.1,4780.7676
2026-05-21 11:30:00+00:00,2117.1,2119.0,2114.5,2115.5,676.9955
2026-05-21 11:45:00+00:00,2115.4,2116.9,2114.0,2114.0,4115.1529
2026-05-21 12:00:00+00:00,2114.1,2115.6,2111.8,2112.2,7388.541
2026-05-21 12:15:00+00:00,2112.2,2114.6,2111.3,2112.1,950.7789
2026-05-21 12:30:00+00:00,2112.2,2118.6,2111.3,2116.4,4596.1229
2026-05-21 12:45:00+00:00,2116.4,2118.8,2116.1,2116.2,688.3708
2026-05-21 13:00:00+00:00,2116.1,2119.0,2115.5,2116.7,831.2035
2026-05-21 13:15:00+00:00,2116.6,2117.9,2114.6,2117.9,951.5602
2026-05-21 13:30:00+00:00,2118.0,2118.6,2104.2,2106.0,12375.6815
2026-05-21 13:45:00+00:00,2106.0,2124.1,2105.9,2120.1,12740.251
2026-05-21 14:00:00+00:00,2120.1,2124.5,2117.1,2120.1,9527.3789
2026-05-21 14:15:00+00:00,2120.1,2120.2,2110.2,2119.7,3742.0321
2026-05-21 14:30:00+00:00,2119.7,2125.0,2117.2,2118.5,2947.5473
2026-05-21 14:45:00+00:00,2118.5,2122.5,2115.1,2121.2,1407.6987
2026-05-21 15:00:00+00:00,2121.3,2133.2,2118.7,2129.4,5005.5198
2026-05-21 15:15:00+00:00,2129.4,2136.9,2128.5,2135.2,5739.4994
2026-05-21 15:30:00+00:00,2135.3,2135.6,2125.7,2130.8,5065.2199
2026-05-21 15:45:00+00:00,2130.9,2137.9,2129.8,2131.9,3458.6143
2026-05-21 16:00:00+00:00,2131.9,2136.1,2131.6,2133.0,9272.1065
2026-05-21 16:15:00+00:00,2133.1,2133.4,2128.0,2130.3,4371.1028
2026-05-21 16:30:00+00:00,2130.3,2133.7,2122.9,2123.4,17010.8184
2026-05-21 16:45:00+00:00,2123.4,2127.0,2122.0,2126.9,3447.378
2026-05-21 17:00:00+00:00,2126.9,2138.0,2125.1,2135.3,3410.3546
2026-05-21 17:15:00+00:00,2135.3,2147.7,2134.8,2146.9,11235.3831
2026-05-21 17:30:00+00:00,2146.8,2150.5,2143.9,2146.3,7631.6157
2026-05-21 17:45:00+00:00,2146.4,2153.0,2142.0,2146.2,3013.2856
2026-05-21 18:00:00+00:00,2146.1,2147.6,2139.1,2139.5,3815.574
2026-05-21 18:15:00+00:00,2139.5,2143.5,2137.9,2139.0,1582.2294
2026-05-21 18:30:00+00:00,2139.1,2140.7,2137.6,2138.8,1017.3632
2026-05-21 18:45:00+00:00,2138.8,2139.1,2120.3,2125.8,15326.6861
2026-05-21 19:00:00+00:00,2125.8,2134.2,2125.6,2132.2,3090.2891
2026-05-21 19:15:00+00:00,2132.2,2134.2,2131.3,2132.8,1511.9025
2026-05-21 19:30:00+00:00,2132.8,2138.7,2132.8,2137.1,9781.154
2026-05-21 19:45:00+00:00,2137.1,2145.4,2137.1,2142.7,17651.3774
2026-05-21 20:00:00+00:00,2142.7,2143.0,2139.3,2140.4,1246.7935
2026-05-21 20:15:00+00:00,2140.4,2140.7,2137.3,2137.8,487.2819
2026-05-21 20:30:00+00:00,2137.8,2140.8,2136.5,2137.6,896.7884
2026-05-21 20:45:00+00:00,2137.8,2141.2,2136.6,2138.0,781.7775
2026-05-21 21:00:00+00:00,2138.1,2140.4,2137.1,2137.7,3447.3988
2026-05-21 21:15:00+00:00,2137.7,2138.3,2137.0,2138.3,161.9408
2026-05-21 21:30:00+00:00,2138.3,2138.5,2135.3,2136.0,2711.6961
2026-05-21 21:45:00+00:00,2136.1,2136.3,2133.6,2134.4,497.4197
2026-05-21 22:00:00+00:00,2134.5,2136.4,2131.9,2134.2,2489.7843
2026-05-21 22:15:00+00:00,2134.0,2134.4,2132.1,2134.3,1415.942
2026-05-21 22:30:00+00:00,2134.3,2135.7,2130.4,2132.4,588.667
2026-05-21 22:45:00+00:00,2132.4,2133.3,2130.7,2131.2,1611.5313
2026-05-21 23:00:00+00:00,2131.0,2133.9,2128.1,2129.0,2774.8536
2026-05-21 23:15:00+00:00,2128.3,2132.9,2126.5,2132.4,2447.9702
2026-05-21 23:30:00+00:00,2132.5,2136.3,2132.1,2135.3,487.963
2026-05-21 23:45:00+00:00,2135.4,2135.9,2132.6,2133.1,869.2819
2026-05-22 00:00:00+00:00,2133.3,2133.8,2129.6,2130.0,1574.6972
2026-05-22 00:15:00+00:00,2129.9,2133.2,2129.1,2131.1,772.7324
2026-05-22 00:30:00+00:00,2131.0,2134.4,2129.5,2131.0,755.442
2026-05-22 00:45:00+00:00,2130.8,2132.4,2128.5,2128.5,1131.0449
2026-05-22 01:00:00+00:00,2128.5,2133.0,2126.8,2132.8,1690.5404
2026-05-22 01:15:00+00:00,2132.8,2133.3,2128.0,2129.0,739.7375
2026-05-22 01:30:00+00:00,2128.9,2131.1,2124.7,2131.0,964.5764
2026-05-22 01:45:00+00:00,2131.0,2136.3,2131.0,2135.2,820.312
2026-05-22 02:00:00+00:00,2135.2,2138.3,2135.2,2137.2,511.2081
2026-05-22 02:15:00+00:00,2137.3,2139.5,2134.7,2136.2,715.8637
2026-05-22 02:30:00+00:00,2136.3,2137.3,2133.8,2136.2,710.6714
2026-05-22 02:45:00+00:00,2136.1,2138.9,2134.9,2137.4,1485.3869
2026-05-22 03:00:00+00:00,2137.3,2140.7,2135.7,2136.2,1089.6257
2026-05-22 03:15:00+00:00,2136.3,2137.5,2134.7,2137.1,82.2065
2026-05-22 03:30:00+00:00,2137.1,2138.3,2136.5,2136.9,201.2932
2026-05-22 03:45:00+00:00,2136.9,2138.4,2136.5,2137.1,420.4787
2026-05-22 04:00:00+00:00,2137.1,2140.3,2137.1,2139.8,122.7437
2026-05-22 04:15:00+00:00,2139.8,2140.9,2137.0,2137.1,428.3687
2026-05-22 04:30:00+00:00,2137.1,2137.2,2133.8,2133.8,1407.8332
2026-05-22 04:45:00+00:00,2133.7,2134.4,2132.1,2133.1,440.4519
2026-05-22 05:00:00+00:00,2133.2,2135.2,2131.0,2133.8,856.2008
2026-05-22 05:15:00+00:00,2133.8,2134.8,2130.1,2131.4,806.2972
2026-05-22 05:30:00+00:00,2131.5,2132.4,2127.3,2130.6,652.3622
2026-05-22 05:45:00+00:00,2130.6,2133.3,2127.1,2128.6,686.3753
2026-05-22 06:00:00+00:00,2128.6,2130.0,2126.7,2129.5,959.971
2026-05-22 06:15:00+00:00,2129.5,2129.8,2126.0,2127.2,585.4654
2026-05-22 06:30:00+00:00,2127.2,2127.6,2125.0,2127.6,1106.8186
2026-05-22 06:45:00+00:00,2127.5,2127.9,2123.1,2125.1,1765.0965
2026-05-22 07:00:00+00:00,2125.0,2128.1,2121.6,2126.8,2103.9037
2026-05-22 07:15:00+00:00,2126.7,2131.3,2126.7,2130.8,1483.1838
2026-05-22 07:30:00+00:00,2130.8,2132.3,2128.5,2130.2,3225.8647
2026-05-22 07:45:00+00:00,2130.2,2130.2,2128.0,2128.1,851.0683
2026-05-22 08:00:00+00:00,2128.0,2129.1,2125.0,2127.5,3409.2233
2026-05-22 08:15:00+00:00,2127.5,2133.0,2127.4,2131.2,2468.1356
2026-05-22 08:30:00+00:00,2131.3,2131.9,2118.6,2123.6,11038.722
2026-05-22 08:45:00+00:00,2123.5,2124.8,2121.1,2121.6,2929.6387
2026-05-22 09:00:00+00:00,2121.4,2123.0,2119.8,2120.0,2959.5623
2026-05-22 09:15:00+00:00,2119.9,2123.5,2118.2,2121.4,4372.0012
2026-05-22 09:30:00+00:00,2121.4,2123.2,2118.9,2122.7,941.4788
2026-05-22 09:45:00+00:00,2122.6,2124.7,2120.5,2123.4,1083.3815
2026-05-22 10:00:00+00:00,2123.4,2124.4,2121.4,2123.0,656.104
2026-05-22 10:15:00+00:00,2122.8,2123.8,2120.5,2123.7,470.991
2026-05-22 10:30:00+00:00,2123.7,2124.7,2121.4,2123.7,439.8602
2026-05-22 10:45:00+00:00,2123.6,2123.8,2121.9,2122.5,1205.7709
2026-05-22 11:00:00+00:00,2122.5,2124.5,2122.0,2122.2,328.1482
2026-05-22 11:15:00+00:00,2122.2,2124.5,2119.6,2123.6,1452.0828
2026-05-22 11:30:00+00:00,2123.7,2127.2,2123.7,2125.8,3452.6118
2026-05-22 11:45:00+00:00,2125.9,2130.6,2125.4,2130.2,6923.7559
2026-05-22 12:00:00+00:00,2130.3,2137.3,2128.9,2134.8,2135.5394
2026-05-22 12:15:00+00:00,2134.9,2137.5,2130.6,2131.0,1712.7744
2026-05-22 12:30:00+00:00,2130.9,2132.0,2129.6,2131.7,1140.9618
2026-05-22 12:45:00+00:00,2131.7,2134.6,2131.7,2134.4,5863.8912
2026-05-22 13:00:00+00:00,2134.6,2135.1,2131.6,2133.3,1273.72
2026-05-22 13:15:00+00:00,2133.3,2135.3,2129.1,2129.1,3283.5669
2026-05-22 13:30:00+00:00,2129.1,2132.1,2123.2,2127.7,6304.6187
2026-05-22 13:45:00+00:00,2127.8,2130.0,2125.5,2129.5,1076.172
2026-05-22 14:00:00+00:00,2129.5,2129.5,2120.5,2123.1,5276.1623
2026-05-22 14:15:00+00:00,2123.1,2124.8,2111.6,2117.7,6763.8784
2026-05-22 14:30:00+00:00,2117.7,2121.0,2117.0,2119.2,1520.8348
2026-05-22 14:45:00+00:00,2119.2,2120.3,2116.0,2116.4,1670.2465
2026-05-22 15:00:00+00:00,2116.4,2122.6,2114.2,2116.7,1877.7719
2026-05-22 15:15:00+00:00,2116.7,2120.4,2111.5,2120.2,3340.5101
2026-05-22 15:30:00+00:00,2120.4,2125.3,2116.5,2117.6,3029.884
2026-05-22 15:45:00+00:00,2117.6,2120.7,2115.7,2119.1,1378.3131
2026-05-22 16:00:00+00:00,2119.0,2122.2,2117.4,2120.0,4251.6188
2026-05-22 16:15:00+00:00,2119.9,2121.6,2117.4,2120.1,2852.9472
2026-05-22 16:30:00+00:00,2120.1,2121.8,2118.2,2118.9,914.278
2026-05-22 16:45:00+00:00,2119.0,2123.5,2119.0,2122.1,745.6578
2026-05-22 17:00:00+00:00,2122.2,2126.4,2122.2,2124.5,789.0533
2026-05-22 17:15:00+00:00,2124.6,2128.4,2118.7,2128.1,3450.016
2026-05-22 17:30:00+00:00,2128.3,2129.1,2123.5,2125.8,1411.9591
2026-05-22 17:45:00+00:00,2125.8,2126.0,2118.2,2118.7,11810.4641
2026-05-22 18:00:00+00:00,2118.7,2119.2,2114.3,2119.2,5676.2607
2026-05-22 18:15:00+00:00,2119.2,2121.0,2117.5,2118.0,584.5514
2026-05-22 18:30:00+00:00,2118.1,2118.1,2106.5,2107.4,25568.1963
2026-05-22 18:45:00+00:00,2107.3,2107.3,2082.9,2098.9,45369.63
2026-05-22 19:00:00+00:00,2099.0,2102.1,2085.3,2088.6,26008.053
2026-05-22 19:15:00+00:00,2088.5,2092.5,2081.4,2084.0,12388.2967
2026-05-22 19:30:00+00:00,2084.2,2084.5,2056.2,2064.5,48551.9282
2026-05-22 19:45:00+00:00,2064.4,2068.7,2060.5,2064.7,8127.255
2026-05-22 20:00:00+00:00,2064.6,2075.0,2063.8,2071.0,8193.2354
2026-05-22 20:15:00+00:00,2071.0,2073.7,2068.5,2072.0,7733.047
2026-05-22 20:30:00+00:00,2071.9,2073.0,2066.3,2071.4,6367.0167
2026-05-22 20:45:00+00:00,2071.5,2078.1,2069.1,2072.3,11028.0552
2026-05-22 21:00:00+00:00,2072.1,2074.1,2070.6,2072.0,2438.1906
2026-05-22 21:15:00+00:00,2071.8,2074.7,2070.8,2074.6,3014.5413
2026-05-22 21:30:00+00:00,2074.7,2078.3,2074.1,2075.5,3249.6383
2026-05-22 21:45:00+00:00,2075.6,2078.7,2075.6,2077.3,1067.8086
2026-05-22 22:00:00+00:00,2077.3,2078.5,2074.6,2076.3,1216.2294
2026-05-22 22:15:00+00:00,2076.2,2076.5,2071.0,2072.0,4538.1797
2026-05-22 22:30:00+00:00,2072.0,2073.8,2065.1,2068.0,11858.5786
2026-05-22 22:45:00+00:00,2068.0,2072.7,2067.5,2072.1,7685.4947
2026-05-22 23:00:00+00:00,2072.0,2076.2,2072.0,2076.2,2444.5445
2026-05-22 23:15:00+00:00,2076.2,2076.2,2067.6,2067.7,7182.5662
2026-05-22 23:30:00+00:00,2067.6,2073.5,2066.6,2072.5,3626.5913
2026-05-22 23:45:00+00:00,2072.4,2072.4,2056.2,2064.8,14291.0803
2026-05-23 00:00:00+00:00,2064.9,2069.6,2062.3,2065.6,6750.9137
2026-05-23 00:15:00+00:00,2065.6,2067.7,2062.8,2067.1,8932.2669
2026-05-23 00:30:00+00:00,2067.1,2067.3,2052.1,2059.6,15916.6405
2026-05-23 00:45:00+00:00,2059.4,2065.1,2059.1,2063.4,6699.1661
2026-05-23 01:00:00+00:00,2063.5,2068.5,2063.1,2063.5,5929.9875
2026-05-23 01:15:00+00:00,2063.5,2067.8,2061.8,2067.7,1755.4532
2026-05-23 01:30:00+00:00,2067.7,2067.9,2065.3,2066.6,463.9673
2026-05-23 01:45:00+00:00,2066.6,2069.1,2062.8,2068.1,5842.2155
2026-05-23 02:00:00+00:00,2068.2,2069.5,2065.2,2065.5,984.0363
2026-05-23 02:15:00+00:00,2065.4,2067.5,2064.7,2065.4,229.6689
2026-05-23 02:30:00+00:00,2065.5,2066.6,2063.8,2066.0,1222.1905
2026-05-23 02:45:00+00:00,2066.0,2068.3,2065.6,2067.7,430.773
2026-05-23 03:00:00+00:00,2067.6,2068.8,2067.1,2068.6,342.826
2026-05-23 03:15:00+00:00,2068.7,2069.4,2067.8,2068.9,562.264
2026-05-23 03:30:00+00:00,2068.7,2070.7,2068.7,2070.3,896.2997
2026-05-23 03:45:00+00:00,2070.4,2071.2,2069.5,2069.9,1216.1035
2026-05-23 04:00:00+00:00,2070.0,2070.4,2069.6,2070.1,5821.4776
2026-05-23 04:15:00+00:00,2070.2,2070.2,2066.5,2066.8,2251.4817
2026-05-23 04:30:00+00:00,2066.8,2068.9,2065.0,2065.0,1688.5702
2026-05-23 04:45:00+00:00,2065.0,2066.8,2065.0,2066.4,922.0307
2026-05-23 05:00:00+00:00,2066.5,2067.1,2064.5,2064.9,565.7884
2026-05-23 05:15:00+00:00,2064.9,2066.7,2061.5,2063.1,1320.3414
2026-05-23 05:30:00+00:00,2063.0,2065.6,2062.8,2065.5,1783.5147
2026-05-23 05:45:00+00:00,2065.6,2065.7,2063.4,2064.0,275.2761
2026-05-23 06:00:00+00:00,2064.0,2064.9,2062.8,2063.2,250.02
2026-05-23 06:15:00+00:00,2063.3,2063.9,2061.5,2061.5,288.754
2026-05-23 06:30:00+00:00,2061.5,2063.4,2060.6,2062.1,692.8583
2026-05-23 06:45:00+00:00,2062.1,2062.3,2059.7,2060.7,1651.3395
2026-05-23 07:00:00+00:00,2060.9,2062.2,2056.1,2059.7,4207.1375
2026-05-23 07:15:00+00:00,2059.6,2059.6,2056.1,2057.1,1757.8398
2026-05-23 07:30:00+00:00,2057.2,2058.9,2052.5,2056.7,2942.2944
2026-05-23 07:45:00+00:00,2056.7,2056.8,2008.5,2027.6,61806.9976
2026-05-23 08:00:00+00:00,2027.5,2031.2,2021.9,2028.9,7140.1551
2026-05-23 08:15:00+00:00,2028.9,2031.4,2026.8,2026.8,7235.1457
2026-05-23 08:30:00+00:00,2026.8,2027.2,2020.2,2022.9,10079.3585
2026-05-23 08:45:00+00:00,2022.9,2029.4,2021.8,2029.3,5087.8173
2026-05-23 09:00:00+00:00,2029.3,2029.9,2027.2,2027.3,1554.1751
2026-05-23 09:15:00+00:00,2027.3,2029.5,2027.3,2028.2,359.1167
2026-05-23 09:30:00+00:00,2028.2,2029.0,2026.3,2028.1,923.6064
2026-05-23 09:45:00+00:00,2028.2,2029.0,2026.2,2026.4,1741.2232
2026-05-23 10:00:00+00:00,2026.4,2029.6,2026.1,2029.0,849.0804
2026-05-23 10:15:00+00:00,2029.0,2029.6,2027.6,2028.8,518.7304
2026-05-23 10:30:00+00:00,2028.8,2031.2,2028.3,2031.2,9538.562
2026-05-23 10:45:00+00:00,2031.1,2032.1,2029.9,2030.4,1948.5929
2026-05-23 11:00:00+00:00,2030.3,2034.4,2029.8,2032.6,1859.2635
2026-05-23 11:15:00+00:00,2032.5,2034.2,2032.2,2033.2,638.6671
2026-05-23 11:30:00+00:00,2033.1,2033.2,2029.6,2030.4,1428.429
2026-05-23 11:45:00+00:00,2030.4,2031.7,2029.8,2030.4,339.8339
2026-05-23 12:00:00+00:00,2030.4,2030.8,2027.2,2027.7,4979.5312
2026-05-23 12:15:00+00:00,2027.9,2028.8,2025.7,2027.9,2859.4298
2026-05-23 12:30:00+00:00,2027.8,2030.2,2027.8,2029.3,1016.8993
2026-05-23 12:45:00+00:00,2029.3,2030.2,2028.4,2029.8,3279.0795
2026-05-23 13:00:00+00:00,2029.8,2038.5,2029.8,2037.8,2190.4027
2026-05-23 13:15:00+00:00,2037.7,2044.8,2037.7,2041.5,3556.7763
2026-05-23 13:30:00+00:00,2041.5,2043.1,2037.2,2038.6,2420.821
2026-05-23 13:45:00+00:00,2038.6,2044.5,2038.6,2043.7,2052.2276
2026-05-23 14:00:00+00:00,2043.6,2045.6,2040.0,2045.4,2921.9245
2026-05-23 14:15:00+00:00,2045.3,2046.2,2043.4,2045.5,2353.5855
2026-05-23 14:30:00+00:00,2045.5,2052.5,2044.9,2052.4,9404.6618
2026-05-23 14:45:00+00:00,2052.3,2064.2,2051.4,2060.4,8949.4971
2026-05-23 15:00:00+00:00,2060.4,2067.6,2059.0,2066.3,5766.7927
2026-05-23 15:15:00+00:00,2066.2,2066.6,2059.4,2060.4,4892.4635
2026-05-23 15:30:00+00:00,2060.3,2060.4,2054.5,2056.1,2812.7463
2026-05-23 15:45:00+00:00,2056.1,2059.3,2056.1,2059.0,3265.1052
2026-05-23 16:00:00+00:00,2058.9,2063.8,2058.0,2058.0,1997.3322
2026-05-23 16:15:00+00:00,2058.0,2059.6,2056.0,2057.6,1877.3356
2026-05-23 16:30:00+00:00,2057.6,2062.8,2057.5,2061.0,2513.0014
2026-05-23 16:45:00+00:00,2060.8,2063.5,2059.3,2060.5,984.5726
2026-05-23 17:00:00+00:00,2060.4,2062.2,2057.7,2061.9,1907.2951
2026-05-23 17:15:00+00:00,2061.9,2063.3,2059.7,2062.8,1579.0591
2026-05-23 17:30:00+00:00,2062.8,2063.7,2060.4,2061.2,1081.2303
2026-05-23 17:45:00+00:00,2061.2,2064.0,2059.5,2062.7,1863.8474
2026-05-23 18:00:00+00:00,2062.7,2077.5,2062.4,2073.2,6775.5027
2026-05-23 18:15:00+00:00,2073.2,2081.8,2071.5,2074.9,6787.6747
2026-05-23 18:30:00+00:00,2074.8,2080.7,2074.8,2076.9,3725.4083
2026-05-23 18:45:00+00:00,2076.9,2077.4,2072.1,2073.1,6947.9105
2026-05-23 19:00:00+00:00,2073.0,2073.8,2068.8,2071.1,1570.6527
2026-05-23 19:15:00+00:00,2071.1,2079.2,2071.1,2078.2,1495.1605
2026-05-23 19:30:00+00:00,2078.1,2079.7,2074.5,2075.7,1622.0721
2026-05-23 19:45:00+00:00,2075.6,2077.7,2074.7,2076.3,2251.1226
2026-05-23 20:00:00+00:00,2076.3,2081.8,2073.7,2079.0,3331.7733
2026-05-23 20:15:00+00:00,2079.1,2082.3,2075.9,2076.0,5876.6361
2026-05-23 20:30:00+00:00,2075.9,2130.8,2075.2,2129.3,59993.0231
2026-05-23 20:45:00+00:00,2129.4,2145.9,2123.6,2145.4,38199.7361
2026-05-23 21:00:00+00:00,2145.4,2149.0,2125.0,2125.3,43775.4874
2026-05-23 21:15:00+00:00,2125.3,2129.5,2114.8,2114.8,13347.0665
2026-05-23 21:30:00+00:00,2114.7,2122.5,2105.2,2113.2,11536.9945
2026-05-23 21:45:00+00:00,2113.2,2117.5,2108.7,2115.7,14123.4896
2026-05-23 22:00:00+00:00,2115.7,2119.1,2114.2,2114.3,2116.1944
2026-05-23 22:15:00+00:00,2114.2,2115.9,2109.8,2110.8,5143.1309
2026-05-23 22:30:00+00:00,2110.7,2113.3,2101.6,2113.1,36453.3554
2026-05-23 22:45:00+00:00,2113.1,2117.4,2111.0,2116.1,14445.103
2026-05-23 23:00:00+00:00,2116.0,2118.9,2113.7,2117.5,6403.7564
2026-05-23 23:15:00+00:00,2117.4,2119.6,2115.5,2116.0,3606.245
2026-05-23 23:30:00+00:00,2116.1,2121.2,2116.0,2118.4,3617.4249
2026-05-23 23:45:00+00:00,2118.2,2119.3,2116.7,2116.8,963.3507
2026-05-24 00:00:00+00:00,2116.8,2117.9,2114.5,2115.1,2195.472
2026-05-24 00:15:00+00:00,2115.0,2116.5,2112.4,2114.8,1663.7859
2026-05-24 00:30:00+00:00,2114.7,2119.2,2114.6,2116.0,559.678
2026-05-24 00:45:00+00:00,2116.0,2120.4,2115.4,2118.8,1692.4519
2026-05-24 01:00:00+00:00,2118.8,2120.7,2117.6,2119.7,1128.2945
2026-05-24 01:15:00+00:00,2119.7,2124.4,2118.2,2122.7,5274.8771
2026-05-24 01:30:00+00:00,2122.6,2123.3,2119.0,2119.6,1811.5217
2026-05-24 01:45:00+00:00,2119.5,2122.0,2118.9,2121.7,1450.8534
2026-05-24 02:00:00+00:00,2121.7,2124.3,2120.2,2123.3,1321.6475
2026-05-24 02:15:00+00:00,2123.4,2124.5,2117.7,2119.3,628.8219
2026-05-24 02:30:00+00:00,2119.4,2123.2,2119.3,2122.8,796.1037
2026-05-24 02:45:00+00:00,2122.8,2124.0,2121.6,2121.7,337.2687
2026-05-24 03:00:00+00:00,2121.7,2126.2,2120.6,2122.8,825.2734
2026-05-24 03:15:00+00:00,2122.8,2123.2,2121.6,2122.8,540.0506
2026-05-24 03:30:00+00:00,2122.8,2122.9,2116.2,2116.6,4470.969
2026-05-24 03:45:00+00:00,2116.6,2119.0,2116.6,2118.4,433.7009
2026-05-24 04:00:00+00:00,2118.2,2122.0,2118.2,2121.9,1053.5202
2026-05-24 04:15:00+00:00,2122.0,2122.9,2120.2,2120.2,558.0697
2026-05-24 04:30:00+00:00,2120.3,2121.4,2119.7,2120.6,325.8592
2026-05-24 04:45:00+00:00,2120.7,2120.8,2119.1,2119.5,178.4629
2026-05-24 05:00:00+00:00,2119.4,2119.5,2117.2,2117.9,293.8842
2026-05-24 05:15:00+00:00,2118.0,2118.0,2114.0,2115.5,657.0307
2026-05-24 05:30:00+00:00,2115.5,2116.4,2113.0,2113.0,615.66
2026-05-24 05:45:00+00:00,2113.1,2120.6,2112.9,2119.1,1430.6989
2026-05-24 06:00:00+00:00,2119.1,2122.5,2119.0,2121.1,1241.2463
2026-05-24 06:15:00+00:00,2121.1,2121.1,2117.6,2118.0,374.3201
2026-05-24 06:30:00+00:00,2118.1,2120.4,2116.8,2119.8,564.9843
2026-05-24 06:45:00+00:00,2119.9,2129.5,2119.7,2127.4,2309.8395
2026-05-24 07:00:00+00:00,2127.4,2129.1,2123.9,2123.9,829.6866
2026-05-24 07:15:00+00:00,2123.9,2124.5,2121.9,2122.7,485.452
2026-05-24 07:30:00+00:00,2122.8,2123.0,2120.9,2121.3,287.0096
2026-05-24 07:45:00+00:00,2121.4,2121.5,2118.8,2120.3,1249.0883
2026-05-24 08:00:00+00:00,2120.4,2121.2,2118.6,2118.6,694.3693
2026-05-24 08:15:00+00:00,2118.7,2122.4,2118.5,2120.5,444.8545
2026-05-24 08:30:00+00:00,2120.6,2122.5,2119.3,2119.6,857.8109
2026-05-24 08:45:00+00:00,2119.5,2120.5,2119.3,2119.9,251.3003
2026-05-24 09:00:00+00:00,2119.8,2122.2,2118.5,2120.7,1852.5382
2026-05-24 09:15:00+00:00,2120.8,2123.4,2119.4,2120.5,1619.8333
2026-05-24 09:30:00+00:00,2120.6,2123.2,2119.4,2122.5,1083.1518
2026-05-24 09:45:00+00:00,2122.4,2123.1,2121.6,2122.6,993.7847
2026-05-24 10:00:00+00:00,2122.7,2122.9,2118.6,2119.6,1506.7747
2026-05-24 10:15:00+00:00,2119.6,2130.0,2118.8,2124.9,3417.975
2026-05-24 10:30:00+00:00,2124.9,2124.9,2119.4,2119.9,976.3317
2026-05-24 10:45:00+00:00,2119.9,2121.9,2119.0,2121.3,1210.1486
2026-05-24 11:00:00+00:00,2121.3,2126.3,2121.3,2124.8,1120.3459
2026-05-24 11:15:00+00:00,2124.9,2126.8,2123.2,2124.1,413.9209
2026-05-24 11:30:00+00:00,2124.2,2126.3,2123.7,2124.7,243.7122
2026-05-24 11:45:00+00:00,2124.8,2126.3,2123.6,2124.7,239.7888
2026-05-24 12:00:00+00:00,2125.2,2125.7,2121.6,2123.0,177.9476
2026-05-24 12:15:00+00:00,2123.0,2123.2,2117.7,2117.9,6702.7972
2026-05-24 12:30:00+00:00,2117.7,2120.8,2117.0,2120.8,3232.1937
2026-05-24 12:45:00+00:00,2120.7,2120.8,2118.6,2119.2,1094.7357
2026-05-24 13:00:00+00:00,2119.3,2120.2,2117.3,2118.0,783.4577
2026-05-24 13:15:00+00:00,2118.1,2120.0,2115.2,2117.1,2244.1436
2026-05-24 13:30:00+00:00,2117.1,2119.8,2114.4,2118.3,729.2381
2026-05-24 13:45:00+00:00,2118.4,2119.0,2105.0,2109.3,4204.6955
2026-05-24 14:00:00+00:00,2109.3,2111.5,2090.1,2094.3,12709.6449
2026-05-24 14:15:00+00:00,2094.2,2100.0,2078.5,2093.4,17088.4553
2026-05-24 14:30:00+00:00,2093.4,2096.8,2092.3,2094.2,1464.4458
2026-05-24 14:45:00+00:00,2094.3,2097.9,2093.3,2096.9,1598.6965
2026-05-24 15:00:00+00:00,2097.1,2099.0,2095.3,2098.2,465.3723
2026-05-24 15:15:00+00:00,2098.2,2098.9,2093.7,2096.2,1369.5568
2026-05-24 15:30:00+00:00,2096.1,2098.0,2093.2,2094.9,4636.8419
2026-05-24 15:45:00+00:00,2094.9,2096.7,2093.1,2094.6,1248.135
2026-05-24 16:00:00+00:00,2094.6,2102.5,2094.0,2102.3,2774.7685
2026-05-24 16:15:00+00:00,2102.3,2108.0,2099.6,2101.5,5914.5062
2026-05-24 16:30:00+00:00,2101.6,2101.6,2094.9,2097.1,2295.4898
2026-05-24 16:45:00+00:00,2097.0,2104.2,2096.6,2102.7,2797.2064
2026-05-24 17:00:00+00:00,2102.8,2104.9,2101.6,2102.5,1515.9885
2026-05-24 17:15:00+00:00,2102.5,2103.5,2100.7,2101.2,804.5354
2026-05-24 17:30:00+00:00,2101.1,2105.2,2100.5,2104.6,2431.7412
2026-05-24 17:45:00+00:00,2104.7,2105.7,2102.0,2102.0,833.1773
2026-05-24 18:00:00+00:00,2102.0,2103.8,2101.4,2102.4,1207.9496
2026-05-24 18:15:00+00:00,2102.4,2103.9,2099.5,2099.5,1349.719
2026-05-24 18:30:00+00:00,2099.6,2101.0,2096.9,2098.4,1525.7208
2026-05-24 18:45:00+00:00,2098.4,2099.6,2096.8,2098.8,389.0226
2026-05-24 19:00:00+00:00,2098.9,2101.5,2097.6,2097.6,465.9887
2026-05-24 19:15:00+00:00,2097.7,2099.3,2095.4,2096.0,1246.0613
2026-05-24 19:30:00+00:00,2096.1,2098.0,2095.2,2097.1,475.55
2026-05-24 19:45:00+00:00,2097.1,2100.9,2096.7,2099.7,500.0162
2026-05-24 20:00:00+00:00,2099.7,2101.0,2093.0,2094.3,4091.3676
2026-05-24 20:15:00+00:00,2094.2,2095.9,2091.5,2093.7,1623.28
2026-05-24 20:30:00+00:00,2093.7,2095.4,2092.3,2094.0,541.3975
2026-05-24 20:45:00+00:00,2094.0,2095.7,2090.8,2092.0,1076.7309
2026-05-24 21:00:00+00:00,2092.0,2097.8,2091.7,2097.8,497.4674
2026-05-24 21:15:00+00:00,2097.8,2097.8,2086.0,2087.8,1499.0619
2026-05-24 21:30:00+00:00,2087.8,2089.5,2066.4,2068.2,15749.0897
2026-05-24 21:45:00+00:00,2068.3,2073.9,2061.4,2069.5,8924.433
2026-05-24 22:00:00+00:00,2069.5,2098.8,2069.5,2097.0,15327.234
2026-05-24 22:15:00+00:00,2097.0,2098.0,2092.1,2094.8,4484.8581
2026-05-24 22:30:00+00:00,2094.9,2098.7,2085.2,2090.0,17691.0124
2026-05-24 22:45:00+00:00,2090.0,2097.1,2089.8,2091.0,1821.5797
2026-05-24 23:00:00+00:00,2091.1,2095.9,2091.0,2093.9,3233.73
2026-05-24 23:15:00+00:00,2094.1,2095.7,2090.5,2091.9,1342.4177
2026-05-24 23:30:00+00:00,2091.9,2105.8,2091.8,2105.1,2565.0388
2026-05-24 23:45:00+00:00,2105.1,2105.1,2098.5,2098.6,1814.5006
2026-05-25 00:00:00+00:00,2098.6,2106.7,2098.6,2104.1,2613.7228
2026-05-25 00:15:00+00:00,2104.2,2106.3,2102.4,2105.2,680.2709
2026-05-25 00:30:00+00:00,2105.3,2108.0,2103.1,2103.9,799.1381
2026-05-25 00:45:00+00:00,2104.0,2107.9,2102.0,2103.9,698.8651
2026-05-25 01:00:00+00:00,2104.0,2105.6,2101.7,2105.3,1448.4144
2026-05-25 01:15:00+00:00,2105.3,2106.8,2103.6,2105.0,362.0187
2026-05-25 01:30:00+00:00,2105.1,2105.7,2101.1,2101.4,623.2422
2026-05-25 01:45:00+00:00,2101.5,2102.8,2091.8,2092.8,7262.575
2026-05-25 02:00:00+00:00,2092.8,2112.3,2092.8,2106.8,10119.9649
2026-05-25 02:15:00+00:00,2106.8,2106.8,2095.3,2099.0,11700.4282
2026-05-25 02:30:00+00:00,2099.1,2100.5,2095.0,2097.8,7263.9465
2026-05-25 02:45:00+00:00,2097.8,2098.5,2095.8,2096.9,951.0177
2026-05-25 03:00:00+00:00,2097.0,2098.5,2093.5,2094.7,2271.0132
2026-05-25 03:15:00+00:00,2094.8,2096.2,2093.2,2094.3,5625.3446
2026-05-25 03:30:00+00:00,2094.3,2096.1,2091.0,2095.5,1519.563
2026-05-25 03:45:00+00:00,2095.6,2095.8,2092.2,2094.0,3318.0806
2026-05-25 04:00:00+00:00,2094.1,2095.8,2092.0,2092.8,1122.3171
2026-05-25 04:15:00+00:00,2092.9,2097.2,2090.9,2097.2,3482.1556
2026-05-25 04:30:00+00:00,2097.2,2101.7,2096.3,2101.7,1366.65
2026-05-25 04:45:00+00:00,2101.6,2106.9,2100.9,2104.8,2285.9771
2026-05-25 05:00:00+00:00,2104.7,2109.9,2103.0,2108.8,4842.1676
2026-05-25 05:15:00+00:00,2108.8,2110.6,2107.1,2107.9,3335.3086
2026-05-25 05:30:00+00:00,2108.0,2109.7,2106.8,2109.4,1403.4138
2026-05-25 05:45:00+00:00,2109.3,2109.4,2106.4,2106.8,3901.1704
2026-05-25 06:00:00+00:00,2106.7,2109.8,2101.5,2102.0,5972.3176
2026-05-25 06:15:00+00:00,2102.0,2102.5,2098.0,2100.6,7580.4226
2026-05-25 06:30:00+00:00,2100.6,2106.9,2100.4,2105.8,2304.0755
2026-05-25 06:45:00+00:00,2105.8,2108.8,2105.3,2108.0,3482.6033
2026-05-25 07:00:00+00:00,2108.1,2116.6,2108.0,2110.8,3033.9124
2026-05-25 07:15:00+00:00,2110.8,2113.2,2105.5,2106.8,1253.8067
2026-05-25 07:30:00+00:00,2106.7,2110.2,2105.8,2109.1,2272.114
2026-05-25 07:45:00+00:00,2109.2,2115.2,2108.9,2115.0,2148.4126
2026-05-25 08:00:00+00:00,2115.0,2115.0,2110.9,2111.3,859.2766
2026-05-25 08:15:00+00:00,2111.4,2112.3,2110.7,2111.2,617.6875
2026-05-25 08:30:00+00:00,2111.3,2114.5,2111.2,2114.2,322.7107
2026-05-25 08:45:00+00:00,2114.3,2116.8,2112.9,2115.7,960.7539
2026-05-25 09:00:00+00:00,2115.8,2120.6,2115.1,2117.6,1567.421
2026-05-25 09:15:00+00:00,2117.6,2118.5,2116.4,2118.5,1064.9744
2026-05-25 09:30:00+00:00,2118.5,2123.2,2117.1,2117.6,1667.4153
2026-05-25 09:45:00+00:00,2117.6,2119.7,2115.7,2115.7,577.3795
2026-05-25 10:00:00+00:00,2115.8,2117.9,2114.5,2117.8,810.5598
2026-05-25 10:15:00+00:00,2117.8,2119.9,2114.5,2116.2,1192.2238
2026-05-25 10:30:00+00:00,2116.2,2116.9,2114.9,2115.2,418.1582
2026-05-25 10:45:00+00:00,2115.2,2116.7,2113.8,2116.1,3025.3538
2026-05-25 11:00:00+00:00,2116.1,2116.2,2113.7,2115.1,1003.6243
2026-05-25 11:15:00+00:00,2115.1,2115.3,2113.8,2114.7,265.2973
2026-05-25 11:30:00+00:00,2114.8,2119.2,2114.7,2117.7,734.0641
2026-05-25 11:45:00+00:00,2117.7,2119.0,2113.3,2113.9,1075.2553
2026-05-25 12:00:00+00:00,2114.0,2114.0,2111.4,2113.9,598.3993
2026-05-25 12:15:00+00:00,2113.9,2117.5,2113.0,2117.0,3499.6434
2026-05-25 12:30:00+00:00,2117.0,2117.7,2115.3,2116.3,647.5961
2026-05-25 12:45:00+00:00,2116.3,2118.7,2113.8,2116.4,969.9915
2026-05-25 13:00:00+00:00,2116.4,2118.7,2113.8,2114.8,1527.6991
2026-05-25 13:15:00+00:00,2115.0,2116.0,2113.4,2114.0,807.3517
2026-05-25 13:30:00+00:00,2114.1,2115.7,2114.0,2115.2,614.08
2026-05-25 13:45:00+00:00,2115.7,2115.9,2113.9,2115.5,340.6049
2026-05-25 14:00:00+00:00,2115.4,2121.8,2114.6,2118.9,2022.3235
2026-05-25 14:15:00+00:00,2118.9,2126.9,2117.8,2126.9,9165.6009
2026-05-25 14:30:00+00:00,2126.7,2126.8,2121.9,2123.7,1593.419
2026-05-25 14:45:00+00:00,2123.6,2129.3,2123.6,2127.7,2319.8538
2026-05-25 15:00:00+00:00,2127.6,2136.8,2127.0,2129.5,15855.7798
2026-05-25 15:15:00+00:00,2129.6,2131.2,2124.4,2124.5,5450.6707
2026-05-25 15:30:00+00:00,2124.4,2126.7,2122.0,2124.7,3845.9483
2026-05-25 15:45:00+00:00,2124.7,2127.3,2122.3,2126.1,2908.944
2026-05-25 16:00:00+00:00,2126.2,2127.0,2124.1,2124.2,954.4726
2026-05-25 16:15:00+00:00,2124.2,2127.6,2124.2,2126.7,1651.4036
2026-05-25 16:30:00+00:00,2126.6,2129.5,2126.0,2129.3,318.8392
2026-05-25 16:45:00+00:00,2129.4,2141.0,2128.5,2135.6,5184.7242
2026-05-25 17:00:00+00:00,2135.7,2139.8,2133.8,2133.8,1563.9381
2026-05-25 17:15:00+00:00,2133.9,2134.6,2130.7,2134.5,775.5556
2026-05-25 17:30:00+00:00,2134.6,2135.3,2130.7,2131.6,687.4631
2026-05-25 17:45:00+00:00,2131.6,2131.6,2127.4,2127.9,1171.0511
2026-05-25 18:00:00+00:00,2127.8,2133.0,2127.6,2131.3,1877.4922
2026-05-25 18:15:00+00:00,2131.4,2131.7,2128.9,2130.9,217.0719
2026-05-25 18:30:00+00:00,2131.0,2131.1,2127.0,2127.8,187.8242
2026-05-25 18:45:00+00:00,2127.8,2128.1,2125.9,2126.1,1679.3997
2026-05-25 19:00:00+00:00,2126.1,2126.1,2121.7,2124.5,3099.9453
2026-05-25 19:15:00+00:00,2124.5,2125.0,2122.7,2124.6,427.6091
2026-05-25 19:30:00+00:00,2124.6,2124.9,2115.1,2118.9,7227.5754
2026-05-25 19:45:00+00:00,2119.0,2120.8,2118.9,2120.7,916.9596
2026-05-25 20:00:00+00:00,2120.5,2122.2,2119.5,2120.6,692.5461
2026-05-25 20:15:00+00:00,2120.6,2121.4,2117.9,2118.2,1429.2011
2026-05-25 20:30:00+00:00,2117.9,2118.7,2109.5,2111.3,7683.1456
2026-05-25 20:45:00+00:00,2111.4,2114.9,2106.5,2107.3,2923.1621
2026-05-25 21:00:00+00:00,2107.5,2112.0,2106.8,2110.3,1680.0834
2026-05-25 21:15:00+00:00,2110.1,2111.1,2107.6,2111.1,704.3931
2026-05-25 21:30:00+00:00,2111.1,2111.7,2107.8,2108.1,806.5282
2026-05-25 21:45:00+00:00,2108.2,2110.6,2107.5,2109.8,626.2526
2026-05-25 22:00:00+00:00,2109.8,2114.4,2107.0,2112.7,1353.9603
2026-05-25 22:15:00+00:00,2112.4,2114.2,2108.5,2109.7,4214.2862
2026-05-25 22:30:00+00:00,2109.3,2109.3,2101.4,2105.6,3474.8529
2026-05-25 22:45:00+00:00,2105.6,2107.9,2102.5,2102.5,4331.2936
2026-05-25 23:00:00+00:00,2102.5,2108.2,2101.0,2107.6,3235.5645
2026-05-25 23:15:00+00:00,2107.6,2109.0,2106.7,2107.5,545.9925
2026-05-25 23:30:00+00:00,2107.1,2111.9,2107.0,2110.4,6721.0106
2026-05-25 23:45:00+00:00,2110.5,2113.5,2110.0,2112.4,10793.9243
2026-05-26 00:00:00+00:00,2112.4,2113.2,2109.5,2109.9,1803.3122
2026-05-26 00:15:00+00:00,2109.9,2110.9,2105.5,2105.5,1264.9998
2026-05-26 00:30:00+00:00,2105.5,2107.9,2093.8,2095.0,5429.1306
2026-05-26 00:45:00+00:00,2095.4,2098.9,2084.3,2097.3,39403.0737
2026-05-26 01:00:00+00:00,2097.3,2099.7,2090.0,2098.5,10125.5659
2026-05-26 01:15:00+00:00,2098.4,2099.6,2094.0,2096.5,1455.3574
2026-05-26 01:30:00+00:00,2096.5,2096.5,2087.5,2090.3,3573.9122
2026-05-26 01:45:00+00:00,2090.3,2095.9,2090.1,2093.9,10201.7975
2026-05-26 02:00:00+00:00,2093.9,2095.1,2089.5,2093.2,12491.713
2026-05-26 02:15:00+00:00,2093.1,2093.4,2088.1,2088.5,2776.2293
2026-05-26 02:30:00+00:00,2088.4,2091.7,2086.9,2087.2,1638.7183
2026-05-26 02:45:00+00:00,2087.1,2091.0,2084.1,2088.1,3044.5823
2026-05-26 03:00:00+00:00,2088.3,2089.4,2084.7,2084.8,901.4681
2026-05-26 03:15:00+00:00,2084.8,2087.4,2084.0,2087.4,907.1212
2026-05-26 03:30:00+00:00,2088.0,2093.1,2086.9,2091.4,1523.5862
2026-05-26 03:45:00+00:00,2091.4,2092.8,2090.4,2092.5,464.5191
2026-05-26 04:00:00+00:00,2092.6,2094.3,2089.2,2090.3,903.5187
2026-05-26 04:15:00+00:00,2090.2,2093.9,2088.0,2093.3,799.6972
2026-05-26 04:30:00+00:00,2093.4,2095.0,2092.7,2094.3,2384.8724
2026-05-26 04:45:00+00:00,2094.2,2095.7,2093.0,2093.0,1676.5939
2026-05-26 05:00:00+00:00,2093.0,2095.4,2091.2,2094.3,1219.7183
2026-05-26 05:15:00+00:00,2094.2,2098.6,2094.2,2098.1,849.8484
2026-05-26 05:30:00+00:00,2098.0,2102.9,2097.7,2102.0,963.43
2026-05-26 05:45:00+00:00,2101.9,2101.9,2097.8,2100.1,614.4454
2026-05-26 06:00:00+00:00,2099.8,2100.3,2097.3,2099.3,340.2198
2026-05-26 06:15:00+00:00,2099.2,2099.8,2094.4,2096.4,556.353
2026-05-26 06:30:00+00:00,2096.4,2104.1,2096.2,2102.1,1345.8505
2026-05-26 06:45:00+00:00,2101.7,2102.4,2100.5,2100.8,444.9928
2026-05-26 07:00:00+00:00,2100.9,2101.8,2092.8,2093.3,1020.5773
2026-05-26 07:15:00+00:00,2093.3,2097.2,2090.0,2096.8,3614.6605
2026-05-26 07:30:00+00:00,2096.3,2097.0,2092.5,2094.8,2155.832
2026-05-26 07:45:00+00:00,2094.8,2100.6,2093.0,2094.7,2537.1426
2026-05-26 08:00:00+00:00,2094.8,2098.7,2094.4,2097.7,2309.6118
2026-05-26 08:15:00+00:00,2097.7,2099.4,2096.4,2097.5,1300.2995
2026-05-26 08:30:00+00:00,2097.5,2099.1,2095.7,2098.4,490.4866
2026-05-26 08:45:00+00:00,2098.4,2098.5,2094.9,2096.3,610.8609
2026-05-26 09:00:00+00:00,2096.4,2097.1,2094.5,2095.0,731.6226
2026-05-26 09:15:00+00:00,2094.9,2098.9,2093.4,2097.1,990.2511
2026-05-26 09:30:00+00:00,2097.1,2098.5,2094.8,2096.0,712.2461
2026-05-26 09:45:00+00:00,2095.9,2097.0,2094.5,2095.9,249.1945
2026-05-26 10:00:00+00:00,2096.0,2100.1,2093.5,2099.2,1275.3011
2026-05-26 10:15:00+00:00,2099.2,2122.3,2099.2,2120.6,8883.8651
2026-05-26 10:30:00+00:00,2120.6,2137.1,2120.6,2133.6,19666.7702
2026-05-26 10:45:00+00:00,2133.5,2134.5,2125.9,2126.8,8037.8255
2026-05-26 11:00:00+00:00,2126.8,2129.9,2125.2,2125.2,5593.6245
2026-05-26 11:15:00+00:00,2125.2,2125.2,2117.8,2119.3,6003.9877
2026-05-26 11:30:00+00:00,2119.3,2122.9,2117.7,2120.9,4075.1332
2026-05-26 11:45:00+00:00,2120.9,2122.4,2119.9,2119.9,301.785
2026-05-26 12:00:00+00:00,2119.9,2122.3,2110.5,2116.6,2767.6524
2026-05-26 12:15:00+00:00,2116.7,2118.2,2112.4,2115.5,1108.3443
2026-05-26 12:30:00+00:00,2115.8,2119.9,2114.5,2118.5,1046.7476
2026-05-26 12:45:00+00:00,2118.7,2126.1,2118.2,2125.6,1361.7978
2026-05-26 13:00:00+00:00,2125.6,2125.7,2121.2,2122.5,507.2255
2026-05-26 13:15:00+00:00,2122.4,2122.5,2114.6,2115.2,3146.5341
2026-05-26 13:30:00+00:00,2115.2,2119.6,2108.8,2117.0,4323.4519
2026-05-26 13:45:00+00:00,2117.2,2131.0,2117.2,2124.2,9373.6886
2026-05-26 14:00:00+00:00,2124.4,2130.9,2123.3,2130.9,8687.601
2026-05-26 14:15:00+00:00,2130.9,2140.0,2129.0,2137.7,8387.6896
2026-05-26 14:30:00+00:00,2137.6,2138.5,2105.2,2110.4,25049.5164
2026-05-26 14:45:00+00:00,2110.9,2117.7,2106.0,2108.4,6830.9341
2026-05-26 15:00:00+00:00,2108.3,2111.0,2098.2,2110.0,6751.5833
2026-05-26 15:15:00+00:00,2110.0,2110.7,2095.2,2097.7,5285.5157
2026-05-26 15:30:00+00:00,2097.8,2098.8,2085.6,2091.0,14604.0271
2026-05-26 15:45:00+00:00,2090.7,2090.8,2077.6,2086.4,11381.7832
2026-05-26 16:00:00+00:00,2086.4,2088.6,2073.0,2077.8,8533.393
2026-05-26 16:15:00+00:00,2077.8,2083.9,2076.9,2081.4,5500.1753
2026-05-26 16:30:00+00:00,2081.4,2083.9,2074.9,2079.2,5512.9041
2026-05-26 16:45:00+00:00,2079.2,2081.1,2073.0,2078.4,2782.6406
2026-05-26 17:00:00+00:00,2078.6,2082.9,2076.6,2078.8,2883.4068
2026-05-26 17:15:00+00:00,2078.9,2079.0,2063.4,2063.6,6605.3955
2026-05-26 17:30:00+00:00,2063.6,2066.3,2053.6,2065.2,9781.769
2026-05-26 17:45:00+00:00,2065.2,2073.0,2064.5,2070.0,5278.4752
2026-05-26 18:00:00+00:00,2070.0,2076.6,2067.7,2074.6,4465.1918
2026-05-26 18:15:00+00:00,2074.7,2079.7,2073.8,2074.7,2411.8497
2026-05-26 18:30:00+00:00,2074.7,2075.4,2066.3,2066.6,2247.5968
2026-05-26 18:45:00+00:00,2066.7,2071.1,2065.5,2067.6,4751.4287
2026-05-26 19:00:00+00:00,2067.7,2069.4,2065.7,2066.1,1859.5853
2026-05-26 19:15:00+00:00,2066.1,2070.9,2064.5,2070.1,1582.3831
2026-05-26 19:30:00+00:00,2070.2,2075.4,2070.1,2074.5,1251.2223
2026-05-26 19:45:00+00:00,2074.5,2076.1,2072.7,2073.3,3464.6607
2026-05-26 20:00:00+00:00,2073.3,2076.1,2073.2,2075.3,709.8653
2026-05-26 20:15:00+00:00,2075.2,2077.5,2073.0,2076.8,8578.1917
2026-05-26 20:30:00+00:00,2076.8,2077.7,2072.7,2075.2,1893.964
2026-05-26 20:45:00+00:00,2075.3,2077.7,2075.0,2077.2,2605.8341
2026-05-26 21:00:00+00:00,2077.2,2077.8,2068.2,2070.4,1530.0532
2026-05-26 21:15:00+00:00,2070.4,2074.6,2069.8,2074.4,842.8501
2026-05-26 21:30:00+00:00,2074.4,2077.3,2073.3,2076.1,1129.7029
2026-05-26 21:45:00+00:00,2076.2,2077.3,2070.2,2071.8,1822.8447
2026-05-26 22:00:00+00:00,2072.0,2075.4,2068.5,2070.8,1481.7894
2026-05-26 22:15:00+00:00,2070.7,2071.1,2068.6,2069.1,1374.6877
2026-05-26 22:30:00+00:00,2068.9,2070.6,2066.8,2067.1,2494.6317
2026-05-26 22:45:00+00:00,2067.1,2068.7,2064.8,2067.6,1274.2147
2026-05-26 23:00:00+00:00,2067.7,2073.2,2067.7,2072.5,1353.085
2026-05-26 23:15:00+00:00,2072.5,2073.2,2070.9,2072.6,231.2244
2026-05-26 23:30:00+00:00,2072.6,2075.8,2072.6,2074.9,696.8118
2026-05-26 23:45:00+00:00,2075.1,2075.7,2071.8,2072.6,451.6212
2026-05-27 00:00:00+00:00,2072.7,2079.6,2072.6,2078.0,2222.1871
2026-05-27 00:15:00+00:00,2077.8,2077.8,2073.4,2076.8,496.9559
2026-05-27 00:30:00+00:00,2076.8,2081.4,2075.9,2078.4,656.1529
2026-05-27 00:45:00+00:00,2078.4,2083.1,2078.3,2082.1,1376.9875
2026-05-27 01:00:00+00:00,2082.1,2082.6,2078.8,2080.4,3450.5278
2026-05-27 01:15:00+00:00,2080.3,2080.4,2071.5,2073.5,5464.9839
2026-05-27 01:30:00+00:00,2073.6,2075.2,2070.6,2072.6,1075.7228
2026-05-27 01:45:00+00:00,2072.8,2076.1,2072.4,2073.2,349.0434
2026-05-27 02:00:00+00:00,2073.2,2074.3,2070.2,2073.1,1001.2604
2026-05-27 02:15:00+00:00,2073.1,2073.9,2068.0,2070.3,1154.2804
2026-05-27 02:30:00+00:00,2070.3,2073.6,2068.1,2069.0,1737.578
2026-05-27 02:45:00+00:00,2069.2,2075.0,2069.2,2075.0,676.6778
2026-05-27 03:00:00+00:00,2075.0,2079.0,2074.1,2076.1,1666.8749
2026-05-27 03:15:00+00:00,2076.0,2076.9,2074.1,2075.8,410.9817
2026-05-27 03:30:00+00:00,2075.9,2077.0,2071.8,2072.3,1283.6283
2026-05-27 03:45:00+00:00,2072.3,2072.7,2068.0,2068.6,3432.5516
2026-05-27 04:00:00+00:00,2068.6,2070.0,2067.2,2067.2,1512.689
2026-05-27 04:15:00+00:00,2067.2,2067.6,2062.0,2063.7,2684.9846
2026-05-27 04:30:00+00:00,2063.7,2064.1,2055.0,2062.3,5922.5087
2026-05-27 04:45:00+00:00,2062.4,2072.0,2062.4,2071.1,7593.1618
2026-05-27 05:00:00+00:00,2071.0,2072.7,2071.0,2072.1,1163.3463
2026-05-27 05:15:00+00:00,2072.1,2076.7,2070.5,2075.0,3915.2484
2026-05-27 05:30:00+00:00,2074.9,2076.2,2072.1,2073.2,672.2359
2026-05-27 05:45:00+00:00,2073.2,2078.0,2072.9,2076.2,1204.1289
2026-05-27 06:00:00+00:00,2076.2,2078.5,2074.6,2075.0,2141.5308
2026-05-27 06:15:00+00:00,2075.0,2077.2,2074.0,2077.1,3722.6078
2026-05-27 06:30:00+00:00,2077.1,2080.0,2076.9,2079.6,871.648
2026-05-27 06:45:00+00:00,2079.6,2080.4,2076.9,2078.6,929.2358
2026-05-27 07:00:00+00:00,2078.6,2079.8,2074.9,2076.4,1329.8924
2026-05-27 07:15:00+00:00,2076.4,2079.4,2075.5,2079.2,2658.7429
2026-05-27 07:30:00+00:00,2079.2,2081.8,2077.5,2078.6,3218.8258
2026-05-27 07:45:00+00:00,2078.6,2083.3,2078.6,2082.9,572.534
2026-05-27 08:00:00+00:00,2082.8,2086.7,2082.8,2085.1,3734.004
2026-05-27 08:15:00+00:00,2085.1,2095.8,2082.9,2093.1,2889.79
2026-05-27 08:30:00+00:00,2093.1,2093.6,2090.5,2091.8,2615.4109
2026-05-27 08:45:00+00:00,2091.9,2092.0,2083.0,2084.0,2410.5983
2026-05-27 09:00:00+00:00,2084.0,2084.5,2078.2,2079.6,1605.216
2026-05-27 09:15:00+00:00,2079.6,2083.2,2077.3,2080.5,1328.1111
2026-05-27 09:30:00+00:00,2080.5,2087.0,2079.9,2085.5,1307.5547
2026-05-27 09:45:00+00:00,2085.5,2086.0,2081.4,2082.5,2178.8049
2026-05-27 10:00:00+00:00,2082.5,2085.6,2080.3,2085.6,1865.5354
2026-05-27 10:15:00+00:00,2085.6,2086.8,2083.9,2085.0,3348.2465
2026-05-27 10:30:00+00:00,2085.0,2085.8,2080.6,2080.7,1879.6194
2026-05-27 10:45:00+00:00,2080.6,2081.3,2078.7,2078.7,3440.4037
2026-05-27 11:00:00+00:00,2078.7,2083.8,2078.5,2081.4,1927.2324
2026-05-27 11:15:00+00:00,2081.4,2084.6,2081.0,2082.6,2540.2019
2026-05-27 11:30:00+00:00,2082.5,2084.3,2078.2,2081.5,3317.2797
2026-05-27 11:45:00+00:00,2081.6,2081.6,2078.9,2079.7,705.4545
2026-05-27 12:00:00+00:00,2079.9,2080.2,2073.6,2075.5,3656.806
2026-05-27 12:15:00+00:00,2075.6,2096.2,2074.6,2083.9,14062.1061
2026-05-27 12:30:00+00:00,2084.2,2087.1,2082.5,2084.1,3311.2837
2026-05-27 12:45:00+00:00,2084.1,2084.2,2077.8,2078.0,2499.8249
2026-05-27 13:00:00+00:00,2077.9,2080.0,2071.0,2074.2,7052.5635
2026-05-27 13:15:00+00:00,2074.2,2075.0,2067.3,2068.0,3282.2808
2026-05-27 13:30:00+00:00,2067.9,2071.1,2051.4,2052.7,23715.2258
2026-05-27 13:45:00+00:00,2052.6,2064.7,2052.6,2063.8,7198.0827
2026-05-27 14:00:00+00:00,2063.9,2071.3,2060.2,2061.3,5952.7338
2026-05-27 14:15:00+00:00,2061.3,2067.0,2054.1,2056.6,4567.1318
2026-05-27 14:30:00+00:00,2056.4,2062.4,2054.2,2059.1,3900.4954
2026-05-27 14:45:00+00:00,2059.2,2063.4,2058.8,2061.9,3916.594
2026-05-27 15:00:00+00:00,2061.8,2068.1,2060.6,2066.2,2267.9054
2026-05-27 15:15:00+00:00,2066.1,2076.0,2066.1,2072.5,10188.8078
2026-05-27 15:30:00+00:00,2072.6,2078.8,2068.2,2069.7,3677.5125
2026-05-27 15:45:00+00:00,2069.7,2076.1,2067.5,2070.9,1443.8946
2026-05-27 16:00:00+00:00,2071.1,2073.8,2067.2,2070.4,1044.9889
2026-05-27 16:15:00+00:00,2070.5,2070.5,2061.5,2064.8,2626.527
2026-05-27 16:30:00+00:00,2064.8,2066.4,2059.5,2064.8,3049.9592
2026-05-27 16:45:00+00:00,2064.8,2070.7,2064.0,2069.7,4204.3304
2026-05-27 17:00:00+00:00,2069.8,2069.8,2054.7,2056.3,2542.1882
2026-05-27 17:15:00+00:00,2056.2,2061.4,2053.9,2058.2,2000.0939
2026-05-27 17:30:00+00:00,2058.1,2059.0,2051.3,2053.7,5433.9032
2026-05-27 17:45:00+00:00,2053.7,2057.3,2044.2,2051.2,6006.281
2026-05-27 18:00:00+00:00,2051.2,2053.1,2042.6,2045.3,11675.1875
2026-05-27 18:15:00+00:00,2045.3,2052.0,2043.8,2051.3,4913.2417
2026-05-27 18:30:00+00:00,2051.3,2054.6,2049.3,2053.7,2300.8402
2026-05-27 18:45:00+00:00,2053.7,2055.9,2052.8,2055.6,1793.6852
2026-05-27 19:00:00+00:00,2055.7,2057.5,2053.9,2057.0,1544.666
2026-05-27 19:15:00+00:00,2057.0,2058.9,2054.5,2057.0,1626.7691
2026-05-27 19:30:00+00:00,2057.0,2060.5,2055.4,2056.1,1623.2366
2026-05-27 19:45:00+00:00,2056.3,2057.5,2053.7,2056.7,1694.9851
2026-05-27 20:00:00+00:00,2056.7,2063.5,2056.4,2062.6,6590.4086
2026-05-27 20:15:00+00:00,2062.6,2065.2,2058.7,2060.0,3600.598
2026-05-27 20:30:00+00:00,2059.8,2061.5,2057.7,2061.5,2364.0795
2026-05-27 20:45:00+00:00,2061.5,2063.3,2061.3,2062.5,522.1534
2026-05-27 21:00:00+00:00,2062.4,2062.5,2057.7,2058.3,5997.3935
2026-05-27 21:15:00+00:00,2058.4,2059.5,2055.3,2055.3,1124.4005
2026-05-27 21:30:00+00:00,2055.2,2055.3,2023.5,2031.9,17990.818
2026-05-27 21:45:00+00:00,2031.9,2033.5,2015.2,2020.2,23431.7689
2026-05-27 22:00:00+00:00,2020.3,2034.3,2015.7,2023.8,26187.1275
2026-05-27 22:15:00+00:00,2023.9,2029.5,2018.9,2028.5,9827.7965
2026-05-27 22:30:00+00:00,2028.1,2032.1,2024.5,2029.2,4284.3947
2026-05-27 22:45:00+00:00,2029.2,2030.2,2024.1,2024.3,2025.5713
2026-05-27 23:00:00+00:00,2024.3,2026.3,2022.2,2026.0,3528.525
2026-05-27 23:15:00+00:00,2025.8,2029.3,2017.1,2018.3,9297.1592
2026-05-27 23:30:00+00:00,2018.3,2022.8,2018.1,2021.8,5887.8522
2026-05-27 23:45:00+00:00,2021.5,2025.2,2019.6,2023.9,4856.7484
2026-05-28 00:00:00+00:00,2023.8,2025.7,2020.5,2020.7,4590.8487
2026-05-28 00:15:00+00:00,2020.8,2026.9,2019.7,2023.6,2055.7963
2026-05-28 00:30:00+00:00,2023.8,2026.8,2022.8,2026.7,2270.2832
2026-05-28 00:45:00+00:00,2026.7,2028.4,2023.3,2027.5,2308.956
2026-05-28 01:00:00+00:00,2027.5,2028.4,2023.7,2025.5,3693.7522
2026-05-28 01:15:00+00:00,2025.7,2026.8,2011.3,2016.2,7115.1559
2026-05-28 01:30:00+00:00,2016.0,2021.6,2013.1,2018.5,3907.3224
2026-05-28 01:45:00+00:00,2018.5,2022.6,2017.5,2019.0,815.3257
2026-05-28 02:00:00+00:00,2019.0,2020.9,2015.2,2020.3,4476.1147
2026-05-28 02:15:00+00:00,2020.0,2020.9,2015.0,2016.6,834.4625
2026-05-28 02:30:00+00:00,2016.6,2019.0,2014.4,2016.9,4279.381
2026-05-28 02:45:00+00:00,2016.8,2019.5,2016.0,2016.7,1247.3893
2026-05-28 03:00:00+00:00,2016.6,2020.0,2009.5,2012.9,3977.9272
2026-05-28 03:15:00+00:00,2012.7,2013.5,1970.7,1987.5,50062.4792
2026-05-28 03:30:00+00:00,1987.5,1992.2,1982.3,1983.5,11280.6174
2026-05-28 03:45:00+00:00,1983.5,1988.0,1977.0,1980.5,10778.5516
2026-05-28 04:00:00+00:00,1980.6,1985.3,1966.6,1978.2,16896.3066
2026-05-28 04:15:00+00:00,1978.1,1979.7,1972.8,1979.2,6178.0458
2026-05-28 04:30:00+00:00,1979.3,1984.3,1978.5,1982.1,4288.8174
2026-05-28 04:45:00+00:00,1981.9,1981.9,1978.0,1981.2,2735.4954
2026-05-28 05:00:00+00:00,1981.1,1982.6,1977.9,1978.8,2835.216
2026-05-28 05:15:00+00:00,1978.8,1979.3,1974.7,1974.7,8354.1406
2026-05-28 05:30:00+00:00,1974.7,1979.4,1974.5,1978.9,3608.7454
2026-05-28 05:45:00+00:00,1978.9,1979.9,1974.6,1977.5,2663.0207
2026-05-28 06:00:00+00:00,1977.4,1978.9,1976.5,1977.9,1376.4037
2026-05-28 06:15:00+00:00,1977.9,1979.6,1975.0,1976.8,1077.8239
2026-05-28 06:30:00+00:00,1976.7,1977.1,1971.3,1975.3,6273.0863
2026-05-28 06:45:00+00:00,1975.3,1983.5,1975.2,1983.2,4469.0832
2026-05-28 07:00:00+00:00,1983.3,1986.3,1981.5,1986.2,1969.2795
2026-05-28 07:15:00+00:00,1986.1,1990.6,1986.0,1987.8,2404.0688
2026-05-28 07:30:00+00:00,1987.8,1995.8,1987.8,1994.5,5255.7651
2026-05-28 07:45:00+00:00,1994.5,1994.6,1991.4,1994.2,3645.5007
2026-05-28 08:00:00+00:00,1994.2,1994.6,1989.2,1991.7,1650.7297
2026-05-28 08:15:00+00:00,1991.7,1991.8,1984.8,1985.7,2312.3741
2026-05-28 08:30:00+00:00,1985.7,1989.9,1983.7,1987.9,1855.3181
2026-05-28 08:45:00+00:00,1987.9,1990.4,1986.7,1987.0,1209.4856
2026-05-28 09:00:00+00:00,1987.0,1990.0,1983.8,1986.5,1110.0862
2026-05-28 09:15:00+00:00,1986.6,1990.1,1986.5,1990.0,670.3213
2026-05-28 09:30:00+00:00,1990.0,1992.6,1988.5,1992.4,2120.5193
2026-05-28 09:45:00+00:00,1992.5,1994.4,1992.0,1992.7,1062.7725
2026-05-28 10:00:00+00:00,1992.7,1997.1,1992.7,1994.5,1024.4448
2026-05-28 10:15:00+00:00,1994.5,1995.3,1989.0,1991.6,1957.6912
2026-05-28 10:30:00+00:00,1991.6,1994.1,1991.0,1992.8,365.7114
2026-05-28 10:45:00+00:00,1992.9,1993.9,1988.1,1989.0,4099.9368
2026-05-28 11:00:00+00:00,1989.1,1991.7,1987.1,1989.9,1963.7232
2026-05-28 11:15:00+00:00,1989.9,1990.9,1985.9,1986.7,1488.946
2026-05-28 11:30:00+00:00,1986.7,1989.8,1985.5,1989.7,544.234
2026-05-28 11:45:00+00:00,1989.8,1989.9,1986.5,1988.7,1378.5888
2026-05-28 12:00:00+00:00,1988.7,1989.7,1985.4,1985.7,2545.1876
2026-05-28 12:15:00+00:00,1985.6,1986.5,1980.5,1984.7,1947.8705
2026-05-28 12:30:00+00:00,1985.0,1992.3,1985.0,1990.0,1754.6506
2026-05-28 12:45:00+00:00,1989.9,1993.5,1989.8,1991.2,4647.9295
2026-05-28 13:00:00+00:00,1991.3,1994.2,1985.7,1985.9,2785.7016
2026-05-28 13:15:00+00:00,1986.0,1987.7,1978.9,1985.9,6310.95
2026-05-28 13:30:00+00:00,1985.9,1986.1,1974.5,1975.2,8712.2646
2026-05-28 13:45:00+00:00,1975.3,1984.3,1975.3,1980.6,6197.5518
2026-05-28 14:00:00+00:00,1980.8,1994.1,1966.7,1993.0,38215.0566
2026-05-28 14:15:00+00:00,1992.9,2005.5,1986.1,1989.1,19338.3055
2026-05-28 14:30:00+00:00,1989.0,1992.1,1980.4,1983.5,9186.4861
2026-05-28 14:45:00+00:00,1983.7,1993.1,1981.5,1992.7,9421.4862
2026-05-28 15:00:00+00:00,1992.8,1998.3,1988.1,1988.3,3514.642
2026-05-28 15:15:00+00:00,1988.4,1992.0,1982.7,1992.0,2760.9547
2026-05-28 15:30:00+00:00,1992.0,1992.2,1986.6,1991.7,2573.6458
2026-05-28 15:45:00+00:00,1991.7,1995.3,1988.3,1989.7,2348.4058
2026-05-28 16:00:00+00:00,1989.7,1997.1,1984.2,1995.0,3488.8107
2026-05-28 16:15:00+00:00,1995.1,2004.4,1993.1,1998.0,18373.9442
2026-05-28 16:30:00+00:00,1998.0,2006.5,1998.0,2006.5,7022.8638
2026-05-28 16:45:00+00:00,2006.5,2014.0,2005.4,2012.7,10812.896
2026-05-28 17:00:00+00:00,2012.8,2015.5,2008.9,2014.5,11438.0683
2026-05-28 17:15:00+00:00,2014.8,2016.3,2011.5,2014.0,5500.8497
2026-05-28 17:30:00+00:00,2014.1,2021.4,2013.5,2017.7,6666.7995
2026-05-28 17:45:00+00:00,2017.8,2026.6,2017.7,2018.9,11783.4134
2026-05-28 18:00:00+00:00,2018.9,2027.0,2017.5,2023.8,9342.5057
2026-05-28 18:15:00+00:00,2023.8,2025.8,2019.5,2021.3,2473.7887
2026-05-28 18:30:00+00:00,2021.4,2024.5,2021.3,2023.2,2262.7602
2026-05-28 18:45:00+00:00,2023.2,2029.3,2022.8,2024.5,4424.8287
2026-05-28 19:00:00+00:00,2024.5,2024.8,2017.6,2019.7,2315.2077
2026-05-28 19:15:00+00:00,2019.6,2023.1,2017.7,2022.9,4011.4406
2026-05-28 19:30:00+00:00,2023.0,2023.9,2017.8,2018.1,911.7628
2026-05-28 19:45:00+00:00,2018.2,2020.1,2013.3,2013.4,10635.6209
2026-05-28 20:00:00+00:00,2013.4,2015.8,2005.9,2012.7,8908.2452
2026-05-28 20:15:00+00:00,2012.7,2019.7,2012.0,2019.2,6847.9139
2026-05-28 20:30:00+00:00,2019.3,2019.7,2015.7,2018.8,8659.6506
2026-05-28 20:45:00+00:00,2018.5,2018.6,2013.1,2013.6,807.4005
2026-05-28 21:00:00+00:00,2013.7,2021.2,2012.9,2020.0,3272.247
2026-05-28 21:15:00+00:00,2020.0,2023.0,2019.3,2020.7,1105.1642
2026-05-28 21:30:00+00:00,2020.7,2024.1,2020.3,2023.4,1216.4607
2026-05-28 21:45:00+00:00,2023.1,2023.4,2019.6,2019.6,1231.5885
2026-05-28 22:00:00+00:00,2019.6,2022.4,2014.8,2015.9,1017.3448
2026-05-28 22:15:00+00:00,2015.8,2015.8,2011.1,2011.1,3254.6217
2026-05-28 22:30:00+00:00,2011.1,2011.5,2004.3,2005.4,5958.0137
2026-05-28 22:45:00+00:00,2005.4,2009.8,2005.0,2005.0,688.7493
2026-05-28 23:00:00+00:00,2004.9,2008.1,2004.9,2007.9,656.8314
2026-05-28 23:15:00+00:00,2007.9,2010.7,2006.0,2010.0,395.2753
2026-05-28 23:30:00+00:00,2010.0,2011.5,2006.7,2008.3,595.8334
2026-05-28 23:45:00+00:00,2008.3,2010.1,2005.8,2009.2,615.6073
2026-05-29 00:00:00+00:00,2009.2,2016.5,2009.2,2014.7,16163.6
2026-05-29 00:15:00+00:00,2014.7,2016.6,2012.4,2014.3,1931.1268
2026-05-29 00:30:00+00:00,2014.4,2016.9,2012.8,2016.5,1162.9232
2026-05-29 00:45:00+00:00,2016.4,2016.4,2011.0,2012.1,656.0921
2026-05-29 01:00:00+00:00,2012.1,2016.0,2012.1,2013.0,939.6714
2026-05-29 01:15:00+00:00,2012.9,2014.4,2006.9,2007.4,2511.8044
2026-05-29 01:30:00+00:00,2007.4,2008.6,2005.5,2008.0,1019.105
2026-05-29 01:45:00+00:00,2008.0,2010.6,2005.6,2007.7,691.6717
2026-05-29 02:00:00+00:00,2007.7,2010.1,2006.6,2009.1,669.6845
2026-05-29 02:15:00+00:00,2009.1,2009.7,2000.7,2001.3,1565.054
2026-05-29 02:30:00+00:00,2001.3,2005.7,1999.3,2000.0,2025.8943
2026-05-29 02:45:00+00:00,2000.0,2002.2,1997.0,1998.8,4463.2533
2026-05-29 03:00:00+00:00,1998.8,2007.2,1998.8,2006.6,1453.6597
2026-05-29 03:15:00+00:00,2006.6,2006.6,2003.3,2004.2,1267.3406
2026-05-29 03:30:00+00:00,2004.2,2004.7,2001.4,2002.8,574.8104
2026-05-29 03:45:00+00:00,2002.8,2003.9,2000.5,2002.3,331.3577
2026-05-29 04:00:00+00:00,2002.3,2004.6,1997.7,2000.0,5890.603
2026-05-29 04:15:00+00:00,2000.0,2004.3,1999.0,2004.0,2032.7271
2026-05-29 04:30:00+00:00,2004.0,2006.5,2003.8,2005.4,677.4642
2026-05-29 04:45:00+00:00,2005.6,2008.1,2005.6,2008.0,457.804
2026-05-29 05:00:00+00:00,2008.0,2014.9,2007.5,2012.2,2267.2528
2026-05-29 05:15:00+00:00,2012.2,2013.0,2009.8,2010.9,386.8075
2026-05-29 05:30:00+00:00,2010.9,2011.0,2008.0,2009.0,527.4596
2026-05-29 05:45:00+00:00,2009.0,2014.6,2008.8,2014.1,6894.8004
2026-05-29 06:00:00+00:00,2014.1,2015.3,2011.9,2015.1,6968.8464
2026-05-29 06:15:00+00:00,2015.0,2021.1,2014.7,2015.0,4427.1869
2026-05-29 06:30:00+00:00,2015.0,2016.1,2013.3,2014.3,581.2471
2026-05-29 06:45:00+00:00,2014.3,2018.5,2014.1,2017.7,448.9573
2026-05-29 07:00:00+00:00,2017.7,2019.4,2016.7,2018.8,1553.5657
2026-05-29 07:15:00+00:00,2018.8,2019.0,2014.8,2015.5,1393.8661
2026-05-29 07:30:00+00:00,2015.5,2015.6,2003.6,2003.8,4200.9716
2026-05-29 07:45:00+00:00,2003.6,2007.1,2003.0,2007.1,2885.7502
2026-05-29 08:00:00+00:00,2007.2,2011.2,2006.4,2007.5,2557.6961
2026-05-29 08:15:00+00:00,2007.5,2012.9,2006.7,2009.6,2012.7086
2026-05-29 08:30:00+00:00,2009.4,2010.3,2007.9,2009.0,264.0797
2026-05-29 08:45:00+00:00,2009.1,2009.3,2004.8,2005.6,452.205
2026-05-29 09:00:00+00:00,2005.7,2012.7,2005.5,2012.5,528.8304
2026-05-29 09:15:00+00:00,2012.6,2015.3,2012.5,2015.2,989.5465
2026-05-29 09:30:00+00:00,2015.2,2015.7,2010.7,2012.4,509.3548
2026-05-29 09:45:00+00:00,2012.3,2014.5,2011.1,2014.2,3431.7242
2026-05-29 10:00:00+00:00,2014.2,2014.4,2012.6,2013.2,1225.6195
2026-05-29 10:15:00+00:00,2013.2,2013.2,2010.8,2011.3,483.2099
2026-05-29 10:30:00+00:00,2011.3,2013.6,2009.3,2010.3,688.88
2026-05-29 10:45:00+00:00,2010.2,2012.2,2009.8,2010.7,257.3942
2026-05-29 11:00:00+00:00,2010.7,2012.8,2009.0,2011.5,360.5242
2026-05-29 11:15:00+00:00,2011.6,2013.8,2009.0,2009.5,875.218
2026-05-29 11:30:00+00:00,2009.5,2010.0,2005.6,2006.8,1100.1127
2026-05-29 11:45:00+00:00,2006.7,2007.6,2001.6,2006.8,8135.6453
2026-05-29 12:00:00+00:00,2006.7,2006.8,1999.3,2000.8,3155.159
2026-05-29 12:15:00+00:00,2000.8,2003.6,1998.7,2000.7,2407.6506
2026-05-29 12:30:00+00:00,2000.8,2002.5,1993.8,1997.9,3749.3314
2026-05-29 12:45:00+00:00,1997.9,2001.7,1994.4,1999.1,2644.2503
2026-05-29 13:00:00+00:00,1999.0,1999.0,1993.5,1995.5,3307.0935
2026-05-29 13:15:00+00:00,1995.7,1996.4,1993.0,1995.9,2037.2856
2026-05-29 13:30:00+00:00,1995.7,2002.1,1986.6,2002.1,12870.101
2026-05-29 13:45:00+00:00,2002.2,2005.9,1996.4,1998.7,2911.6351
2026-05-29 14:00:00+00:00,1998.6,2001.2,1991.2,1994.7,2116.1814
2026-05-29 14:15:00+00:00,1994.5,1996.1,1976.1,1986.4,14544.1114
2026-05-29 14:30:00+00:00,1986.4,1993.0,1982.5,1984.9,6836.2247
2026-05-29 14:45:00+00:00,1984.6,2003.6,1983.7,2000.9,9810.3012
2026-05-29 15:00:00+00:00,2000.9,2021.8,1998.6,2019.7,37557.2974
2026-05-29 15:15:00+00:00,2019.7,2026.5,2012.3,2025.3,30025.9536
2026-05-29 15:30:00+00:00,2025.1,2046.7,2024.9,2030.6,77006.39
2026-05-29 15:45:00+00:00,2030.6,2033.7,2026.3,2031.0,3515.4911
2026-05-29 16:00:00+00:00,2031.1,2040.0,2030.5,2036.3,3507.5223
2026-05-29 16:15:00+00:00,2036.4,2037.1,2021.7,2024.6,4459.9474
2026-05-29 16:30:00+00:00,2024.6,2042.8,2024.3,2042.0,32135.2531
2026-05-29 16:45:00+00:00,2041.9,2043.0,2035.5,2040.2,5319.1204
2026-05-29 17:00:00+00:00,2040.3,2043.5,2033.7,2042.2,3708.8784
2026-05-29 17:15:00+00:00,2042.1,2043.9,2037.4,2039.2,9011.3555
2026-05-29 17:30:00+00:00,2039.2,2041.0,2037.5,2037.9,1233.329
2026-05-29 17:45:00+00:00,2037.9,2037.9,2025.2,2027.5,28910.8379
2026-05-29 18:00:00+00:00,2027.5,2030.9,2025.4,2029.1,2285.2679
2026-05-29 18:15:00+00:00,2029.2,2029.5,2022.1,2023.4,5007.7121
2026-05-29 18:30:00+00:00,2023.5,2026.6,2021.9,2024.7,7022.9328
2026-05-29 18:45:00+00:00,2024.6,2024.7,2005.7,2010.5,15038.1331
2026-05-29 19:00:00+00:00,2010.6,2015.9,2008.5,2012.2,2541.7556
2026-05-29 19:15:00+00:00,2012.1,2012.6,2003.2,2009.9,15104.9524
2026-05-29 19:30:00+00:00,2010.0,2021.3,2010.0,2020.1,2451.9612
2026-05-29 19:45:00+00:00,2020.4,2020.6,2016.2,2016.2,2364.5029
2026-05-29 20:00:00+00:00,2016.2,2020.0,2014.4,2018.2,1127.1067
2026-05-29 20:15:00+00:00,2018.0,2023.2,2016.6,2020.4,1343.4713
2026-05-29 20:30:00+00:00,2020.3,2022.0,2018.7,2019.9,266.687
2026-05-29 20:45:00+00:00,2020.2,2021.0,2015.3,2017.2,985.5115
2026-05-29 21:00:00+00:00,2017.3,2023.2,2016.5,2021.0,782.9449
2026-05-29 21:15:00+00:00,2021.0,2021.0,2010.5,2011.5,5073.7941
2026-05-29 21:30:00+00:00,2011.4,2014.7,2009.6,2014.4,1043.9613
2026-05-29 21:45:00+00:00,2014.4,2015.4,2007.1,2008.5,2005.0326
2026-05-29 22:00:00+00:00,2008.7,2010.4,2006.9,2008.9,1182.3135
2026-05-29 22:15:00+00:00,2008.9,2016.6,2008.6,2013.8,3098.687
2026-05-29 22:30:00+00:00,2014.0,2015.6,2011.5,2013.3,1349.2241
2026-05-29 22:45:00+00:00,2013.4,2014.8,2010.3,2012.8,457.2066
2026-05-29 23:00:00+00:00,2012.9,2013.7,2009.2,2009.9,605.4238
2026-05-29 23:15:00+00:00,2009.9,2011.8,2007.0,2008.2,1094.4463
2026-05-29 23:30:00+00:00,2008.3,2011.7,2006.3,2011.6,849.1038
2026-05-29 23:45:00+00:00,2011.6,2014.8,2010.6,2013.7,1159.1521
2026-05-30 00:00:00+00:00,2013.7,2015.4,2011.6,2013.6,719.0921
2026-05-30 00:15:00+00:00,2013.6,2015.4,2012.0,2012.1,387.8247
2026-05-30 00:30:00+00:00,2012.0,2014.0,2010.0,2013.0,285.3239
2026-05-30 00:45:00+00:00,2013.0,2015.3,2012.8,2013.9,1046.9696
2026-05-30 01:00:00+00:00,2013.9,2018.0,2013.0,2017.1,1862.4597
2026-05-30 01:15:00+00:00,2017.0,2020.0,2015.8,2019.8,2532.0493
2026-05-30 01:30:00+00:00,2019.7,2021.1,2016.6,2017.0,2560.4512
2026-05-30 01:45:00+00:00,2016.9,2019.0,2016.8,2018.8,261.1268
2026-05-30 02:00:00+00:00,2018.7,2020.4,2018.7,2019.4,412.0588
2026-05-30 02:15:00+00:00,2019.4,2020.2,2016.4,2017.1,511.3054
2026-05-30 02:30:00+00:00,2017.0,2020.0,2017.0,2019.7,516.5925
2026-05-30 02:45:00+00:00,2019.6,2020.6,2018.7,2020.5,588.0392
2026-05-30 03:00:00+00:00,2020.7,2022.1,2018.1,2021.9,780.5349
2026-05-30 03:15:00+00:00,2021.9,2022.9,2019.8,2019.8,4467.8932
2026-05-30 03:30:00+00:00,2019.7,2019.8,2014.3,2015.0,1369.6909
2026-05-30 03:45:00+00:00,2015.0,2016.7,2014.9,2016.0,526.0166
2026-05-30 04:00:00+00:00,2016.1,2017.9,2008.9,2014.3,13140.3792
2026-05-30 04:15:00+00:00,2014.3,2014.3,2007.0,2008.4,2000.5141
2026-05-30 04:30:00+00:00,2008.3,2008.4,2001.1,2006.2,10581.5588
2026-05-30 04:45:00+00:00,2006.2,2010.1,2005.2,2010.1,3265.6333
2026-05-30 05:00:00+00:00,2010.1,2018.0,2007.2,2013.9,3689.866
2026-05-30 05:15:00+00:00,2013.9,2015.3,2012.4,2012.4,344.7205
2026-05-30 05:30:00+00:00,2012.4,2015.1,2012.3,2014.9,198.9917
2026-05-30 05:45:00+00:00,2014.9,2016.6,2014.6,2015.2,125.4739
2026-05-30 06:00:00+00:00,2015.3,2015.3,2012.0,2013.9,451.7056
2026-05-30 06:15:00+00:00,2013.8,2016.2,2013.1,2016.2,697.2617
2026-05-30 06:30:00+00:00,2016.4,2020.0,2016.4,2018.2,9701.198
2026-05-30 06:45:00+00:00,2018.3,2018.8,2015.4,2016.3,451.9333
2026-05-30 07:00:00+00:00,2016.2,2016.2,2014.0,2015.1,368.2485
2026-05-30 07:15:00+00:00,2015.0,2016.9,2014.2,2016.3,230.6247
2026-05-30 07:30:00+00:00,2016.4,2016.6,2013.0,2013.0,113.2592
2026-05-30 07:45:00+00:00,2013.0,2015.2,2012.8,2015.2,73.1455
2026-05-30 08:00:00+00:00,2015.2,2015.2,2013.4,2013.9,148.212
2026-05-30 08:15:00+00:00,2014.0,2015.2,2012.9,2014.4,595.6498
2026-05-30 08:30:00+00:00,2014.3,2014.8,2013.6,2013.9,955.5849
2026-05-30 08:45:00+00:00,2014.0,2014.3,2013.3,2013.4,444.8567
2026-05-30 09:00:00+00:00,2013.4,2014.6,2013.3,2014.6,1124.688
2026-05-30 09:15:00+00:00,2014.6,2015.6,2013.6,2015.3,1595.8139
2026-05-30 09:30:00+00:00,2015.3,2015.4,2014.3,2014.7,99.6442
2026-05-30 09:45:00+00:00,2014.7,2016.2,2014.7,2015.9,1149.0196
2026-05-30 10:00:00+00:00,2016.0,2017.0,2015.6,2016.5,2598.6966
2026-05-30 10:15:00+00:00,2016.5,2021.5,2016.4,2018.2,2271.8019
2026-05-30 10:30:00+00:00,2018.2,2019.7,2018.1,2019.6,980.5824
2026-05-30 10:45:00+00:00,2019.5,2019.6,2016.5,2017.0,730.4561
2026-05-30 11:00:00+00:00,2017.0,2017.2,2015.8,2016.2,222.3497
2026-05-30 11:15:00+00:00,2015.9,2016.7,2014.4,2015.6,1252.8411
2026-05-30 11:30:00+00:00,2015.7,2018.4,2015.5,2018.0,664.4487
2026-05-30 11:45:00+00:00,2018.0,2018.0,2016.1,2016.6,175.4454
2026-05-30 12:00:00+00:00,2016.5,2017.1,2016.5,2016.6,153.8627
2026-05-30 12:15:00+00:00,2016.5,2018.9,2016.5,2018.2,437.5695
2026-05-30 12:30:00+00:00,2018.2,2018.8,2016.9,2017.2,145.9455
2026-05-30 12:45:00+00:00,2017.2,2019.6,2016.6,2019.3,263.5929
2026-05-30 13:00:00+00:00,2019.3,2020.9,2019.2,2019.6,1287.7781
2026-05-30 13:15:00+00:00,2019.6,2021.8,2018.5,2020.0,297.7061
2026-05-30 13:30:00+00:00,2020.0,2020.0,2016.7,2019.1,575.1648
2026-05-30 13:45:00+00:00,2019.1,2020.1,2018.0,2020.0,764.1804
2026-05-30 14:00:00+00:00,2020.3,2025.6,2019.7,2023.0,8725.4652
2026-05-30 14:15:00+00:00,2022.9,2029.2,2021.5,2027.2,7597.851
2026-05-30 14:30:00+00:00,2027.3,2030.4,2026.5,2028.2,2097.9581
2026-05-30 14:45:00+00:00,2028.1,2028.1,2025.1,2026.3,1743.4024
2026-05-30 15:00:00+00:00,2026.4,2032.7,2024.0,2030.9,17277.6677
2026-05-30 15:15:00+00:00,2030.9,2031.0,2023.7,2026.4,35751.5092
2026-05-30 15:30:00+00:00,2026.4,2027.0,2023.8,2024.3,878.6877
2026-05-30 15:45:00+00:00,2024.3,2027.3,2024.3,2026.1,515.0015
2026-05-30 16:00:00+00:00,2026.2,2027.7,2023.7,2026.8,7066.1087
2026-05-30 16:15:00+00:00,2026.8,2027.0,2024.3,2025.0,247.0554
2026-05-30 16:30:00+00:00,2025.0,2027.7,2024.9,2025.8,453.2479
2026-05-30 16:45:00+00:00,2025.9,2026.6,2024.6,2026.5,656.1227
2026-05-30 17:00:00+00:00,2026.5,2026.7,2023.9,2025.2,3282.8065
2026-05-30 17:15:00+00:00,2025.3,2028.3,2024.7,2025.7,333.2296
2026-05-30 17:30:00+00:00,2025.7,2025.7,2018.4,2023.7,1353.3349
2026-05-30 17:45:00+00:00,2023.6,2027.0,2023.6,2026.3,626.5874
2026-05-30 18:00:00+00:00,2026.4,2027.7,2025.5,2026.2,371.1718
2026-05-30 18:15:00+00:00,2026.2,2028.6,2023.7,2024.2,201.6783
2026-05-30 18:30:00+00:00,2024.3,2028.6,2024.2,2028.6,434.9578
2026-05-30 18:45:00+00:00,2028.6,2029.5,2025.7,2026.8,1016.7761
2026-05-30 19:00:00+00:00,2026.9,2026.9,2025.0,2025.4,239.1197
2026-05-30 19:15:00+00:00,2025.4,2027.1,2024.4,2024.4,1068.5712
2026-05-30 19:30:00+00:00,2024.4,2026.8,2023.9,2026.3,712.0419
2026-05-30 19:45:00+00:00,2026.3,2028.7,2026.3,2027.9,1103.2955
2026-05-30 20:00:00+00:00,2028.1,2028.9,2026.7,2027.9,1285.9534
2026-05-30 20:15:00+00:00,2028.0,2028.8,2027.2,2027.3,467.8176
2026-05-30 20:30:00+00:00,2027.3,2027.3,2025.5,2026.0,1015.19
2026-05-30 20:45:00+00:00,2025.9,2027.3,2025.1,2026.5,379.5708
2026-05-30 21:00:00+00:00,2026.5,2029.6,2026.5,2028.9,1113.5247
2026-05-30 21:15:00+00:00,2029.1,2031.1,2028.6,2030.1,1629.424
2026-05-30 21:30:00+00:00,2030.0,2030.8,2028.1,2029.0,4184.9461
2026-05-30 21:45:00+00:00,2029.0,2030.3,2027.4,2027.7,2324.8654
2026-05-30 22:00:00+00:00,2027.5,2027.5,2020.9,2024.0,1437.6484
2026-05-30 22:15:00+00:00,2024.1,2025.6,2022.5,2023.5,1289.4155
2026-05-30 22:30:00+00:00,2023.7,2023.7,2020.0,2020.0,731.1246
2026-05-30 22:45:00+00:00,2020.0,2022.9,2020.0,2022.5,446.4058
2026-05-30 23:00:00+00:00,2022.5,2025.4,2020.3,2020.5,596.5253
2026-05-30 23:15:00+00:00,2020.5,2022.2,2019.5,2021.3,342.2491
2026-05-30 23:30:00+00:00,2020.9,2021.0,2019.3,2019.7,1325.0037
2026-05-30 23:45:00+00:00,2019.8,2021.6,2019.8,2021.6,248.0481
2026-05-31 00:00:00+00:00,2021.6,2023.0,2019.9,2021.6,573.1777
2026-05-31 00:15:00+00:00,2021.5,2026.9,2021.3,2024.6,720.8867
2026-05-31 00:30:00+00:00,2024.5,2025.6,2023.2,2023.9,369.5984
2026-05-31 00:45:00+00:00,2023.8,2026.6,2022.9,2026.2,1270.7449
2026-05-31 01:00:00+00:00,2026.2,2028.6,2026.2,2028.1,508.5436
2026-05-31 01:15:00+00:00,2028.0,2034.1,2028.0,2029.5,4466.9946
2026-05-31 01:30:00+00:00,2029.5,2032.9,2027.9,2028.4,1811.8007
2026-05-31 01:45:00+00:00,2028.3,2031.0,2027.9,2028.6,951.5519
2026-05-31 02:00:00+00:00,2028.5,2032.5,2028.5,2032.4,129.8173
2026-05-31 02:15:00+00:00,2032.4,2037.2,2027.3,2027.4,2883.1492
2026-05-31 02:30:00+00:00,2027.3,2031.8,2027.3,2029.7,1913.8741
2026-05-31 02:45:00+00:00,2029.6,2034.8,2028.4,2033.5,1382.6397
2026-05-31 03:00:00+00:00,2033.4,2034.8,2031.6,2033.3,178.9115
2026-05-31 03:15:00+00:00,2033.4,2036.2,2031.8,2035.7,546.8774
2026-05-31 03:30:00+00:00,2035.6,2036.0,2033.3,2034.4,853.5256
2026-05-31 03:45:00+00:00,2034.4,2035.1,2033.0,2033.1,565.3169
2026-05-31 04:00:00+00:00,2033.1,2033.7,2031.0,2031.1,821.1772
2026-05-31 04:15:00+00:00,2031.0,2034.5,2030.8,2033.4,912.7689
2026-05-31 04:30:00+00:00,2033.0,2033.9,2031.8,2033.0,997.6483
2026-05-31 04:45:00+00:00,2033.1,2034.2,2031.8,2033.5,429.5368
2026-05-31 05:00:00+00:00,2033.3,2033.5,2031.6,2031.7,336.0576
2026-05-31 05:15:00+00:00,2031.6,2032.2,2030.4,2031.8,1127.9868
2026-05-31 05:30:00+00:00,2031.7,2032.6,2030.0,2030.2,333.0445
2026-05-31 05:45:00+00:00,2030.1,2030.6,2029.0,2029.8,608.0573
2026-05-31 06:00:00+00:00,2029.7,2029.7,2028.1,2028.9,957.0829
2026-05-31 06:15:00+00:00,2028.8,2030.4,2028.7,2029.1,414.9931
2026-05-31 06:30:00+00:00,2029.0,2030.4,2028.5,2030.0,548.3443
2026-05-31 06:45:00+00:00,2029.9,2030.7,2029.0,2029.5,115.3912
2026-05-31 07:00:00+00:00,2029.4,2029.4,2025.4,2025.9,378.026
2026-05-31 07:15:00+00:00,2025.8,2026.9,2024.0,2025.0,2999.2579
2026-05-31 07:30:00+00:00,2024.8,2024.8,2022.3,2023.0,672.8579
2026-05-31 07:45:00+00:00,2022.9,2024.8,2022.4,2023.6,1086.7016
2026-05-31 08:00:00+00:00,2023.5,2027.8,2023.5,2025.5,427.8834
2026-05-31 08:15:00+00:00,2025.5,2027.2,2025.4,2026.2,782.5657
2026-05-31 08:30:00+00:00,2026.2,2026.2,2022.1,2023.2,4478.2962
2026-05-31 08:45:00+00:00,2023.1,2028.4,2022.4,2026.8,1325.5272
2026-05-31 09:00:00+00:00,2026.8,2026.8,2024.2,2024.8,431.0402
2026-05-31 09:15:00+00:00,2024.8,2027.2,2024.2,2026.3,2311.236
2026-05-31 09:30:00+00:00,2026.3,2027.8,2025.4,2026.6,628.2763
2026-05-31 09:45:00+00:00,2026.5,2027.6,2017.6,2020.2,3990.9043
2026-05-31 10:00:00+00:00,2020.3,2020.8,2017.2,2018.9,2573.7043
2026-05-31 10:15:00+00:00,2018.9,2019.1,2014.5,2017.7,1793.0222
2026-05-31 10:30:00+00:00,2017.8,2018.8,2016.4,2017.3,367.0185
2026-05-31 10:45:00+00:00,2017.3,2020.5,2016.3,2020.2,433.4991
2026-05-31 11:00:00+00:00,2020.1,2023.5,2020.1,2021.2,623.6053
2026-05-31 11:15:00+00:00,2021.1,2022.3,2020.3,2022.2,772.6931
2026-05-31 11:30:00+00:00,2022.1,2023.1,2021.0,2022.0,1167.2838
2026-05-31 11:45:00+00:00,2022.1,2022.6,2021.0,2022.3,166.7548
2026-05-31 12:00:00+00:00,2022.3,2023.0,2018.6,2021.3,830.3126
2026-05-31 12:15:00+00:00,2021.3,2024.0,2021.2,2022.5,179.151
2026-05-31 12:30:00+00:00,2022.4,2023.9,2021.4,2023.9,180.642
2026-05-31 12:45:00+00:00,2023.9,2023.9,2020.4,2021.5,331.0497
2026-05-31 13:00:00+00:00,2021.4,2023.9,2020.4,2023.1,380.057
2026-05-31 13:15:00+00:00,2023.0,2025.7,2022.5,2023.7,172.6917
2026-05-31 13:30:00+00:00,2023.6,2024.5,2021.3,2021.5,460.9014
2026-05-31 13:45:00+00:00,2021.4,2022.0,2019.0,2019.5,820.8581
2026-05-31 14:00:00+00:00,2019.4,2020.7,2013.7,2014.6,2097.2595
2026-05-31 14:15:00+00:00,2014.8,2017.6,2005.1,2010.4,12187.227
2026-05-31 14:30:00+00:00,2010.3,2012.7,2007.2,2008.2,2895.0997
2026-05-31 14:45:00+00:00,2008.2,2011.8,2005.1,2007.4,16404.5657
2026-05-31 15:00:00+00:00,2007.4,2011.1,2006.8,2010.8,14497.949
2026-05-31 15:15:00+00:00,2010.7,2014.7,2010.3,2013.2,2051.085
2026-05-31 15:30:00+00:00,2013.1,2014.0,2008.1,2009.1,1497.4619
2026-05-31 15:45:00+00:00,2009.0,2012.8,2008.9,2010.0,3144.4088
2026-05-31 16:00:00+00:00,2009.9,2011.6,2006.0,2006.4,1497.2325
2026-05-31 16:15:00+00:00,2006.4,2008.4,2003.0,2006.6,6611.8704
2026-05-31 16:30:00+00:00,2006.1,2006.1,1997.9,2000.1,4958.3947
2026-05-31 16:45:00+00:00,2000.1,2002.6,1998.6,2001.6,2371.4445
2026-05-31 17:00:00+00:00,2001.6,2003.4,1996.3,1999.9,1606.8142
2026-05-31 17:15:00+00:00,1999.8,2002.2,1998.9,2002.2,1417.0474
2026-05-31 17:30:00+00:00,2002.2,2006.9,2002.1,2004.8,1388.7631
2026-05-31 17:45:00+00:00,2004.7,2007.3,2004.6,2005.2,298.4229
2026-05-31 18:00:00+00:00,2005.3,2005.7,2001.4,2002.3,692.6075
2026-05-31 18:15:00+00:00,2002.2,2003.8,2000.6,2002.6,676.035
2026-05-31 18:30:00+00:00,2002.6,2004.6,2000.3,2000.6,671.4851
2026-05-31 18:45:00+00:00,2000.5,2000.8,1998.5,2000.2,1266.4191
2026-05-31 19:00:00+00:00,2000.2,2002.2,1997.8,1998.2,787.7699
2026-05-31 19:15:00+00:00,1997.7,1999.9,1994.2,1997.1,3543.9063
2026-05-31 19:30:00+00:00,1997.0,1998.5,1993.4,1997.6,3523.5591
2026-05-31 19:45:00+00:00,1997.5,1999.6,1997.2,1999.2,470.7356
2026-05-31 20:00:00+00:00,1999.1,2003.9,1999.1,2001.0,2064.0709
2026-05-31 20:15:00+00:00,2001.0,2004.3,2000.6,2002.6,849.6818
2026-05-31 20:30:00+00:00,2002.7,2003.7,2002.1,2002.7,445.772
2026-05-31 20:45:00+00:00,2002.7,2007.8,2002.7,2006.7,441.9177
2026-05-31 21:00:00+00:00,2006.8,2007.2,2004.8,2006.2,1654.4008
2026-05-31 21:15:00+00:00,2006.3,2010.1,2006.2,2006.7,2630.3566
2026-05-31 21:30:00+00:00,2006.8,2009.9,2006.5,2009.0,922.1819
2026-05-31 21:45:00+00:00,2009.1,2014.2,2009.0,2012.0,3486.3515
2026-05-31 22:00:00+00:00,2011.9,2014.0,2004.6,2011.3,1451.2784
2026-05-31 22:15:00+00:00,2011.2,2013.5,2007.2,2009.6,1707.8
2026-05-31 22:30:00+00:00,2009.8,2014.0,2009.6,2011.2,8820.2119
2026-05-31 22:45:00+00:00,2011.3,2014.0,2011.2,2012.4,466.0503
2026-05-31 23:00:00+00:00,2012.6,2023.1,2012.4,2014.1,23058.6746
2026-05-31 23:15:00+00:00,2014.0,2015.4,2008.1,2008.7,4145.4185
2026-05-31 23:30:00+00:00,2008.7,2008.8,2000.0,2002.8,3256.4649
2026-05-31 23:45:00+00:00,2002.8,2007.4,2002.8,2006.7,931.5044
2026-06-01 00:00:00+00:00,2006.8,2015.2,2006.0,2011.0,4815.6664
2026-06-01 00:15:00+00:00,2011.2,2017.1,2008.2,2016.8,763.0079
2026-06-01 00:30:00+00:00,2016.7,2021.5,2012.0,2015.7,13122.1093
2026-06-01 00:45:00+00:00,2015.6,2019.6,2014.5,2015.3,12634.2001
2026-06-01 01:00:00+00:00,2015.4,2016.4,2004.5,2005.2,2159.0093
2026-06-01 01:15:00+00:00,2005.1,2007.6,2001.9,2004.0,4836.0369
2026-06-01 01:30:00+00:00,2003.8,2006.6,1999.5,2001.3,2517.1283
2026-06-01 01:45:00+00:00,2001.4,2004.5,1993.7,1994.1,11040.5061
2026-06-01 02:00:00+00:00,1994.0,2005.8,1991.3,2004.9,7455.7989
2026-06-01 02:15:00+00:00,2005.2,2005.4,2002.0,2004.3,552.7954
2026-06-01 02:30:00+00:00,2004.2,2017.1,2001.5,2012.0,3540.0354
2026-06-01 02:45:00+00:00,2012.0,2014.2,2010.1,2011.2,2921.5232
2026-06-01 03:00:00+00:00,2011.1,2017.3,2011.1,2013.0,928.0635
2026-06-01 03:15:00+00:00,2013.1,2016.4,2010.8,2014.6,1543.1918
2026-06-01 03:30:00+00:00,2014.7,2016.6,2010.3,2011.7,3107.2449
2026-06-01 03:45:00+00:00,2011.7,2013.7,2008.3,2008.6,646.1791
2026-06-01 04:00:00+00:00,2008.7,2011.3,2002.0,2002.5,8017.159
2026-06-01 04:15:00+00:00,2002.6,2003.6,1994.7,1995.3,3686.7649
2026-06-01 04:30:00+00:00,1995.2,1999.8,1995.2,1999.3,2529.7363
2026-06-01 04:45:00+00:00,1999.3,2001.8,1993.2,1999.4,1872.5779
2026-06-01 05:00:00+00:00,1999.3,2000.9,1997.2,1999.5,4315.5098
2026-06-01 05:15:00+00:00,1999.7,2001.0,1992.4,1992.5,2583.5401
2026-06-01 05:30:00+00:00,1992.6,1996.1,1991.1,1995.4,1991.4349
2026-06-01 05:45:00+00:00,1995.4,1997.4,1993.4,1993.9,847.2595
2026-06-01 06:00:00+00:00,1993.9,1995.0,1987.9,1991.5,3505.6588
2026-06-01 06:15:00+00:00,1991.4,1992.9,1984.2,1985.7,3937.7194
2026-06-01 06:30:00+00:00,1985.7,1988.1,1981.4,1981.4,3160.5508
2026-06-01 06:45:00+00:00,1981.4,1988.4,1979.1,1987.4,8096.9763
2026-06-01 07:00:00+00:00,1987.4,1990.2,1984.2,1988.5,5969.303
2026-06-01 07:15:00+00:00,1988.4,1989.6,1985.0,1985.0,2516.5572
2026-06-01 07:30:00+00:00,1985.0,1985.0,1978.8,1982.4,1873.3496
2026-06-01 07:45:00+00:00,1982.5,1983.7,1971.0,1975.8,9468.1258
2026-06-01 08:00:00+00:00,1975.8,1979.1,1974.7,1978.0,2954.8404
2026-06-01 08:15:00+00:00,1978.0,1978.8,1973.4,1975.1,2377.6529
2026-06-01 08:30:00+00:00,1975.3,1981.8,1971.2,1978.4,4457.256
2026-06-01 08:45:00+00:00,1978.4,1984.8,1978.4,1983.3,2047.6237
2026-06-01 09:00:00+00:00,1983.4,1986.7,1983.2,1985.3,3489.8243
2026-06-01 09:15:00+00:00,1985.4,1989.6,1985.0,1986.2,2473.4591
2026-06-01 09:30:00+00:00,1986.2,1988.1,1984.4,1987.0,1088.4317
2026-06-01 09:45:00+00:00,1987.1,1989.2,1985.9,1987.1,1314.2353
2026-06-01 10:00:00+00:00,1987.0,1988.5,1984.0,1984.4,1195.3468
2026-06-01 10:15:00+00:00,1984.4,1985.4,1981.2,1982.9,2428.6083
2026-06-01 10:30:00+00:00,1983.0,1986.2,1980.3,1984.4,1972.9783
2026-06-01 10:45:00+00:00,1984.3,1986.2,1983.2,1983.7,483.3901
2026-06-01 11:00:00+00:00,1983.8,1985.2,1982.4,1983.2,799.7746
2026-06-01 11:15:00+00:00,1983.3,1985.3,1982.8,1983.2,663.5538
2026-06-01 11:30:00+00:00,1983.3,1985.5,1981.1,1985.3,638.5735
2026-06-01 11:45:00+00:00,1985.4,1986.4,1976.7,1980.8,2196.3815
2026-06-01 12:00:00+00:00,1980.8,1983.9,1967.7,1975.9,7610.8246
2026-06-01 12:15:00+00:00,1975.9,1988.0,1975.0,1986.6,6649.3988
2026-06-01 12:30:00+00:00,1986.7,1993.0,1984.0,1992.9,10765.0628
2026-06-01 12:45:00+00:00,1992.9,1993.8,1986.8,1989.1,2636.8535
2026-06-01 13:00:00+00:00,1989.2,1989.6,1971.6,1975.1,31517.9489
2026-06-01 13:15:00+00:00,1975.1,1980.8,1971.7,1975.9,7907.3255
2026-06-01 13:30:00+00:00,1976.0,1982.8,1973.0,1973.9,9012.0182
2026-06-01 13:45:00+00:00,1973.9,1980.0,1954.8,1970.0,30816.1669
2026-06-01 14:00:00+00:00,1969.9,1976.6,1964.3,1968.7,10167.4442
2026-06-01 14:15:00+00:00,1968.6,1971.7,1965.4,1967.8,7530.9306
2026-06-01 14:30:00+00:00,1968.0,1969.7,1964.5,1967.1,3376.3457
2026-06-01 14:45:00+00:00,1967.1,1970.7,1964.5,1967.8,2806.3132
2026-06-01 15:00:00+00:00,1967.8,1974.0,1967.7,1969.9,5815.3349
2026-06-01 15:15:00+00:00,1970.0,1970.2,1959.7,1961.1,4324.4557
2026-06-01 15:30:00+00:00,1961.1,1980.0,1960.9,1973.9,8089.8169
2026-06-01 15:45:00+00:00,1973.9,1975.0,1966.5,1967.8,1932.0993
2026-06-01 16:00:00+00:00,1967.9,1971.1,1957.9,1966.6,4668.9271
2026-06-01 16:15:00+00:00,1966.7,1970.9,1963.4,1970.8,3021.3068
2026-06-01 16:30:00+00:00,1970.8,1973.3,1969.3,1971.3,2884.22
2026-06-01 16:45:00+00:00,1971.4,1978.3,1971.4,1977.7,3564.4888
2026-06-01 17:00:00+00:00,1977.7,1984.6,1977.3,1983.2,5618.7957
2026-06-01 17:15:00+00:00,1983.3,1991.1,1981.6,1991.1,3845.4266
2026-06-01 17:30:00+00:00,1991.2,1993.2,1985.9,1992.9,5721.5102
2026-06-01 17:45:00+00:00,1993.0,1996.3,1990.0,1990.4,4821.929
2026-06-01 18:00:00+00:00,1990.5,1991.7,1982.9,1984.4,2168.5771
2026-06-01 18:15:00+00:00,1984.5,1991.8,1983.0,1991.8,12396.5864
2026-06-01 18:30:00+00:00,1991.9,1995.1,1990.9,1992.3,2480.8807
2026-06-01 18:45:00+00:00,1992.2,1995.3,1991.0,1992.3,4090.7762
2026-06-01 19:00:00+00:00,1992.3,1995.1,1991.7,1994.2,1107.0415
2026-06-01 19:15:00+00:00,1994.3,2002.8,1991.9,2002.2,6844.709
2026-06-01 19:30:00+00:00,2002.2,2008.8,2001.7,2006.4,6962.3216
2026-06-01 19:45:00+00:00,2006.3,2006.7,2003.0,2004.2,2253.7017
2026-06-01 20:00:00+00:00,2004.2,2004.9,2001.0,2002.6,1366.3352
2026-06-01 20:15:00+00:00,2002.6,2007.0,2000.9,2004.8,1266.1396
2026-06-01 20:30:00+00:00,2004.8,2008.5,2004.3,2007.7,7997.1936
2026-06-01 20:45:00+00:00,2007.6,2007.8,2003.4,2005.6,3929.5995
2026-06-01 21:00:00+00:00,2005.7,2009.0,1994.8,1999.5,8364.2868
2026-06-01 21:15:00+00:00,1999.5,2000.0,1992.7,1994.9,1906.2008
2026-06-01 21:30:00+00:00,1994.9,1995.4,1992.3,1993.1,1432.8481
2026-06-01 21:45:00+00:00,1993.1,1999.3,1992.8,1994.4,2918.141
2026-06-01 22:00:00+00:00,1994.3,1994.3,1984.4,1990.2,3754.7462
2026-06-01 22:15:00+00:00,1990.2,2003.0,1989.2,1999.9,3112.6866
2026-06-01 22:30:00+00:00,1999.8,2001.4,1992.2,1995.8,2670.1049
2026-06-01 22:45:00+00:00,1995.7,2006.4,1995.7,2004.8,6941.7832
2026-06-01 23:00:00+00:00,2004.8,2007.1,2001.6,2003.0,3467.4786
2026-06-01 23:15:00+00:00,2003.0,2008.0,1998.5,1998.7,3919.6357
2026-06-01 23:30:00+00:00,1998.9,2008.8,1998.2,2005.4,7233.7109
2026-06-01 23:45:00+00:00,2005.5,2008.2,2004.1,2006.9,5534.1546
2026-06-02 00:00:00+00:00,2007.0,2007.0,2003.5,2003.7,2492.3203
2026-06-02 00:15:00+00:00,2003.7,2005.3,1998.0,2000.9,5606.2204
2026-06-02 00:30:00+00:00,2000.9,2002.1,1995.4,1997.6,1366.0715
2026-06-02 00:45:00+00:00,1997.6,2000.0,1996.1,1996.3,938.119
2026-06-02 01:00:00+00:00,1996.3,1998.3,1992.2,1998.2,3181.3372
2026-06-02 01:15:00+00:00,1998.3,1998.8,1991.4,1992.0,1078.4187
2026-06-02 01:30:00+00:00,1992.0,1993.2,1981.9,1986.1,8926.6556
2026-06-02 01:45:00+00:00,1986.0,1986.1,1978.3,1979.4,7969.4468
2026-06-02 02:00:00+00:00,1979.4,1980.9,1961.9,1972.2,19739.5681
2026-06-02 02:15:00+00:00,1972.3,1990.3,1968.0,1988.7,13214.135
2026-06-02 02:30:00+00:00,1988.9,1994.4,1984.9,1985.1,5809.091
2026-06-02 02:45:00+00:00,1985.1,1996.7,1984.3,1996.7,4600.1617
2026-06-02 03:00:00+00:00,1996.7,2002.5,1994.9,1998.4,5131.1842
2026-06-02 03:15:00+00:00,1998.4,2001.9,1995.8,2000.9,3310.4086
2026-06-02 03:30:00+00:00,2001.0,2005.0,1998.9,2004.0,12019.3765
2026-06-02 03:45:00+00:00,2004.0,2005.0,2002.1,2003.9,3755.6223
2026-06-02 04:00:00+00:00,2003.9,2006.1,1996.8,1998.2,9036.9061
2026-06-02 04:15:00+00:00,1998.2,2006.6,1998.1,2004.4,3405.3093
2026-06-02 04:30:00+00:00,2004.4,2005.4,2001.0,2002.1,1204.1217
2026-06-02 04:45:00+00:00,2001.9,2001.9,1995.8,1996.6,2880.7127
2026-06-02 05:00:00+00:00,1996.6,2001.3,1990.0,2000.0,4492.9772
2026-06-02 05:15:00+00:00,1999.9,2000.3,1991.0,1991.9,3429.4141
2026-06-02 05:30:00+00:00,1991.9,1995.5,1987.0,1991.7,4021.6658
2026-06-02 05:45:00+00:00,1991.6,1991.8,1984.1,1984.3,5782.8879
2026-06-02 06:00:00+00:00,1984.3,1989.0,1980.1,1981.8,5596.0465
2026-06-02 06:15:00+00:00,1981.7,1985.2,1979.4,1984.7,1556.8413
2026-06-02 06:30:00+00:00,1984.7,1988.6,1984.0,1984.0,3961.9581
2026-06-02 06:45:00+00:00,1984.0,1987.1,1977.6,1981.6,5051.8154
2026-06-02 07:00:00+00:00,1982.0,1983.4,1973.5,1981.0,11229.3408
2026-06-02 07:15:00+00:00,1981.0,1989.7,1976.4,1978.1,7574.5406
2026-06-02 07:30:00+00:00,1978.2,1989.1,1977.9,1985.9,2736.6178
2026-06-02 07:45:00+00:00,1986.0,1986.0,1981.2,1981.4,5283.3209
2026-06-02 08:00:00+00:00,1981.3,1984.7,1978.6,1983.6,6389.6362
2026-06-02 08:15:00+00:00,1983.5,1988.9,1979.7,1985.3,5463.7472
2026-06-02 08:30:00+00:00,1985.5,1988.5,1980.6,1980.6,4405.628
2026-06-02 08:45:00+00:00,1980.5,1982.5,1976.6,1979.0,4155.3472
2026-06-02 09:00:00+00:00,1979.0,1979.5,1970.7,1972.4,7609.5453
2026-06-02 09:15:00+00:00,1972.3,1972.9,1966.4,1968.8,4898.3961
2026-06-02 09:30:00+00:00,1968.9,1975.8,1967.3,1972.2,4020.3681
2026-06-02 09:45:00+00:00,1972.2,1976.2,1969.7,1974.7,1513.7365
2026-06-02 10:00:00+00:00,1974.8,1979.9,1971.2,1977.6,5643.9734
2026-06-02 10:15:00+00:00,1977.6,1980.1,1976.0,1979.4,2476.7992
2026-06-02 10:30:00+00:00,1979.3,1980.2,1975.1,1975.5,472.2433
2026-06-02 10:45:00+00:00,1975.4,1983.8,1975.4,1983.3,1719.5525
2026-06-02 11:00:00+00:00,1983.2,1983.7,1979.1,1980.9,3995.5733
2026-06-02 11:15:00+00:00,1980.8,1980.8,1976.7,1977.2,911.9093
2026-06-02 11:30:00+00:00,1977.3,1979.5,1975.3,1978.0,1644.1965
2026-06-02 11:45:00+00:00,1978.0,1981.7,1977.6,1978.2,2891.3592
2026-06-02 12:00:00+00:00,1978.2,1981.4,1975.6,1977.5,2895.6187
2026-06-02 12:15:00+00:00,1977.5,1982.3,1975.2,1979.6,1775.9895
2026-06-02 12:30:00+00:00,1979.6,1979.6,1971.9,1978.6,1927.8807
2026-06-02 12:45:00+00:00,1978.6,1979.6,1974.9,1975.8,753.9785
2026-06-02 13:00:00+00:00,1975.7,1979.5,1972.8,1972.9,2868.0593
2026-06-02 13:15:00+00:00,1973.0,1981.1,1973.0,1979.5,16040.6781
2026-06-02 13:30:00+00:00,1979.6,1981.8,1971.2,1976.8,20865.0751
2026-06-02 13:45:00+00:00,1976.8,1979.3,1971.7,1974.1,3168.4006
2026-06-02 14:00:00+00:00,1974.1,1974.9,1960.0,1968.0,9760.9035
2026-06-02 14:15:00+00:00,1968.0,1968.0,1924.5,1936.3,81652.9369
2026-06-02 14:30:00+00:00,1936.3,1947.1,1932.1,1935.9,19762.8569
2026-06-02 14:45:00+00:00,1936.0,1945.4,1935.6,1941.2,6795.669
2026-06-02 15:00:00+00:00,1941.0,1941.4,1931.6,1936.5,10863.734
