session_date,side,entry,exit,sl,notional_usdt,pnl_usdt_gross,fee_usdt,pnl_usdt,outcome,hold_minutes,wallet_after,entry_ms
2026-02-09,LONG,166.4389,165.7235,163.1101,425.0,-1.8267,0.34,-2.1667,loss,45.0,997.8333,1770658560000
2026-02-09,SHORT,164.8627,165.6749,168.1599,424.0792,-2.0893,0.3393,-2.4286,loss,38.0,995.4047,1770661560000
2026-02-09,LONG,166.581,166.1798,163.2493,423.047,-1.0187,0.3384,-1.3571,loss,1140.0,994.0476,1770665400000
2026-02-10,SHORT,166.2898,163.3565,169.6156,422.4702,7.4524,0.338,7.1144,win,5.0,1001.162,1770733860000
2026-02-10,SHORT,164.3498,164.1326,167.6368,425.4939,0.5623,0.3404,0.2219,win,5.0,1001.3839,1770734460000
2026-02-10,LONG,166.8988,165.8624,163.5608,425.5882,-2.6427,0.3405,-2.9832,loss,9.0,998.4007,1770737760000
2026-02-10,LONG,167.8407,166.5469,164.4839,424.3203,-3.2709,0.3395,-3.6104,loss,6.0,994.7903,1770740040000
2026-02-10,SHORT,165.5123,164.5862,168.8225,422.7859,2.3655,0.3382,2.0273,win,68.0,996.8176,1770746700000
2026-02-10,LONG,165.2673,164.3744,161.962,423.6475,-2.2889,0.3389,-2.6278,loss,23.0,994.1898,1770751920000
2026-02-10,SHORT,163.6646,157.7117,166.9379,422.5307,15.3687,0.338,15.0307,win,1100.0,1009.2205,1770754380000
2026-02-11,SHORT,160.4566,154.9195,163.6658,428.9187,14.8014,0.3431,14.4583,win,5.0,1023.6788,1770820560000
2026-02-11,SHORT,157.7509,151.5427,160.9059,435.0635,17.1216,0.3481,16.7735,win,46.0,1040.4523,1770821160000
2026-02-11,SHORT,150.872,151.8754,153.8894,442.1922,-2.9408,0.3538,-3.2946,loss,4.0,1037.1577,1770824220000
2026-02-11,SHORT,150.7281,151.9258,153.7426,440.792,-3.5026,0.3526,-3.8552,loss,21.0,1033.3025,1770824940000
2026-02-11,SHORT,150.673,150.1114,153.6865,439.1536,1.6371,0.3513,1.2858,win,77.0,1034.5883,1770829140000
2026-02-11,LONG,151.2633,152.0042,148.2381,439.7,2.1535,0.3518,1.8017,win,87.0,1036.39,1770836340000
2026-02-11,LONG,153.0998,152.3414,150.0378,440.4657,-2.1817,0.3524,-2.5341,loss,1065.0,1033.8559,1770842700000
2026-02-12,SHORT,151.9723,147.2587,155.0118,439.3888,13.6281,0.3515,13.2766,win,44.0,1047.1325,1770906660000
2026-02-12,SHORT,145.9107,141.4728,148.8289,445.0313,13.5357,0.356,13.1797,win,59.0,1060.3122,1770910620000
2026-02-12,SHORT,141.2925,140.495,144.1184,450.6327,2.5435,0.3605,2.183,win,41.0,1062.4952,1770914460000
2026-02-12,LONG,141.8505,142.481,139.0135,451.5605,2.007,0.3612,1.6458,win,35.0,1064.141,1770924180000
2026-02-13,LONG,142.9482,152.5894,140.0892,452.2599,30.5031,0.3618,30.1413,win,1.0,1094.2823,1770993000000
2026-02-13,LONG,145.9643,148.8893,143.045,465.07,9.3195,0.3721,8.9474,win,5.0,1103.2297,1770993360000
2026-02-13,LONG,148.2272,153.6608,145.2627,468.8726,17.1875,0.3751,16.8124,win,10.0,1120.0421,1770993960000
2026-02-13,LONG,152.9543,163.5808,149.8952,476.0179,33.0714,0.3808,32.6906,win,37.0,1152.7327,1770994860000
2026-02-13,LONG,162.0821,162.0928,158.8404,489.9114,0.0324,0.3919,-0.3595,win,5.0,1152.3732,1770997260000
2026-02-13,LONG,162.5572,162.4598,159.306,489.7586,-0.2932,0.3918,-0.685,loss,5.0,1151.6882,1770997860000
2026-02-13,LONG,163.6079,163.0054,160.3358,489.4675,-1.8025,0.3916,-2.1941,loss,3.0,1149.4941,1770998880000
2026-02-13,LONG,164.7749,163.6106,161.4794,488.535,-3.4522,0.3908,-3.843,loss,5.0,1145.6511,1770999360000
2026-02-13,LONG,165.792,165.6045,162.4761,486.9017,-0.5506,0.3895,-0.9401,loss,15.0,1144.711,1771001100000
2026-02-13,SHORT,164.7471,162.2779,168.0421,486.5022,7.2917,0.3892,6.9025,win,5392.0,1151.6135,1771015140000
2026-02-17,SHORT,162.6581,159.7378,165.9112,489.4357,8.7872,0.3915,8.3957,win,10.0,1160.0092,1771338960000
2026-02-17,SHORT,160.1285,159.8486,163.3311,493.0039,0.8617,0.3944,0.4673,win,5.0,1160.4765,1771339860000
2026-02-17,LONG,164.3746,169.0864,161.0871,493.2025,14.1376,0.3946,13.743,win,41.0,1174.2195,1771342800000
2026-02-17,LONG,168.5446,168.5011,165.1737,499.0433,-0.1288,0.3992,-0.528,loss,57.0,1173.6915,1771352520000
2026-02-17,SHORT,167.4823,166.2797,170.8319,498.8189,3.5818,0.3991,3.1827,win,68.0,1176.8742,1771357620000
2026-02-18,LONG,167.1014,167.3107,163.7593,500.1715,0.6267,0.4001,0.2266,win,5.0,1177.1008,1771425060000
2026-02-18,LONG,168.3141,168.8682,164.9478,500.2678,1.6469,0.4002,1.2467,win,6.0,1178.3475,1771425660000
2026-02-18,LONG,169.4003,171.6259,166.0123,500.7977,6.5796,0.4006,6.179,win,16.0,1184.5265,1771426320000
2026-02-18,LONG,173.1248,172.1715,169.6623,503.4238,-2.7719,0.4027,-3.1746,loss,5.0,1181.3519,1771429200000
2026-02-18,SHORT,169.118,166.945,172.5004,502.0746,6.4514,0.4017,6.0497,win,135.0,1187.4016,1771432800000
2026-02-18,SHORT,165.4923,164.4451,168.8022,504.6457,3.1933,0.4037,2.7896,win,32.0,1190.1912,1771443060000
2026-02-19,SHORT,163.3764,162.913,166.6439,505.8313,1.4349,0.4047,1.0302,win,1.0,1191.2214,1771511400000
2026-02-19,SHORT,162.7672,162.5098,166.0225,506.2691,0.8007,0.405,0.3957,win,5.0,1191.6171,1771511760000
2026-02-19,SHORT,162.2279,162.9835,165.4724,506.4373,-2.3589,0.4051,-2.764,loss,5.0,1188.8531,1771512360000
2026-02-19,LONG,166.2361,166.1302,162.9113,505.2626,-0.3216,0.4042,-0.7258,loss,5.0,1188.1273,1771512960000
2026-02-19,LONG,164.6106,164.4141,161.3184,504.9541,-0.6028,0.404,-1.0068,loss,32.0,1187.1205,1771520100000
2026-02-19,SHORT,163.3106,163.921,166.5768,504.5262,-1.8856,0.4036,-2.2892,loss,33.0,1184.8313,1771529340000
2026-02-19,LONG,165.0675,165.2672,161.7662,503.5533,0.6092,0.4028,0.2064,win,1064.0,1185.0377,1771533960000
2026-02-20,LONG,166.0688,168.8781,162.7474,503.641,8.5197,0.4029,8.1168,win,6.0,1193.1545,1771597860000
2026-02-20,LONG,168.0807,167.8464,164.7191,507.0907,-0.7069,0.4057,-1.1126,loss,5.0,1192.0419,1771598460000
2026-02-20,LONG,169.0712,171.8739,165.6897,506.6178,8.3984,0.4053,7.9931,win,7.0,1200.035,1771599540000
2026-02-20,LONG,171.8239,171.8045,168.3875,510.0149,-0.0577,0.408,-0.4657,loss,5.0,1199.5693,1771600260000
2026-02-20,LONG,174.1584,174.0762,170.6752,509.817,-0.2407,0.4079,-0.6486,loss,15.0,1198.9207,1771603260000
2026-02-20,SHORT,170.5961,168.6586,174.008,509.5413,5.787,0.4076,5.3794,win,29.0,1204.3001,1771607340000
2026-02-20,SHORT,168.1491,169.0618,171.5121,511.8275,-2.7779,0.4095,-3.1874,loss,11.0,1201.1127,1771611660000
2026-02-20,LONG,170.9121,170.4058,167.4939,510.4729,-1.5124,0.4084,-1.9208,loss,19.0,1199.1919,1771613100000
2026-02-20,LONG,171.4491,171.001,168.0202,509.6566,-1.3323,0.4077,-1.74,loss,27.0,1197.4519,1771617000000
2026-02-20,SHORT,169.9213,171.2693,173.3197,508.9171,-4.0372,0.4071,-4.4443,loss,15.0,1193.0076,1771619100000
2026-02-23,SHORT,170.1041,163.6085,173.5062,507.0282,19.3614,0.4056,18.9558,win,13.0,1211.9634,1771857000000
2026-02-23,SHORT,165.806,165.433,169.1221,515.0844,1.1588,0.4121,0.7467,win,5.0,1212.7101,1771857960000
2026-02-23,SHORT,163.6703,163.3867,166.9437,515.4018,0.8931,0.4123,0.4808,win,34.0,1213.1909,1771862040000
2026-02-23,SHORT,161.846,159.9797,165.083,515.6061,5.9458,0.4125,5.5333,win,210.0,1218.7242,1771867560000
2026-02-24,SHORT,158.6367,154.0224,161.8095,517.9578,15.0661,0.4144,14.6517,win,6.0,1233.3759,1771943400000
2026-02-24,SHORT,155.839,155.5042,158.9558,524.1848,1.1264,0.4193,0.7071,win,5.0,1234.083,1771944060000
2026-02-24,SHORT,154.5697,155.4437,157.6611,524.4853,-2.9656,0.4196,-3.3852,loss,9.0,1230.6978,1771945200000
2026-02-24,LONG,159.2632,158.4125,156.0779,523.0466,-2.7938,0.4184,-3.2122,loss,4.0,1227.4856,1771947120000
2026-02-24,LONG,159.5544,160.9222,156.3633,521.6814,4.4723,0.4173,4.055,win,68.0,1231.5406,1771956240000
2026-02-24,LONG,160.9337,172.9155,157.715,523.4048,38.9685,0.4187,38.5498,win,1083.0,1270.0904,1771965180000
2026-02-25,LONG,167.7324,171.5862,164.3778,539.7884,12.4022,0.4318,11.9704,win,14.0,1282.0608,1772030460000
2026-02-25,LONG,171.3198,172.3302,167.8934,544.8758,3.2137,0.4359,2.7778,win,11.0,1284.8386,1772031360000
2026-02-25,LONG,173.886,172.8659,170.4083,546.0564,-3.2033,0.4368,-3.6401,loss,3.0,1281.1985,1772032500000
2026-02-25,LONG,174.5363,177.0522,171.0456,544.5094,7.8488,0.4356,7.4132,win,26.0,1288.6117,1772033520000
2026-02-25,LONG,177.2328,183.1331,173.6881,547.66,18.2324,0.4381,17.7943,win,91.0,1306.406,1772035260000
2026-02-25,LONG,184.197,183.6986,180.513,555.2226,-1.5024,0.4442,-1.9466,loss,8.0,1304.4594,1772040960000
2026-02-25,LONG,185.0025,183.7184,181.3025,554.3952,-3.8481,0.4435,-4.2916,loss,5.0,1300.1678,1772044080000
2026-02-25,LONG,185.568,184.4426,181.8566,552.5713,-3.3512,0.4421,-3.7933,loss,11.0,1296.3745,1772046540000
2026-02-25,SHORT,183.9335,184.3531,187.6122,550.9592,-1.2569,0.4408,-1.6977,loss,27.0,1294.6768,1772050440000
2026-02-26,SHORT,182.7326,182.7101,186.3872,550.2376,0.0678,0.4402,-0.3724,win,1.0,1294.3044,1772116200000
2026-02-26,SHORT,182.2222,183.6576,185.8666,550.0794,-4.3332,0.4401,-4.7733,loss,1.0,1289.5311,1772117100000
2026-02-26,SHORT,180.6836,181.692,184.2972,548.0507,-3.0588,0.4384,-3.4972,loss,4.0,1286.0339,1772119320000
2026-02-26,SHORT,179.8184,181.0267,183.4148,546.5644,-3.6727,0.4373,-4.11,loss,2.0,1281.9239,1772120040000
2026-02-26,SHORT,181.3482,181.0771,184.9752,544.8177,0.8145,0.4359,0.3786,win,21.0,1282.3025,1772124300000
2026-02-26,SHORT,179.8964,179.8978,183.4943,544.9786,-0.0042,0.436,-0.4402,loss,16.0,1281.8623,1772126100000
2026-02-26,SHORT,178.7177,178.2547,182.2921,544.7915,1.4114,0.4358,0.9756,win,40.0,1282.8379,1772127420000
2026-02-26,LONG,179.483,180.3258,175.8934,545.2061,2.5599,0.4362,2.1237,win,54.0,1284.9616,1772132640000
2026-02-26,LONG,181.7381,180.3555,178.1034,546.1087,-4.1547,0.4369,-4.5916,loss,1061.0,1280.37,1772138940000
2026-02-27,SHORT,179.9849,174.3134,183.5846,544.1572,17.1468,0.4353,16.7115,win,5.0,1297.0815,1772202660000
2026-02-27,SHORT,176.8127,173.6078,180.3489,551.2596,9.9919,0.441,9.5509,win,5.0,1306.6324,1772203260000
2026-02-27,SHORT,174.4524,173.3256,177.9415,555.3188,3.587,0.4443,3.1427,win,7.0,1309.7751,1772203860000
2026-02-27,LONG,177.8446,177.5581,174.2877,556.6544,-0.8967,0.4453,-1.342,loss,19.0,1308.4331,1772209440000
2026-02-27,SHORT,175.9339,175.6037,179.4525,556.0841,1.0436,0.4449,0.5987,win,31.0,1309.0318,1772212920000
2026-02-27,SHORT,173.9812,173.9102,177.4608,556.3385,0.2268,0.4451,-0.2183,win,63.0,1308.8135,1772216460000
2026-02-27,LONG,174.7671,174.8499,171.2717,556.2457,0.2637,0.445,-0.1813,win,3979.0,1308.6322,1772223060000
2026-03-02,SHORT,174.2649,177.7502,177.7502,556.1687,-11.1234,0.4449,-11.5683,loss,2.0,1297.0639,1772461860000
2026-03-02,LONG,177.8993,178.9568,174.3413,551.2522,3.277,0.441,2.836,win,6.0,1299.8999,1772462160000
2026-03-02,LONG,179.9048,179.5718,176.3067,552.4575,-1.0226,0.442,-1.4646,loss,5.0,1298.4353,1772463060000
2026-03-02,LONG,181.826,184.1251,178.1895,551.835,6.9778,0.4415,6.5363,win,13.0,1304.9716,1772464080000
2026-03-02,LONG,184.6829,184.8195,180.9892,554.6129,0.4104,0.4437,-0.0333,win,14.0,1304.9383,1772465940000
2026-03-02,SHORT,181.9131,182.7202,185.5514,554.5988,-2.4605,0.4437,-2.9042,loss,9.0,1302.0341,1772475720000
2026-03-03,SHORT,183.3595,178.7386,187.0267,553.3645,13.9456,0.4427,13.5029,win,1.0,1315.537,1772548200000
2026-03-03,SHORT,181.2994,176.269,184.9254,559.1032,15.5132,0.4473,15.0659,win,17.0,1330.6029,1772548560000
2026-03-03,SHORT,176.869,176.4,180.4064,565.5062,1.4997,0.4524,1.0473,win,13.0,1331.6502,1772549760000
2026-03-03,SHORT,174.4827,173.5978,177.9723,565.9513,2.8703,0.4528,2.4175,win,8.0,1334.0677,1772551080000
2026-03-03,LONG,179.833,180.3853,176.2363,566.9788,1.7413,0.4536,1.2877,win,14.0,1335.3554,1772553900000
2026-03-03,LONG,181.4171,181.0003,177.7887,567.526,-1.3037,0.454,-1.7577,loss,17.0,1333.5977,1772554980000
2026-03-03,LONG,183.0705,184.7898,179.4091,566.779,5.3228,0.4534,4.8694,win,34.0,1338.4671,1772562060000
2026-03-03,LONG,186.3274,184.9187,182.6008,568.8485,-4.3005,0.4551,-4.7556,loss,5.0,1333.7115,1772565780000
2026-03-03,SHORT,183.6156,183.2947,187.2879,566.8274,0.9905,0.4535,0.537,win,1097.0,1334.2485,1772568780000
2026-03-04,LONG,184.5687,203.5286,180.8774,567.0556,58.251,0.4536,57.7974,win,5.0,1392.0459,1772634660000
2026-03-04,LONG,193.7682,199.0845,189.8928,591.6195,16.232,0.4733,15.7587,win,5.0,1407.8046,1772635260000
2026-03-04,LONG,197.6597,203.737,193.7065,598.317,18.396,0.4787,17.9173,win,13.0,1425.7219,1772635860000
2026-03-04,LONG,203.1325,205.1654,199.0698,605.9318,6.0641,0.4847,5.5794,win,8.0,1431.3013,1772636760000
2026-03-04,LONG,206.1821,207.2586,202.0585,608.3031,3.1758,0.4866,2.6892,win,16.0,1433.9905,1772637360000
2026-03-04,LONG,207.2574,208.0621,203.1123,609.446,2.3661,0.4876,1.8785,win,36.0,1435.869,1772638560000
2026-03-04,LONG,209.7196,210.3734,205.5252,610.2443,1.9025,0.4882,1.4143,win,63.0,1437.2833,1772641080000
2026-03-04,LONG,211.5104,209.9667,207.2802,610.8454,-4.4583,0.4887,-4.947,loss,22.0,1432.3363,1772651580000
2026-03-04,SHORT,208.9412,207.5573,213.12,608.7429,4.032,0.487,3.545,win,1060.0,1435.8813,1772657460000
2026-03-05,LONG,211.7994,210.9488,207.5634,610.2496,-2.4508,0.4882,-2.939,loss,5.0,1432.9423,1772721360000
2026-03-05,LONG,212.3179,211.7523,208.0715,609.0005,-1.6222,0.4872,-2.1094,loss,8.0,1430.8329,1772722440000
2026-03-05,SHORT,206.0626,206.4686,210.1838,608.104,-1.1983,0.4865,-1.6848,loss,7.0,1429.1481,1772726760000
2026-03-05,SHORT,205.3358,206.1158,209.4425,607.3879,-2.3074,0.4859,-2.7933,loss,16.0,1426.3548,1772727360000
2026-03-05,LONG,208.3327,206.7626,204.1661,606.2008,-4.5688,0.485,-5.0538,loss,11.0,1421.301,1772730300000
2026-03-05,SHORT,204.624,203.5454,208.7165,604.0529,3.184,0.4832,2.7008,win,42.0,1424.0018,1772731920000
2026-03-05,LONG,204.014,203.3005,199.9337,605.2008,-2.1166,0.4842,-2.6008,loss,20.0,1421.401,1772737560000
2026-03-05,LONG,204.79,204.9373,200.6942,604.0954,0.4344,0.4833,-0.0489,win,1095.0,1421.3521,1772741700000
2026-03-06,SHORT,204.1589,200.0678,208.242,604.0746,12.1047,0.4833,11.6214,win,6.0,1432.9735,1772807460000
2026-03-06,SHORT,201.3266,197.5882,205.3531,609.0137,11.3088,0.4872,10.8216,win,20.0,1443.7951,1772808060000
2026-03-06,SHORT,196.7906,197.9712,200.7264,613.6129,-3.6812,0.4909,-4.1721,loss,5.0,1439.623,1772809620000
2026-03-06,SHORT,196.1719,196.9531,200.0953,611.8398,-2.4365,0.4895,-2.926,loss,6.0,1436.697,1772812200000
2026-03-06,SHORT,195.704,196.4088,199.6181,610.5962,-2.1989,0.4885,-2.6874,loss,14.0,1434.0096,1772818560000
2026-03-06,SHORT,195.7179,196.812,199.6322,609.4541,-3.407,0.4876,-3.8946,loss,8.0,1430.115,1772827860000
2026-03-09,LONG,198.0634,201.7133,194.1022,607.7989,11.2003,0.4862,10.7141,win,8.0,1440.8291,1773063000000
2026-03-09,LONG,200.423,202.0406,196.4145,612.3524,4.9425,0.4899,4.4526,win,5.0,1445.2817,1773063660000
2026-03-09,SHORT,195.5673,194.4634,199.4786,614.2447,3.4672,0.4914,2.9758,win,8.0,1448.2575,1773065340000
2026-03-09,SHORT,195.1464,196.5499,199.0493,615.5094,-4.4268,0.4924,-4.9192,loss,11.0,1443.3383,1773072900000
2026-03-09,SHORT,195.1623,195.4915,199.0655,613.4188,-1.0348,0.4907,-1.5255,loss,34.0,1441.8128,1773078120000
2026-03-09,LONG,196.3356,199.5904,192.4089,612.7704,10.1584,0.4902,9.6682,win,22.0,1451.481,1773083940000
2026-03-10,LONG,200.9786,204.4512,196.9591,616.8794,10.6586,0.4935,10.1651,win,1.0,1461.6461,1773149400000
2026-03-10,SHORT,196.5516,198.0317,200.4827,621.1996,-4.6777,0.497,-5.1747,loss,1.0,1456.4714,1773150300000
2026-03-10,LONG,200.7744,199.4515,196.759,619.0003,-4.0787,0.4952,-4.5739,loss,19.0,1451.8975,1773162420000
2026-03-10,SHORT,198.2619,198.5458,202.2271,617.0564,-0.8835,0.4936,-1.3771,loss,7.0,1450.5204,1773164160000
2026-03-10,SHORT,197.3286,197.6486,201.2751,616.4712,-0.9999,0.4932,-1.4931,loss,13.0,1449.0273,1773166440000
2026-03-11,LONG,198.5272,201.6637,194.5566,615.8366,9.7295,0.4927,9.2368,win,11.0,1458.2641,1773235800000
2026-03-11,SHORT,194.1068,194.1811,197.9889,619.7622,-0.2374,0.4958,-0.7332,loss,25.0,1457.5309,1773243000000
2026-03-11,LONG,196.5575,197.1501,192.6264,619.4506,1.8675,0.4956,1.3719,win,66.0,1458.9028,1773246660000
2026-03-11,LONG,198.7918,197.2294,194.8159,620.0337,-4.8729,0.496,-5.3689,loss,21.0,1453.5339,1773255120000
2026-03-11,LONG,199.0778,197.4874,195.0962,617.7519,-4.9353,0.4942,-5.4295,loss,1056.0,1448.1044,1773258840000
2026-03-12,SHORT,197.3562,195.7838,201.3033,615.4444,4.9032,0.4924,4.4108,win,5.0,1452.5152,1773322260000
2026-03-12,SHORT,196.0019,195.8746,199.9219,617.319,0.401,0.4939,-0.0929,win,7.0,1452.4223,1773323040000
2026-03-12,SHORT,194.5469,195.2698,198.4378,617.2795,-2.2936,0.4938,-2.7874,loss,5.0,1449.6349,1773323760000
2026-03-12,SHORT,193.6272,194.4432,197.4997,616.0948,-2.5965,0.4929,-3.0894,loss,14.0,1446.5455,1773325920000
2026-03-12,LONG,196.138,196.4061,192.2152,614.7818,0.8403,0.4918,0.3485,win,18.0,1446.894,1773329280000
2026-03-12,SHORT,194.1736,195.5923,198.057,614.93,-4.4931,0.4919,-4.985,loss,9.0,1441.909,1773331680000
2026-03-12,SHORT,193.4998,194.2618,197.3698,612.8113,-2.413,0.4902,-2.9032,loss,23.0,1439.0058,1773342420000
2026-03-13,LONG,195.0618,204.6397,191.1606,611.5775,30.0295,0.4893,29.5402,win,1.0,1468.546,1773408600000
2026-03-13,LONG,197.937,199.9872,193.9783,624.132,6.4646,0.4993,5.9653,win,6.0,1474.5113,1773408960000
2026-03-13,LONG,200.1775,200.0864,196.174,626.6673,-0.2853,0.5013,-0.7866,loss,5.0,1473.7247,1773409560000
2026-03-13,LONG,201.5206,200.7014,197.4901,626.333,-2.5458,0.5011,-3.0469,loss,11.0,1470.6778,1773414780000
2026-03-13,SHORT,198.0226,199.5235,201.9831,625.0381,-4.7375,0.5,-5.2375,loss,4.0,1465.4403,1773416580000
2026-03-13,SHORT,196.5388,197.0237,200.4696,622.8121,-1.5366,0.4982,-2.0348,loss,19.0,1463.4055,1773418380000
2026-03-13,LONG,199.6399,198.2214,195.6471,621.9473,-4.4189,0.4976,-4.9165,loss,2.0,1458.489,1773420840000
2026-03-13,SHORT,196.087,195.4814,200.0088,619.8578,1.9144,0.4959,1.4185,win,120.0,1459.9075,1773424020000
2026-03-16,LONG,196.1029,204.471,192.1808,620.4607,26.4764,0.4964,25.98,win,1.0,1485.8875,1773667800000
2026-03-16,LONG,199.032,202.8342,195.0514,631.5022,12.064,0.5052,11.5588,win,5.0,1497.4463,1773668160000
2026-03-16,LONG,201.3327,200.9792,197.306,636.4147,-1.1174,0.5091,-1.6265,loss,5.0,1495.8198,1773668760000
2026-03-16,LONG,202.9528,204.2627,198.8937,635.7234,4.1032,0.5086,3.5946,win,18.0,1499.4144,1773669780000
2026-03-16,SHORT,201.7898,201.2573,205.8256,637.2511,1.6818,0.5098,1.172,win,67.0,1500.5864,1773676380000
2026-03-16,LONG,202.3609,203.489,198.3137,637.7492,3.5552,0.5102,3.045,win,87.0,1503.6314,1773682260000
2026-03-16,SHORT,202.8115,204.3216,206.8677,639.0433,-4.7582,0.5112,-5.2694,loss,6.0,1498.362,1773687840000
2026-03-17,LONG,204.5044,207.6752,200.4144,636.8039,9.8734,0.5094,9.364,win,6.0,1507.726,1773754200000
2026-03-17,LONG,206.7552,207.209,202.6201,640.7835,1.4064,0.5126,0.8938,win,5.0,1508.6198,1773754860000
2026-03-17,LONG,208.2674,207.5066,204.102,641.1634,-2.3422,0.5129,-2.8551,loss,18.0,1505.7647,1773758880000
2026-03-17,SHORT,204.7234,206.0856,208.8178,639.95,-4.2582,0.512,-4.7702,loss,48.0,1500.9945,1773761820000
2026-03-17,LONG,207.4047,211.7622,203.2566,637.9227,13.4025,0.5103,12.8922,win,79.0,1513.8867,1773765780000
2026-03-17,LONG,212.6794,211.5142,208.4258,643.4018,-3.5249,0.5147,-4.0396,loss,22.0,1509.8471,1773770760000
2026-03-17,SHORT,210.3967,211.055,214.6047,641.685,-2.0078,0.5133,-2.5211,loss,21.0,1507.326,1773776040000
2026-03-18,SHORT,209.5457,205.511,213.7366,640.6135,12.3345,0.5125,11.822,win,4.0,1519.148,1773840600000
2026-03-18,SHORT,207.7031,206.9827,211.8572,645.6379,2.2394,0.5165,1.7229,win,6.0,1520.8709,1773840960000
2026-03-18,SHORT,206.5217,202.7693,210.6522,646.3701,11.7444,0.5171,11.2273,win,74.0,1532.0982,1773841560000
2026-03-18,SHORT,202.1223,203.1322,206.1648,651.1417,-3.2533,0.5209,-3.7742,loss,25.0,1528.324,1773851100000
2026-03-18,LONG,203.525,207.328,199.4545,649.5377,12.1369,0.5196,11.6173,win,68.0,1539.9413,1773853860000
2026-03-18,LONG,208.4613,207.0602,204.2921,654.4751,-4.399,0.5236,-4.9226,loss,5.0,1535.0187,1773858960000
2026-03-18,SHORT,205.2024,194.1206,209.3064,652.3829,35.2312,0.5219,34.7093,win,1117.0,1569.728,1773860100000
2026-03-19,SHORT,200.0147,194.1408,204.015,667.1344,19.5919,0.5337,19.0582,win,5.0,1588.7862,1773927360000
2026-03-19,SHORT,197.1738,198.0518,201.1173,675.2341,-3.0069,0.5402,-3.5471,loss,5.0,1585.2391,1773927960000
2026-03-19,SHORT,196.4472,196.2475,200.3762,673.7266,0.6849,0.539,0.1459,win,50.0,1585.385,1773937980000
2026-03-19,LONG,197.816,203.8659,193.8597,673.7886,20.6069,0.539,20.0679,win,93.0,1605.4529,1773942720000
2026-03-20,SHORT,201.6429,201.3077,205.6758,682.3175,1.1343,0.5459,0.5884,win,5.0,1606.0413,1774013460000
2026-03-20,SHORT,200.6407,201.9528,204.6535,682.5676,-4.4638,0.5461,-5.0099,loss,7.0,1601.0314,1774014060000
2026-03-20,SHORT,199.696,200.1182,203.6899,680.4383,-1.4388,0.5444,-1.9832,loss,7.0,1599.0482,1774015020000
2026-03-20,SHORT,198.6282,199.7856,202.6008,679.5955,-3.9599,0.5437,-4.5036,loss,3.0,1594.5446,1774015680000
2026-03-20,SHORT,199.1383,200.4408,203.1211,677.6815,-4.4324,0.5421,-4.9745,loss,4.0,1589.5701,1774019940000
2026-03-20,SHORT,199.3253,196.943,203.3118,675.5673,8.0741,0.5405,7.5336,win,91.0,1597.1037,1774024260000
2026-03-20,SHORT,195.8066,196.4491,199.7227,678.7691,-2.2275,0.543,-2.7705,loss,23.0,1594.3332,1774030980000
2026-03-23,LONG,198.1824,199.1142,194.2188,677.5916,3.1858,0.5421,2.6437,win,1.0,1596.9769,1774272600000
2026-03-23,LONG,198.8203,200.6915,194.8439,678.7152,6.3879,0.543,5.8449,win,10.0,1602.8218,1774272960000
2026-03-23,LONG,201.103,201.6538,197.081,681.1993,1.8656,0.545,1.3206,win,5.0,1604.1424,1774273860000
2026-03-23,LONG,203.7162,202.0902,199.6419,681.7605,-5.4416,0.5454,-5.987,loss,4.0,1598.1554,1774275840000
2026-03-23,SHORT,200.1486,199.2312,204.1516,679.216,3.1134,0.5434,2.57,win,16.0,1600.7254,1774280100000
2026-03-23,SHORT,198.3714,197.7797,202.3388,680.3083,2.0293,0.5442,1.4851,win,12.0,1602.2105,1774281360000
2026-03-23,LONG,199.6389,201.4454,195.6462,680.9395,6.1617,0.5448,5.6169,win,53.0,1607.8274,1774287300000
2026-03-23,LONG,203.171,202.2986,199.1076,683.3266,-2.9344,0.5467,-3.4811,loss,40.0,1604.3463,1774290960000
2026-03-23,SHORT,201.3909,199.3622,205.4187,681.8472,6.8683,0.5455,6.3228,win,1063.0,1610.6691,1774295280000
2026-03-24,SHORT,200.0579,196.0157,204.0591,684.5344,13.8312,0.5476,13.2836,win,22.0,1623.9527,1774359480000
2026-03-24,SHORT,195.8202,183.9298,199.7366,690.1799,41.9086,0.5521,41.3565,win,50.0,1665.3092,1774360860000
2026-03-24,SHORT,184.7569,185.4922,188.452,707.7564,-2.8168,0.5662,-3.383,loss,5.0,1661.9262,1774364160000
2026-03-24,SHORT,183.7712,185.099,187.4467,706.3186,-5.1033,0.5651,-5.6684,loss,9.0,1656.2578,1774365000000
2026-03-24,SHORT,183.7759,182.6294,187.4515,703.9096,4.3914,0.5631,3.8283,win,7.0,1660.0861,1774366140000
2026-03-24,SHORT,181.9111,178.9301,185.5493,705.5366,11.5616,0.5644,10.9972,win,77.0,1671.0833,1774370280000
2026-03-24,LONG,180.7691,182.7958,177.1537,710.2104,7.9628,0.5682,7.3946,win,32.0,1678.4779,1774376100000
2026-03-25,LONG,183.02,185.3651,179.3596,713.3531,9.1405,0.5707,8.5698,win,1.0,1687.0477,1774445400000
2026-03-25,LONG,184.2813,188.5792,180.5957,716.9953,16.7221,0.5736,16.1485,win,8.0,1703.1962,1774445760000
2026-03-25,LONG,186.9852,187.6963,183.2455,723.8584,2.7527,0.5791,2.1736,win,13.0,1705.3698,1774446360000
2026-03-25,SHORT,185.5987,185.472,189.3107,724.7822,0.4948,0.5798,-0.085,win,16.0,1705.2848,1774451280000
2026-03-25,SHORT,184.3683,183.8189,188.0556,724.746,2.1596,0.5798,1.5798,win,44.0,1706.8646,1774453140000
2026-03-25,LONG,185.0708,184.7104,181.3693,725.4175,-1.4125,0.5803,-1.9928,loss,16.0,1704.8718,1774456200000
2026-03-25,SHORT,182.8999,181.5811,186.5579,724.5705,5.2245,0.5797,4.6448,win,24.0,1709.5166,1774459140000
2026-03-25,SHORT,180.903,181.6819,184.5211,726.5446,-3.1282,0.5812,-3.7094,loss,11.0,1705.8072,1774460820000
2026-03-25,LONG,182.4508,181.4864,178.8018,724.9681,-3.832,0.58,-4.412,loss,32.0,1701.3952,1774466640000
2026-03-26,SHORT,180.7757,175.6339,184.3912,723.093,20.567,0.5785,19.9885,win,6.0,1721.3837,1774531800000
2026-03-26,SHORT,177.796,177.1762,181.3519,731.5881,2.5505,0.5853,1.9652,win,5.0,1723.3489,1774532460000
2026-03-26,SHORT,175.7884,177.0451,179.3042,732.4233,-5.236,0.5859,-5.8219,loss,2.0,1717.527,1774536840000
2026-03-26,SHORT,174.9656,174.9485,178.4649,729.949,0.0712,0.584,-0.5128,win,40.0,1717.0142,1774538040000
2026-03-26,SHORT,173.5322,173.3962,177.0028,729.731,0.5719,0.5838,-0.0119,win,72.0,1717.0023,1774541400000
2026-03-26,LONG,173.9758,172.9651,170.4963,729.726,-4.2394,0.5838,-4.8232,loss,52.0,1712.1791,1774546380000
2026-03-26,SHORT,172.7881,173.7792,176.2439,727.6761,-4.1739,0.5821,-4.756,loss,14.0,1707.4231,1774549560000
2026-03-26,LONG,174.5712,173.5107,171.0798,725.6548,-4.4081,0.5805,-4.9886,loss,17.0,1702.4345,1774553760000
2026-03-27,SHORT,172.6611,161.3909,176.1143,723.5347,47.2277,0.5788,46.6489,win,60.0,1749.0834,1774618200000
2026-03-27,SHORT,161.0747,162.1267,164.2962,743.3604,-4.8549,0.5947,-5.4496,loss,17.0,1743.6338,1774622100000
2026-03-27,SHORT,160.559,161.2195,163.7702,741.0444,-3.0486,0.5928,-3.6414,loss,8.0,1739.9924,1774624500000
2026-03-27,LONG,163.1425,162.2118,159.8796,739.4968,-4.2184,0.5916,-4.81,loss,26.0,1735.1824,1774626300000
2026-03-27,SHORT,161.1915,162.4291,164.4153,737.4525,-5.6623,0.59,-6.2523,loss,26.0,1728.9301,1774629600000
2026-03-27,SHORT,160.9089,162.0864,164.1271,734.7953,-5.377,0.5878,-5.9648,loss,12.0,1722.9653,1774633800000
2026-03-27,LONG,163.1433,162.1325,159.8804,732.2603,-4.5371,0.5858,-5.1229,loss,23.0,1717.8424,1774636440000
2026-03-27,SHORT,161.2739,161.8142,164.4994,730.083,-2.4459,0.5841,-3.03,loss,3985.0,1714.8124,1774638300000
2026-03-30,LONG,162.2538,165.0093,159.0087,728.7953,12.3769,0.583,11.7939,win,5.0,1726.6063,1774877460000
2026-03-30,LONG,164.3435,163.5312,161.0566,733.8077,-3.6269,0.587,-4.2139,loss,5.0,1722.3924,1774878060000
2026-03-30,LONG,163.3138,163.5808,160.0476,732.0168,1.1966,0.5856,0.611,win,12.0,1723.0034,1774882620000
2026-03-30,SHORT,161.8459,159.7982,165.0828,732.2764,9.2646,0.5858,8.6788,win,163.0,1731.6822,1774889580000
2026-03-30,LONG,160.5919,164.2157,157.3801,735.9649,16.607,0.5888,16.0182,win,1061.0,1747.7004,1774900500000
2026-03-31,LONG,162.8937,166.2691,159.6358,742.7727,15.3916,0.5942,14.7974,win,15.0,1762.4978,1774964460000
2026-03-31,LONG,166.383,166.4576,163.0554,749.0616,0.3358,0.5992,-0.2634,win,6.0,1762.2344,1774965660000
2026-03-31,LONG,167.374,168.1043,164.0265,748.9496,3.2681,0.5992,2.6689,win,21.0,1764.9033,1774966500000
2026-03-31,SHORT,165.2741,165.947,168.5796,750.0839,-3.0539,0.6001,-3.654,loss,9.0,1761.2493,1774968720000
2026-03-31,LONG,168.6202,171.368,165.2478,748.531,12.1979,0.5988,11.5991,win,8.0,1772.8484,1774975080000
2026-03-31,LONG,170.6972,172.4493,167.2833,753.4606,7.7336,0.6028,7.1308,win,16.0,1779.9792,1774975860000
2026-03-31,LONG,173.0083,173.4016,169.5481,756.4912,1.7198,0.6052,1.1146,win,18.0,1781.0938,1774977060000
2026-03-31,LONG,174.3618,174.4432,170.8746,756.9649,0.3534,0.6056,-0.2522,win,92.0,1780.8416,1774981680000
2026-04-01,LONG,175.7989,177.8358,172.283,756.8577,8.7694,0.6055,8.1639,win,1.0,1789.0055,1775050200000
2026-04-01,LONG,176.5985,176.0205,173.0665,760.3273,-2.4885,0.6083,-3.0968,loss,5.0,1785.9087,1775050560000
2026-04-01,SHORT,173.0085,173.2651,176.4686,759.0112,-1.1259,0.6072,-1.7331,loss,5.0,1784.1756,1775051160000
2026-04-01,LONG,176.5564,175.1971,173.0253,758.2746,-5.838,0.6066,-6.4446,loss,5.0,1777.731,1775060580000
2026-04-01,LONG,177.4389,176.2784,173.8902,755.5357,-4.9416,0.6044,-5.546,loss,32.0,1772.185,1775062980000
2026-04-01,SHORT,175.7287,173.9808,179.2433,753.1786,7.4917,0.6025,6.8892,win,90.0,1779.0742,1775066100000
2026-04-02,SHORT,172.7142,164.9693,176.1685,756.1065,33.9056,0.6049,33.3007,win,17.0,1812.3749,1775136600000
2026-04-02,SHORT,166.7289,165.4733,170.0634,770.2593,5.8006,0.6162,5.1844,win,8.0,1817.5593,1775137860000
2026-04-02,SHORT,165.5332,165.3826,168.8438,772.4627,0.7029,0.618,0.0849,win,5.0,1817.6442,1775138460000
2026-04-02,LONG,169.0204,171.249,165.64,772.4988,10.1857,0.618,9.5677,win,5.0,1827.2119,1775140560000
2026-04-02,LONG,172.569,171.2192,169.1176,776.5651,-6.0742,0.6213,-6.6955,loss,3.0,1820.5164,1775143680000
2026-04-02,LONG,172.3909,171.0307,168.943,773.7195,-6.1045,0.619,-6.7235,loss,12.0,1813.7929,1775148600000
2026-04-02,SHORT,170.7625,171.7834,174.1778,770.862,-4.6083,0.6167,-5.225,loss,65.0,1808.5679,1775152080000
2026-04-06,LONG,172.1343,174.5226,168.6916,768.6414,10.6645,0.6149,10.0496,win,1.0,1818.6175,1775482200000
2026-04-06,LONG,173.5167,176.3082,170.0464,772.9124,12.4341,0.6183,11.8158,win,5.0,1830.4333,1775482560000
2026-04-06,LONG,175.3588,175.088,171.8517,777.9342,-1.2015,0.6223,-1.8238,loss,9.0,1828.6095,1775483160000
2026-04-06,LONG,176.2675,175.336,172.7422,777.159,-4.107,0.6217,-4.7287,loss,1.0,1823.8808,1775484000000
2026-04-06,LONG,177.7436,176.3578,174.1888,775.1493,-6.0438,0.6201,-6.6639,loss,12.0,1817.2169,1775493840000
2026-04-06,SHORT,176.0733,175.0896,179.5947,772.3172,4.3147,0.6179,3.6968,win,69.0,1820.9137,1775494860000
2026-04-06,LONG,175.66,175.217,172.1468,773.8883,-1.9517,0.6191,-2.5708,loss,90.0,1818.3429,1775499060000
2026-04-06,SHORT,174.9126,170.6846,178.4108,772.7957,18.6798,0.6182,18.0616,win,1077.0,1836.4045,1775505420000
2026-04-07,SHORT,170.7098,167.4389,174.124,780.4719,14.9545,0.6244,14.3301,win,25.0,1850.7346,1775570160000
2026-04-07,SHORT,166.8218,168.0134,170.1583,786.5622,-5.6184,0.6292,-6.2476,loss,11.0,1844.487,1775572500000
2026-04-07,SHORT,166.3927,167.5498,169.7206,783.907,-5.4511,0.6271,-6.0782,loss,11.0,1838.4088,1775574300000
2026-04-07,LONG,168.865,171.983,165.4877,781.3237,14.4269,0.6251,13.8018,win,31.0,1852.2106,1775576100000
2026-04-07,LONG,171.1615,173.3123,167.7383,787.1895,9.8918,0.6298,9.262,win,46.0,1861.4726,1775578260000
2026-04-07,SHORT,171.5879,172.872,175.0197,791.1259,-5.9204,0.6329,-6.5533,loss,15.0,1854.9193,1775582400000
2026-04-07,LONG,173.5981,172.3798,170.1262,788.3407,-5.5325,0.6307,-6.1632,loss,54.0,1848.7561,1775583360000
2026-04-07,SHORT,171.914,172.2067,175.3523,785.7213,-1.3377,0.6286,-1.9663,loss,38.0,1846.7898,1775587200000
2026-04-07,LONG,172.9741,187.8352,169.5146,784.8857,67.4336,0.6279,66.8057,win,1090.0,1913.5955,1775589660000
2026-04-08,LONG,178.861,183.7283,175.2837,813.2781,22.1318,0.6506,21.4812,win,5.0,1935.0767,1775655360000
2026-04-08,LONG,181.3936,182.161,177.7657,822.4076,3.479,0.6579,2.8211,win,5.0,1937.8978,1775655960000
2026-04-08,SHORT,178.0625,178.3757,181.6238,823.6066,-1.4484,0.6589,-2.1073,loss,9.0,1935.7905,1775660100000
2026-04-08,LONG,180.6894,179.6314,177.0756,822.711,-4.8175,0.6582,-5.4757,loss,41.0,1930.3148,1775663340000
2026-04-08,SHORT,178.8366,179.3635,182.4133,820.3838,-2.4173,0.6563,-3.0736,loss,29.0,1927.2412,1775668020000
2026-04-08,SHORT,178.1742,174.4747,181.7377,819.0775,17.0069,0.6553,16.3516,win,61.0,1943.5928,1775672280000
2026-04-08,SHORT,173.8775,174.9787,177.355,826.0269,-5.2316,0.6608,-5.8924,loss,13.0,1937.7004,1775676120000
2026-04-09,LONG,175.956,174.9094,172.4369,823.5227,-4.8981,0.6588,-5.5569,loss,2.0,1932.1435,1775741400000
2026-04-09,SHORT,173.2242,170.6544,176.6887,821.161,12.1819,0.6569,11.525,win,23.0,1943.6685,1775741760000
2026-04-09,SHORT,170.3498,167.8824,173.7568,826.0591,11.9651,0.6608,11.3043,win,34.0,1954.9728,1775743260000
2026-04-09,LONG,170.5519,170.5942,167.1408,830.8634,0.2065,0.6647,-0.4582,win,18.0,1954.5146,1775747520000
2026-04-09,LONG,171.6826,174.5325,168.2489,830.6687,13.789,0.6645,13.1245,win,42.0,1967.6391,1775748720000
2026-04-09,LONG,175.138,173.8282,171.6353,836.2466,-6.2543,0.669,-6.9233,loss,11.0,1960.7158,1775751420000
2026-04-09,SHORT,171.9176,172.9627,175.356,833.3042,-5.0657,0.6666,-5.7323,loss,19.0,1954.9835,1775753280000
2026-04-09,SHORT,172.0055,169.9387,175.4456,830.868,9.9835,0.6647,9.3188,win,65.0,1964.3023,1775757720000
2026-04-09,SHORT,168.6162,169.6766,171.9886,834.8285,-5.2501,0.6679,-5.918,loss,1075.0,1958.3843,1775763300000
2026-04-10,LONG,170.0753,166.6738,166.6738,832.3133,-16.6463,0.6659,-17.3122,loss,3.0,1941.0721,1775827860000
2026-04-10,SHORT,167.4319,166.0579,170.7805,824.9556,6.7697,0.66,6.1097,win,5.0,1947.1818,1775828160000
2026-04-10,SHORT,166.0747,164.6266,169.3962,827.5523,7.2159,0.662,6.5539,win,6.0,1953.7357,1775828760000
2026-04-10,SHORT,164.918,164.5661,168.2164,830.3377,1.7719,0.6643,1.1076,win,17.0,1954.8433,1775829360000
2026-04-10,LONG,168.3916,167.9357,165.0237,830.8084,-2.2493,0.6646,-2.9139,loss,11.0,1951.9294,1775831580000
2026-04-10,LONG,168.0343,167.7075,164.6736,829.57,-1.6133,0.6637,-2.277,loss,75.0,1949.6524,1775837520000
2026-04-10,SHORT,167.2436,167.9832,170.5885,828.6023,-3.6644,0.6629,-4.3273,loss,18.0,1945.3251,1775842440000
2026-04-10,SHORT,166.6036,167.7715,169.9356,826.7632,-5.7959,0.6614,-6.4573,loss,34.0,1938.8678,1775846460000
2026-04-10,LONG,167.8085,166.9536,164.4523,824.0188,-4.1979,0.6592,-4.8571,loss,3973.0,1934.0107,1775848620000
2026-04-13,SHORT,166.9935,165.8966,170.3334,821.9545,5.3988,0.6576,4.7412,win,10.0,1938.7519,1776087060000
2026-04-13,LONG,168.1897,171.7549,164.8259,823.9696,17.466,0.6592,16.8068,win,16.0,1955.5587,1776088020000
2026-04-13,LONG,171.9182,171.2192,168.4798,831.1124,-3.379,0.6649,-4.0439,loss,9.0,1951.5148,1776089160000
2026-04-13,LONG,173.5165,172.7568,170.0462,829.3938,-3.6313,0.6635,-4.2948,loss,6.0,1947.22,1776090600000
2026-04-13,LONG,174.3049,173.6397,170.8188,827.5685,-3.1582,0.6621,-3.8203,loss,6.0,1943.3997,1776092280000
2026-04-13,SHORT,171.3184,172.2571,174.7448,825.9449,-4.5256,0.6608,-5.1864,loss,32.0,1938.2133,1776094440000
2026-04-13,LONG,173.2985,172.4394,169.8325,823.7407,-4.0836,0.659,-4.7426,loss,77.0,1933.4707,1776097980000
2026-04-13,SHORT,172.3743,172.9022,175.8218,821.725,-2.5166,0.6574,-3.174,loss,91.0,1930.2967,1776102660000
2026-04-13,LONG,172.8379,183.391,169.3811,820.3761,50.0908,0.6563,49.4345,win,1090.0,1979.7312,1776108360000
2026-04-14,LONG,179.6639,184.9286,176.0707,841.3858,24.6552,0.6731,23.9821,win,11.0,2003.7133,1776174060000
2026-04-14,LONG,183.6019,184.5814,179.9299,851.5782,4.5431,0.6813,3.8618,win,6.0,2007.5751,1776174960000
2026-04-14,LONG,186.5491,185.6528,182.8181,853.2194,-4.0993,0.6826,-4.7819,loss,7.0,2002.7932,1776177060000
2026-04-14,LONG,186.2054,185.5734,182.4813,851.1871,-2.8888,0.6809,-3.5697,loss,84.0,1999.2235,1776180900000
2026-04-14,SHORT,185.1508,183.3451,188.8538,849.67,8.2862,0.6797,7.6065,win,67.0,2006.83,1776187980000
2026-04-14,LONG,184.2002,184.4822,180.5162,852.9027,1.306,0.6823,0.6237,win,1108.0,2007.4537,1776193380000
2026-04-15,LONG,185.3185,185.1171,181.6122,853.1678,-0.9273,0.6825,-1.6098,loss,5.0,2005.8439,1776260160000
2026-04-15,LONG,186.0591,192.071,182.3379,852.4837,27.5454,0.682,26.8634,win,35.0,2032.7073,1776260760000
2026-04-15,LONG,192.26,191.5354,188.4148,863.9006,-3.2562,0.6911,-3.9473,loss,13.0,2028.76,1776263160000
2026-04-15,SHORT,189.4461,190.7842,193.235,862.223,-6.09,0.6898,-6.7798,loss,26.0,2021.9802,1776267360000
2026-04-15,LONG,191.7168,190.5731,187.8825,859.3416,-5.1265,0.6875,-5.814,loss,19.0,2016.1662,1776270060000
2026-04-15,SHORT,189.8577,189.383,193.6548,856.8706,2.1421,0.6855,1.4566,win,23.0,2017.6228,1776271260000
2026-04-15,LONG,190.5923,196.3962,186.7804,857.4897,26.1122,0.686,25.4262,win,1169.0,2043.049,1776276120000
2026-04-16,SHORT,193.7249,194.04,197.5994,868.2958,-1.4122,0.6946,-2.1068,loss,3.0,2040.9422,1776346680000
2026-04-16,SHORT,192.3818,191.1773,196.2294,867.4004,5.4309,0.6939,4.737,win,4.0,2045.6792,1776347520000
2026-04-16,SHORT,190.4241,190.9656,194.2326,869.4137,-2.4724,0.6955,-3.1679,loss,6.0,2042.5113,1776348060000
2026-04-16,SHORT,189.1236,190.1088,192.9061,868.0673,-4.5218,0.6945,-5.2163,loss,9.0,2037.295,1776349200000
2026-04-16,LONG,193.7059,198.9555,189.8318,865.8504,23.4652,0.6927,22.7725,win,75.0,2060.0675,1776352080000
2026-04-16,SHORT,195.2899,196.3382,199.1957,875.5287,-4.7001,0.7004,-5.4005,loss,10.0,2054.667,1776359640000
2026-04-16,LONG,198.1554,205.2746,194.1923,873.2335,31.3726,0.6986,30.674,win,1119.0,2085.341,1776365520000
2026-04-17,LONG,202.2422,204.8678,198.1973,886.2699,11.5063,0.709,10.7973,win,5.0,2096.1383,1776432960000
2026-04-17,LONG,204.3775,206.207,200.29,890.8588,7.9747,0.7127,7.262,win,10.0,2103.4003,1776433560000
2026-04-17,LONG,207.0586,213.9645,202.9174,893.9451,29.8152,0.7152,29.1,win,54.0,2132.5003,1776434460000
2026-04-17,LONG,214.3331,213.3594,210.0465,906.3126,-4.1177,0.7251,-4.8428,loss,7.0,2127.6575,1776437760000
2026-04-17,SHORT,211.825,208.0512,216.0615,904.2544,16.1097,0.7234,15.3863,win,100.0,2143.0438,1776445680000
2026-04-17,SHORT,206.3843,202.7491,210.512,910.7936,16.0425,0.7286,15.3139,win,3959.0,2158.3577,1776454440000
2026-04-20,SHORT,204.1877,201.7411,208.2714,917.302,10.991,0.7338,10.2572,win,8.0,2168.6149,1776692160000
2026-04-20,SHORT,202.2038,203.1725,206.2479,921.6613,-4.4153,0.7373,-5.1526,loss,19.0,2163.4623,1776696660000
2026-04-20,LONG,205.9335,206.1872,201.8149,919.4715,1.1326,0.7356,0.397,win,37.0,2163.8593,1776698640000
2026-04-20,LONG,206.7893,210.7107,202.6535,919.6402,17.4394,0.7357,16.7037,win,1226.0,2180.563,1776704640000
2026-04-21,SHORT,210.1064,207.1238,214.3085,926.7393,13.1556,0.7414,12.4142,win,10.0,2192.9772,1776778260000
2026-04-21,SHORT,205.8671,202.1746,209.9844,932.0153,16.7169,0.7456,15.9713,win,19.0,2208.9485,1776782940000
2026-04-21,SHORT,200.8715,200.1182,204.8889,938.8031,3.5204,0.751,2.7694,win,2.0,2211.7179,1776786840000
2026-04-21,SHORT,199.5032,200.2694,203.4933,939.9801,-3.6101,0.752,-4.3621,loss,3.0,2207.3558,1776788880000
2026-04-21,SHORT,199.1172,198.1627,203.0995,938.1262,4.4968,0.7505,3.7463,win,32.0,2211.1021,1776791160000
2026-04-21,SHORT,197.0643,196.2979,201.0055,939.7184,3.6544,0.7518,2.9026,win,12.0,2214.0047,1776800280000
2026-04-21,SHORT,195.669,196.4088,199.5824,940.952,-3.5576,0.7528,-4.3104,loss,1059.0,2209.6943,1776801060000
2026-04-22,LONG,198.6988,204.6496,194.7248,939.1201,28.1258,0.7513,27.3745,win,5.0,2237.0688,1776864660000
2026-04-22,LONG,203.2447,208.0621,199.1798,950.7542,22.5351,0.7606,21.7745,win,10.0,2258.8433,1776865260000
2026-04-22,LONG,207.7514,209.1334,203.5964,960.0084,6.3861,0.768,5.6181,win,9.0,2264.4614,1776866160000
2026-04-22,LONG,209.6147,209.689,205.4224,962.3961,0.3408,0.7699,-0.4291,win,14.0,2264.0323,1776866760000
2026-04-22,SHORT,205.3525,206.0755,209.4596,962.2137,-3.3877,0.7698,-4.1575,loss,43.0,2259.8748,1776875220000
2026-04-22,SHORT,204.5796,205.9747,208.6712,960.4468,-6.5498,0.7684,-7.3182,loss,27.0,2252.5566,1776882120000
2026-04-22,LONG,206.3151,205.0266,202.1888,957.3366,-5.9793,0.7659,-6.7452,loss,54.0,2245.8114,1776883860000
2026-04-22,SHORT,204.9616,203.2229,209.0608,954.4698,8.0968,0.7636,7.3332,win,1065.0,2253.1446,1776887160000
2026-04-23,SHORT,204.129,199.6848,208.2116,957.5865,20.8483,0.7661,20.0822,win,29.0,2273.2268,1776951420000
2026-04-23,SHORT,199.0084,199.3723,202.9886,966.1214,-1.7668,0.7729,-2.5397,loss,12.0,2270.6871,1776953460000
2026-04-23,LONG,202.5942,202.3085,198.5423,965.042,-1.3609,0.772,-2.1329,loss,50.0,2268.5542,1776956100000
2026-04-23,SHORT,200.1976,198.1426,204.2016,964.1355,9.897,0.7713,9.1257,win,25.0,2277.6799,1776963660000
2026-04-23,SHORT,196.9939,195.6326,200.9337,968.014,6.6889,0.7744,5.9145,win,16.0,2283.5944,1776965760000
2026-04-23,SHORT,196.9775,198.3341,200.917,970.5276,-6.684,0.7764,-7.4604,loss,17.0,2276.134,1776970740000
2026-04-24,LONG,198.6123,200.8304,194.64,967.357,10.8036,0.7739,10.0297,win,8.0,2286.1637,1777037400000
2026-04-24,LONG,200.3753,200.265,196.3678,971.6196,-0.535,0.7773,-1.3123,loss,10.0,2284.8514,1777038060000
2026-04-24,SHORT,197.4971,198.7877,201.4471,971.0618,-6.3454,0.7768,-7.1222,loss,7.0,2277.7292,1777039440000
2026-04-24,LONG,200.1155,199.8582,196.1132,968.0349,-1.2445,0.7744,-2.0189,loss,19.0,2275.7103,1777045440000
2026-04-24,LONG,200.4063,200.384,196.3981,967.1769,-0.1075,0.7737,-0.8812,loss,142.0,2274.8291,1777050660000
2026-04-24,SHORT,200.1167,199.3723,204.119,966.8024,3.5962,0.7734,2.8228,win,3956.0,2277.6519,1777059360000
2026-04-27,LONG,201.1954,202.1398,197.1715,968.0021,4.5441,0.7744,3.7697,win,7.0,2281.4216,1777296960000
2026-04-27,SHORT,198.104,197.1346,202.0661,969.6042,4.7448,0.7757,3.9691,win,61.0,2285.3907,1777302180000
2026-04-27,SHORT,195.8453,196.943,199.7622,971.291,-5.4442,0.777,-6.2212,loss,36.0,2279.1695,1777307700000
2026-04-27,LONG,197.2517,196.9914,193.3066,968.647,-1.2784,0.7749,-2.0533,loss,134.0,2277.1162,1777310160000
2026-04-27,SHORT,197.0115,191.1974,200.9517,967.7744,28.5603,0.7742,27.7861,win,1081.0,2304.9023,1777318260000
2026-04-28,SHORT,194.0085,192.8506,197.8887,979.5835,5.8466,0.7837,5.0629,win,5.0,2309.9652,1777383360000
2026-04-28,SHORT,191.3668,191.641,195.1941,981.7352,-1.4065,0.7854,-2.1919,loss,11.0,2307.7733,1777387680000
2026-04-28,LONG,192.4234,194.3328,188.5749,980.8037,9.7326,0.7846,8.948,win,163.0,2316.7213,1777395180000
2026-04-29,SHORT,193.81,180.5227,197.6862,984.6066,67.5031,0.7877,66.7154,win,6.0,2383.4367,1777469400000
2026-04-29,SHORT,186.9215,180.936,190.6599,1012.9606,32.4363,0.8104,31.6259,win,9.0,2415.0626,1777470060000
2026-04-29,SHORT,183.6365,179.6659,187.3092,1026.4016,22.1926,0.8211,21.3715,win,31.0,2436.4341,1777470660000
2026-04-29,SHORT,178.7665,179.051,182.3418,1035.4845,-1.6482,0.8284,-2.4766,loss,46.0,2433.9575,1777473060000
2026-04-29,LONG,180.7639,179.5818,177.1486,1034.4319,-6.7649,0.8275,-7.5924,loss,8.0,2426.3651,1777476600000
2026-04-29,SHORT,178.3696,179.676,181.937,1031.2052,-7.5525,0.825,-8.3775,loss,16.0,2417.9876,1777478040000
2026-04-29,LONG,180.4547,180.296,176.8456,1027.6447,-0.9037,0.8221,-1.7258,loss,43.0,2416.2618,1777483200000
2026-04-29,SHORT,179.128,180.1094,182.7106,1026.9113,-5.6263,0.8215,-6.4478,loss,26.0,2409.814,1777486140000
2026-04-29,LONG,181.2174,179.919,177.593,1024.1709,-7.3377,0.8193,-8.157,loss,30.0,2401.657,1777489260000
2026-04-29,LONG,181.4664,180.4646,177.8371,1020.7042,-5.6346,0.8166,-6.4512,loss,1054.0,2395.2058,1777492560000
2026-04-30,LONG,182.0466,183.7581,178.4056,1017.9625,9.5703,0.8144,8.7559,win,11.0,2403.9617,1777556400000
2026-04-30,LONG,184.3572,184.393,180.6701,1021.6837,0.198,0.8173,-0.6193,win,13.0,2403.3424,1777557720000
2026-04-30,LONG,186.0931,187.617,182.3712,1021.4205,8.364,0.8171,7.5469,win,51.0,2410.8893,1777560540000
2026-04-30,SHORT,186.7147,186.8933,190.449,1024.628,-0.9802,0.8197,-1.7999,loss,62.0,2409.0894,1777566780000
2026-04-30,LONG,187.004,188.0435,183.2639,1023.863,5.6913,0.8191,4.8722,win,96.0,2413.9616,1777570560000
2026-04-30,SHORT,187.6022,188.4658,191.3542,1025.9337,-4.7227,0.8207,-5.5434,loss,1094.0,2408.4182,1777576560000
2026-05-01,LONG,188.4273,191.3766,184.6587,1023.5777,16.0217,0.8189,15.2028,win,7.0,2423.621,1777642260000
2026-05-01,LONG,190.55,192.4282,186.739,1030.0389,10.1525,0.824,9.3285,win,30.0,2432.9495,1777642860000
2026-05-01,SHORT,191.6844,192.397,195.5181,1034.0035,-3.8437,0.8272,-4.6709,loss,16.0,2428.2786,1777652580000
2026-05-01,LONG,193.1446,192.071,189.2818,1032.0184,-5.7366,0.8256,-6.5622,loss,57.0,2421.7164,1777657080000
2026-05-01,SHORT,191.9921,192.3163,195.832,1029.2295,-1.7379,0.8234,-2.5613,loss,4013.0,2419.1551,1777660620000
2026-05-04,LONG,191.9631,200.7014,188.1238,1028.1409,46.8021,0.8225,45.9796,win,9.0,2465.1347,1777901460000
2026-05-04,LONG,196.6539,200.0666,192.7208,1047.6822,18.1811,0.8381,17.343,win,21.0,2482.4777,1777902060000
2026-05-04,LONG,202.3044,205.0762,198.2583,1055.053,14.455,0.844,13.611,win,37.0,2496.0887,1777904400000
2026-05-04,LONG,205.5691,204.8182,201.4578,1060.8377,-3.875,0.8487,-4.7237,loss,17.0,2491.365,1777906920000
2026-05-04,LONG,205.9557,204.967,201.8366,1058.8301,-5.0826,0.8471,-5.9297,loss,12.0,2485.4353,1777916940000
2026-05-04,SHORT,203.6558,203.9688,207.7289,1056.31,-1.6235,0.845,-2.4685,loss,94.0,2482.9668,1777918500000
2026-05-05,LONG,204.4335,207.2486,200.3449,1055.2609,14.5312,0.8442,13.687,win,1.0,2496.6538,1777987800000
2026-05-05,LONG,205.5525,205.1555,201.4415,1061.0779,-2.0493,0.8489,-2.8982,loss,5.0,2493.7556,1777988160000
2026-05-05,SHORT,201.1776,199.2614,205.2011,1059.8461,10.0946,0.8479,9.2467,win,12.0,2503.0023,1777989120000
2026-05-05,SHORT,198.2591,199.0598,202.2243,1063.776,-4.2966,0.851,-5.1476,loss,6.0,2497.8547,1777989960000
2026-05-05,SHORT,196.3765,197.568,200.304,1061.5882,-6.4413,0.8493,-7.2906,loss,10.0,2490.5641,1777991880000
2026-05-05,SHORT,196.6764,196.1165,200.6099,1058.4897,3.0135,0.8468,2.1667,win,42.0,2492.7308,1777997400000
2026-05-05,SHORT,194.774,196.0963,198.6695,1059.4106,-7.1923,0.8475,-8.0398,loss,36.0,2484.691,1778002320000
2026-05-05,LONG,196.6201,196.5152,192.6877,1055.9937,-0.5633,0.8448,-1.4081,loss,1155.0,2483.2829,1778004900000
2026-05-06,SHORT,196.3846,195.9048,200.3123,1055.3952,2.5783,0.8443,1.734,win,5.0,2485.0169,1778074260000
2026-05-06,SHORT,195.4627,196.5499,199.3719,1056.1322,-5.8747,0.8449,-6.7196,loss,8.0,2478.2973,1778075220000
2026-05-06,SHORT,194.1182,194.8262,198.0006,1053.2764,-3.8417,0.8426,-4.6843,loss,8.0,2473.613,1778076240000
2026-05-06,SHORT,193.8648,195.1891,197.7421,1051.2855,-7.1813,0.841,-8.0223,loss,18.0,2465.5907,1778081400000
2026-05-06,LONG,196.6934,195.3248,192.7596,1047.876,-7.2914,0.8383,-8.1297,loss,34.0,2457.461,1778084400000
2026-05-06,LONG,196.348,196.9318,192.421,1044.4209,3.1058,0.8355,2.2703,win,1096.0,2459.7313,1778094840000
2026-05-07,SHORT,196.1262,196.0862,200.0488,1045.3858,0.2131,0.8363,-0.6232,win,5.0,2459.1081,1778160660000
2026-05-07,SHORT,193.7596,193.3042,197.6347,1045.1209,2.4564,0.8361,1.6203,win,31.0,2460.7284,1778169540000
2026-05-07,SHORT,191.7524,191.9635,195.5874,1045.8096,-1.1517,0.8366,-1.9883,loss,22.0,2458.7401,1778174280000
2026-05-07,LONG,193.5613,193.0234,189.6901,1044.9645,-2.9041,0.836,-3.7401,loss,28.0,2455.0,1778176740000
2026-05-07,SHORT,191.9062,192.7498,195.7443,1043.375,-4.5864,0.8347,-5.4211,loss,59.0,2449.5789,1778179440000
2026-05-07,LONG,193.2194,192.0314,189.355,1041.071,-6.401,0.8329,-7.2339,loss,1061.0,2442.345,1778183340000
2026-05-08,SHORT,191.4897,185.089,195.3195,1037.9966,34.6959,0.8304,33.8655,win,5.0,2476.2105,1778247060000
2026-05-08,SHORT,187.3088,184.8874,191.055,1052.3895,13.6047,0.8419,12.7628,win,5.0,2488.9733,1778247660000
2026-05-08,SHORT,185.3604,184.4035,189.0676,1057.8137,5.4606,0.8463,4.6143,win,10.0,2493.5876,1778248260000
2026-05-08,LONG,191.3244,191.4957,187.4979,1059.7747,0.9487,0.8478,0.1009,win,12.0,2493.6885,1778251620000
2026-05-08,LONG,192.8633,192.0611,189.006,1059.8176,-4.4079,0.8479,-5.2558,loss,29.0,2488.4327,1778255220000
2026-05-08,LONG,193.9135,192.4282,190.0352,1057.5839,-8.1008,0.8461,-8.9469,loss,13.0,2479.4858,1778257680000
2026-05-08,LONG,193.7808,194.9974,189.9052,1053.7815,6.6162,0.843,5.7732,win,34.0,2485.259,1778261100000
2026-05-08,LONG,196.1843,195.9498,192.2607,1056.2351,-1.263,0.845,-2.108,loss,43.0,2483.151,1778263440000
2026-05-08,SHORT,195.0203,196.3886,198.9207,1055.3392,-7.4048,0.8443,-8.2491,loss,17.0,2474.9019,1778266740000
2026-05-08,LONG,197.209,199.8384,193.2648,1051.8333,14.0241,0.8415,13.1826,win,3968.0,2488.0845,1778268120000
2026-05-11,SHORT,196.9469,194.5138,200.8859,1057.4359,13.0641,0.8459,12.2182,win,5.0,2500.3027,1778506260000
2026-05-11,LONG,201.0841,201.991,197.0625,1062.6286,4.7925,0.8501,3.9424,win,7.0,2504.2451,1778507040000
2026-05-11,LONG,203.5618,205.4928,199.4905,1064.3042,10.0962,0.8514,9.2448,win,16.0,2513.4899,1778507940000
2026-05-11,LONG,207.2368,205.7507,203.092,1068.2332,-7.6601,0.8546,-8.5147,loss,5.0,2504.9752,1778508960000
2026-05-11,LONG,207.4639,207.4371,203.3146,1064.6145,-0.1373,0.8517,-0.989,loss,16.0,2503.9862,1778511480000
2026-05-11,LONG,208.9627,209.4112,204.7834,1064.1941,2.2842,0.8514,1.4328,win,17.0,2505.419,1778512740000
2026-05-11,LONG,210.6802,211.4646,206.4666,1064.8031,3.9647,0.8518,3.1129,win,19.0,2508.5319,1778516040000
2026-05-11,LONG,212.6315,216.2957,208.3789,1066.1261,18.3721,0.8529,17.5192,win,89.0,2526.0511,1778520540000
2026-05-11,SHORT,214.1601,215.4298,218.4433,1073.5717,-6.3647,0.8589,-7.2236,loss,24.0,2518.8275,1778527740000
2026-05-12,SHORT,213.2101,213.4944,217.4743,1070.5017,-1.4276,0.8564,-2.284,loss,1.0,2516.5435,1778592600000
2026-05-12,SHORT,212.0221,210.2184,216.2625,1069.531,9.0986,0.8556,8.243,win,16.0,2524.7865,1778593740000
2026-05-12,SHORT,208.5183,209.8454,212.6887,1073.0343,-6.8294,0.8584,-7.6878,loss,4.0,2517.0987,1778595120000
2026-05-12,SHORT,207.5919,209.2003,211.7437,1069.7669,-8.2885,0.8558,-9.1443,loss,4.0,2507.9544,1778596440000
2026-05-12,SHORT,206.6861,205.9142,210.8198,1065.8806,3.9802,0.8527,3.1275,win,35.0,2511.0819,1778598180000
2026-05-12,SHORT,204.034,205.2187,208.1147,1067.2098,-6.1966,0.8538,-7.0504,loss,12.0,2504.0315,1778601420000
2026-05-12,SHORT,203.4547,201.9427,207.5238,1064.2134,7.9086,0.8514,7.0572,win,24.0,2511.0887,1778604120000
2026-05-12,LONG,204.9733,205.1258,200.8739,1067.2127,0.7936,0.8538,-0.0602,win,100.0,2511.0285,1778606340000
2026-05-12,LONG,207.2942,206.2368,203.1484,1067.1871,-5.4439,0.8537,-6.2976,loss,1055.0,2504.7309,1778615700000
2026-05-13,SHORT,205.2352,202.0738,209.3399,1064.5106,16.3978,0.8516,15.5462,win,11.0,2520.2771,1778679060000
2026-05-13,SHORT,201.5201,199.3118,205.5505,1071.1178,11.7374,0.8569,10.8805,win,8.0,2531.1576,1778679960000
2026-05-13,SHORT,199.8298,199.6747,203.8264,1075.742,0.8346,0.8606,-0.026,win,6.0,2531.1316,1778680560000
2026-05-13,SHORT,199.7708,199.8461,203.7662,1075.7309,-0.4056,0.8606,-1.2662,loss,31.0,2529.8654,1778687460000
2026-05-13,LONG,201.7753,201.0288,197.7398,1075.1928,-3.978,0.8602,-4.8382,loss,30.0,2525.0272,1778689920000
2026-05-13,LONG,201.7769,202.0704,197.7413,1073.1366,1.5612,0.8585,0.7027,win,50.0,2525.7299,1778695740000
2026-05-13,LONG,203.7825,202.3283,199.7068,1073.4352,-7.6598,0.8587,-8.5185,loss,6.0,2517.2114,1778699880000
2026-05-14,SHORT,201.1857,197.0035,205.2094,1069.8148,22.239,0.8559,21.3831,win,16.0,2538.5945,1778765400000
2026-05-14,SHORT,197.4203,198.4752,201.3687,1078.9027,-5.7649,0.8631,-6.628,loss,5.0,2531.9665,1778766660000
2026-05-14,LONG,202.9965,205.6416,198.9366,1076.0858,14.0215,0.8609,13.1606,win,12.0,2545.1271,1778770080000
2026-05-14,LONG,205.2441,207.4074,201.1392,1081.679,11.4008,0.8653,10.5355,win,10.0,2555.6626,1778770860000
2026-05-14,LONG,207.6884,215.879,203.5346,1086.1566,42.8351,0.8689,41.9662,win,50.0,2597.6288,1778771760000
2026-05-14,LONG,215.4603,218.9344,211.1511,1103.9922,17.8009,0.8832,16.9177,win,15.0,2614.5465,1778775060000
2026-05-14,LONG,219.159,220.6605,214.7758,1111.1823,7.613,0.8889,6.7241,win,19.0,2621.2706,1778776320000
2026-05-14,LONG,219.5227,217.7738,215.1322,1114.04,-8.8754,0.8912,-9.7666,loss,18.0,2611.504,1778782920000
2026-05-14,LONG,220.1832,218.8947,215.7796,1109.8892,-6.495,0.8879,-7.3829,loss,3.0,2604.1211,1778784900000
2026-05-14,SHORT,215.8278,197.5075,220.1443,1106.7515,93.9452,0.8854,93.0598,win,1103.0,2697.1809,1778786700000
2026-05-15,SHORT,202.3131,198.6667,206.3593,1146.3019,20.6601,0.917,19.7431,win,5.0,2716.924,1778853060000
2026-05-15,SHORT,199.6673,198.6466,203.6606,1154.6927,5.9029,0.9238,4.9791,win,8.0,2721.9031,1778853660000
2026-05-15,SHORT,197.4665,194.4634,201.4158,1156.8088,17.5932,0.9254,16.6678,win,48.0,2738.5709,1778856420000
2026-05-15,SHORT,193.0581,194.0803,196.9192,1163.8926,-6.1628,0.9311,-7.0939,loss,14.0,2731.477,1778860500000
2026-05-15,LONG,195.2042,198.3405,191.3001,1160.8777,18.6516,0.9287,17.7229,win,54.0,2749.1999,1778865720000
2026-05-15,SHORT,194.9573,190.2802,198.8564,1168.41,28.0307,0.9347,27.096,win,3931.0,2776.2959,1778875200000
2026-05-18,SHORT,192.5274,190.3406,196.378,1179.9258,13.4021,0.9439,12.4582,win,7.0,2788.7541,1779111360000
2026-05-18,SHORT,190.565,190.9354,194.3763,1185.2205,-2.3032,0.9482,-3.2514,loss,5.0,2785.5027,1779111960000
2026-05-18,SHORT,188.6318,188.5766,192.4045,1183.8386,0.3463,0.9471,-0.6008,win,4.0,2784.9019,1779114780000
2026-05-18,SHORT,187.541,186.9235,191.2918,1183.5833,3.8968,0.9469,2.9499,win,48.0,2787.8518,1779115560000
2026-05-18,SHORT,186.0402,186.9134,189.761,1184.837,-5.5616,0.9479,-6.5095,loss,36.0,2781.3423,1779121800000
2026-05-18,SHORT,185.1065,185.7946,188.8086,1182.0705,-4.3939,0.9457,-5.3396,loss,16.0,2776.0027,1779128160000
2026-05-18,LONG,186.5384,187.1011,182.8077,1179.8011,3.5587,0.9438,2.6149,win,5.0,2778.6176,1779130860000
2026-05-18,LONG,188.3867,188.4106,184.619,1180.9125,0.1495,0.9447,-0.7952,win,1075.0,2777.8224,1779132900000
2026-05-19,SHORT,187.1936,187.3066,190.9375,1180.5745,-0.7124,0.9445,-1.6569,loss,5.0,2776.1655,1779197460000
2026-05-19,LONG,192.9608,191.4362,189.1016,1179.8703,-9.3226,0.9439,-10.2665,loss,15.0,2765.899,1779205200000
2026-05-19,LONG,192.9891,193.9955,189.1293,1175.5071,6.13,0.9404,5.1896,win,60.0,2771.0886,1779209100000
2026-05-19,SHORT,193.3476,194.4432,197.2146,1177.7127,-6.6734,0.9422,-7.6156,loss,14.0,2763.473,1779216900000
2026-05-20,SHORT,192.3871,191.5099,196.2349,1174.476,5.3551,0.9396,4.4155,win,7.0,2767.8885,1779283800000
2026-05-20,SHORT,191.3137,191.8022,195.14,1176.3526,-3.0038,0.9411,-3.9449,loss,4.0,2763.9436,1779284520000
2026-05-20,LONG,195.1,193.817,191.198,1174.676,-7.7253,0.9397,-8.665,loss,7.0,2755.2786,1779286620000
2026-05-20,LONG,195.4405,194.1741,191.5317,1170.9934,-7.588,0.9368,-8.5248,loss,2.0,2746.7538,1779290100000
2026-05-20,LONG,195.4045,194.4915,191.4964,1167.3704,-5.4541,0.9339,-6.388,loss,59.0,2740.3658,1779290460000
2026-05-20,LONG,196.2855,195.0371,192.3598,1164.6555,-7.4071,0.9317,-8.3388,loss,49.0,2732.027,1779298560000
2026-05-20,SHORT,194.8895,189.6854,198.7873,1161.1115,31.0048,0.9289,30.0759,win,1145.0,2762.1029,1779301560000
2026-05-21,SHORT,190.813,190.4414,194.6293,1173.8937,2.286,0.9391,1.3469,win,18.0,2763.4498,1779370560000
2026-05-21,SHORT,188.6876,189.3528,192.4614,1174.4662,-4.1404,0.9396,-5.08,loss,10.0,2758.3698,1779373200000
2026-05-21,LONG,191.8181,194.2733,187.9818,1172.3072,15.0048,0.9378,14.067,win,98.0,2772.4368,1779383400000
2026-05-21,SHORT,193.3213,194.2416,197.1877,1178.2856,-5.6094,0.9426,-6.552,loss,3.0,2765.8848,1779389640000
2026-05-22,LONG,194.8549,193.8368,190.9578,1175.501,-6.1419,0.9404,-7.0823,loss,5.0,2758.8025,1779456660000
2026-05-22,SHORT,190.8469,188.3146,194.6638,1172.4911,15.5574,0.938,14.6194,win,14.0,2773.4219,1779459300000
2026-05-22,SHORT,188.3141,189.1814,192.0804,1178.7043,-5.429,0.943,-6.372,loss,10.0,2767.0499,1779460260000
2026-05-22,LONG,190.0863,188.9264,186.2846,1175.9962,-7.1758,0.9408,-8.1166,loss,22.0,2758.9333,1779470940000
2026-05-22,SHORT,188.1466,186.2784,191.9095,1172.5467,11.6428,0.938,10.7048,win,5493.0,2769.6381,1779472620000
2026-05-26,LONG,186.5477,185.9901,182.8168,1177.0962,-3.5186,0.9417,-4.4603,loss,5.0,2765.1778,1779802260000
2026-05-26,SHORT,184.251,185.6232,187.9361,1175.2006,-8.7519,0.9402,-9.6921,loss,3.0,2755.4857,1779803100000
2026-05-26,SHORT,184.018,185.2805,187.6984,1171.0814,-8.0344,0.9369,-8.9713,loss,39.0,2746.5144,1779810840000
2026-05-26,SHORT,183.7556,184.9579,187.4307,1167.2686,-7.6374,0.9338,-8.5712,loss,20.0,2737.9432,1779814200000
2026-05-26,SHORT,183.1038,176.8738,186.7659,1163.6259,39.5918,0.9309,38.6609,win,1204.0,2776.6041,1779816420000
2026-05-27,SHORT,178.4413,178.4059,182.0101,1180.0567,0.234,0.944,-0.71,win,6.0,2775.8941,1779888960000
2026-05-27,SHORT,177.6166,178.3051,181.1689,1179.755,-4.5735,0.9438,-5.5173,loss,7.0,2770.3768,1779889800000
2026-05-27,SHORT,176.5856,175.6541,180.1173,1177.4101,6.2113,0.9419,5.2694,win,45.0,2775.6462,1779896760000
2026-05-27,LONG,176.1706,175.2765,172.6472,1179.6496,-5.9869,0.9437,-6.9306,loss,61.0,2768.7156,1779906000000
2026-05-27,SHORT,174.9853,170.977,178.485,1176.7041,26.9545,0.9414,26.0131,win,1084.0,2794.7287,1779910020000
2026-05-28,SHORT,172.7967,170.9971,176.2526,1187.7597,12.3695,0.9502,11.4193,win,7.0,2806.148,1779975360000
2026-05-28,SHORT,171.5641,172.1563,174.9954,1192.6129,-4.1167,0.9541,-5.0708,loss,8.0,2801.0772,1779975960000
2026-05-28,LONG,174.4425,174.0861,170.9537,1190.4578,-2.4325,0.9524,-3.3849,loss,11.0,2797.6923,1779976740000
2026-05-28,LONG,175.8415,175.1475,172.3247,1189.0192,-4.6926,0.9512,-5.6438,loss,8.0,2792.0485,1779977640000
2026-05-28,LONG,177.9269,179.8,174.3684,1186.6206,12.4919,0.9493,11.5426,win,76.0,2803.5911,1779979740000
2026-05-28,SHORT,178.7558,179.9482,182.3309,1191.5262,-7.948,0.9532,-8.9012,loss,13.0,2794.6899,1779986580000
2026-05-28,LONG,180.9482,180.5638,177.3293,1187.7432,-2.5232,0.9502,-3.4734,loss,22.0,2791.2165,1779989760000
2026-05-28,LONG,182.0995,181.2086,178.4575,1186.267,-5.8035,0.949,-6.7525,loss,1082.0,2784.464,1779996480000
2026-05-29,SHORT,181.0883,180.6739,184.71,1183.3972,2.7077,0.9467,1.761,win,5.0,2786.225,1780061460000
2026-05-29,LONG,183.6297,183.9366,179.9572,1184.1456,1.979,0.9473,1.0317,win,9.0,2787.2567,1780062120000
2026-05-29,SHORT,180.3981,180.815,184.0061,1184.5841,-2.7379,0.9477,-3.6856,loss,17.0,2783.5711,1780064580000
2026-05-29,LONG,183.3389,187.2003,179.6721,1183.0177,24.9164,0.9464,23.97,win,17.0,2807.5411,1780066800000
2026-05-29,LONG,186.8592,189.4918,183.1221,1193.205,16.8107,0.9546,15.8561,win,23.0,2823.3972,1780068060000
2026-05-29,LONG,190.9899,190.2557,187.1701,1199.9438,-4.6128,0.96,-5.5728,loss,11.0,2817.8244,1780070940000
2026-05-29,LONG,191.042,190.087,187.2212,1197.5754,-5.9866,0.9581,-6.9447,loss,13.0,2810.8797,1780075980000
2026-05-29,LONG,191.4504,190.3846,187.6214,1194.6239,-6.6502,0.9557,-7.6059,loss,46.0,2803.2738,1780077540000
2026-05-29,SHORT,189.4769,189.1915,193.2664,1191.3914,1.7943,0.9531,0.8412,win,68.0,2804.115,1780080360000
2026-06-01,SHORT,187.9515,178.164,191.7105,1191.7489,62.0599,0.9534,61.1065,win,1.0,2865.2215,1780320600000
2026-06-01,SHORT,184.3195,177.8213,188.0059,1217.7191,42.9307,0.9742,41.9565,win,5.0,2907.178,1780320960000
2026-06-01,SHORT,181.2987,179.9885,184.9246,1235.5506,8.9289,0.9884,7.9405,win,5.0,2915.1185,1780321560000
2026-06-01,SHORT,179.6049,180.3514,183.197,1238.9254,-5.1493,0.9911,-6.1404,loss,18.0,2908.9781,1780322160000
2026-06-01,SHORT,178.081,179.2426,181.6426,1236.3157,-8.0641,0.9891,-9.0532,loss,17.0,2899.9249,1780324260000
2026-06-01,LONG,180.7655,185.0477,177.1502,1232.4681,29.196,0.986,28.21,win,55.0,2928.1349,1780326000000
2026-06-01,SHORT,182.6001,182.0045,186.2521,1244.4573,4.0591,0.9956,3.0635,win,50.0,2931.1984,1780330140000
2026-06-01,LONG,183.2488,185.137,179.5838,1245.7593,12.8363,0.9966,11.8397,win,55.0,2943.0381,1780333620000
2026-06-01,SHORT,183.25,182.4178,186.915,1250.7912,5.6806,1.0006,4.68,win,79.0,2947.7181,1780339080000
2026-06-02,SHORT,181.319,177.9221,184.9453,1252.7802,23.4699,1.0022,22.4677,win,2.0,2970.1858,1780407000000
2026-06-02,SHORT,179.7677,177.1157,183.3631,1262.329,18.6228,1.0099,17.6129,win,6.0,2987.7987,1780407360000
2026-06-02,SHORT,177.9948,176.4403,181.5547,1269.8144,11.0898,1.0159,10.0739,win,20.0,2997.8726,1780407960000
2026-06-02,SHORT,174.9835,173.9102,178.4831,1274.0959,7.8144,1.0193,6.7951,win,25.0,3004.6677,1780409460000
2026-06-02,SHORT,172.914,173.1744,176.3723,1276.9838,-1.9231,1.0216,-2.9447,loss,27.0,3001.723,1780413540000
2026-06-02,LONG,174.2847,174.5523,170.799,1275.7323,1.9592,1.0206,0.9386,win,50.0,3002.6616,1780416600000
2026-06-02,LONG,175.9981,174.6813,172.4782,1276.1312,-9.5483,1.0209,-10.5692,loss,14.0,2992.0924,1780421100000
2026-06-02,SHORT,173.7911,173.9606,177.267,1271.6393,-1.2403,1.0173,-2.2576,loss,99.0,2989.8348,1780423080000
2026-06-02,LONG,174.2225,173.0643,170.738,1270.6798,-8.4471,1.0165,-9.4636,loss,1069.0,2980.3712,1780429260000
2026-06-03,SHORT,172.7558,171.6221,176.2109,1266.6578,8.3124,1.0133,7.2991,win,8.0,2987.6703,1780493460000
2026-06-03,SHORT,171.529,168.961,174.9596,1269.7599,19.0101,1.0158,17.9943,win,42.0,3005.6646,1780494060000
2026-06-03,SHORT,167.1711,165.4027,170.5145,1277.4075,13.5129,1.0219,12.491,win,116.0,3018.1556,1780499040000
2026-06-03,LONG,165.8392,164.7315,162.5224,1282.7161,-8.5678,1.0262,-9.594,loss,91.0,3008.5616,1780508040000
2026-06-03,SHORT,164.7409,164.1528,168.0357,1278.6387,4.5647,1.0229,3.5418,win,1104.0,3012.1034,1780513560000
2026-06-04,SHORT,162.9441,163.6891,166.203,1280.1439,-5.853,1.0241,-6.8771,loss,6.0,3005.2263,1780579860000
2026-06-04,SHORT,162.359,163.4069,165.6062,1277.2212,-8.2433,1.0218,-9.2651,loss,2.0,2995.9612,1780580700000
2026-06-04,LONG,165.0315,164.9994,161.7309,1273.2835,-0.248,1.0186,-1.2666,loss,18.0,2994.6946,1780581720000
2026-06-04,SHORT,163.1416,163.9915,166.4045,1272.7452,-6.6305,1.0182,-7.6487,loss,49.0,2987.0459,1780588200000
2026-06-04,SHORT,162.6217,163.8302,165.8741,1269.4945,-9.4344,1.0156,-10.45,loss,8.0,2976.5959,1780594980000
2026-06-04,LONG,164.2737,165.297,160.9883,1265.0533,7.8796,1.012,6.8676,win,53.0,2983.4635,1780595760000
2026-06-04,LONG,166.177,165.0787,162.8534,1267.972,-8.3799,1.0144,-9.3943,loss,28.0,2974.0692,1780600560000
2026-06-04,SHORT,164.5523,157.9133,167.8433,1263.9794,50.9965,1.0112,49.9853,win,1065.0,3024.0545,1780602480000
2026-06-05,SHORT,161.8419,153.8611,165.0788,1285.2232,63.3773,1.0282,62.3491,win,35.0,3086.4036,1780666560000
2026-06-05,SHORT,153.1845,153.0043,156.2482,1311.7215,1.5432,1.0494,0.4938,win,11.0,3086.8974,1780669320000
2026-06-05,SHORT,152.713,150.7565,155.7672,1311.9314,16.8078,1.0495,15.7583,win,69.0,3102.6557,1780672320000
2026-06-05,SHORT,149.5853,150.2424,152.577,1318.6287,-5.7923,1.0549,-6.8472,loss,5.0,3095.8085,1780677840000
2026-06-05,SHORT,149.1036,149.063,152.0857,1315.7186,0.3583,1.0526,-0.6943,win,62.0,3095.1142,1780682040000
2026-06-05,LONG,149.632,148.9686,146.6394,1315.4235,-5.832,1.0523,-6.8843,loss,15.0,3088.2299,1780686120000
2026-06-05,LONG,150.3034,156.4483,147.2973,1312.4977,53.6593,1.05,52.6093,win,3967.0,3140.8392,1780687440000
2026-06-08,LONG,154.2022,156.0416,151.1182,1334.8567,15.9227,1.0679,14.8548,win,5.0,3155.694,1780925760000
2026-06-08,LONG,155.3772,161.4282,152.2696,1341.1699,52.2302,1.0729,51.1573,win,131.0,3206.8513,1780926360000
2026-06-08,LONG,162.662,161.7654,159.4088,1362.9118,-7.5125,1.0903,-8.6028,loss,44.0,3198.2485,1780935480000
2026-06-08,LONG,163.1171,162.9757,159.8548,1359.2556,-1.1786,1.0874,-2.266,loss,45.0,3195.9825,1780940820000
2026-06-08,SHORT,162.413,158.6189,165.6612,1358.2926,31.7307,1.0866,30.6441,win,1123.0,3226.6266,1780944480000
2026-06-09,SHORT,160.4885,161.7235,163.6982,1371.3163,-10.5531,1.0971,-11.6502,loss,5.0,3214.9764,1781012160000
2026-06-09,LONG,164.1296,163.6998,160.847,1366.365,-3.5778,1.0931,-4.6709,loss,12.0,3210.3055,1781013120000
2026-06-09,SHORT,159.4849,158.2358,162.6746,1364.3798,10.6856,1.0915,9.5941,win,28.0,3219.8996,1781015400000
2026-06-09,SHORT,157.5529,155.4034,160.704,1368.4573,18.6702,1.0948,17.5754,win,38.0,3237.475,1781017320000
2026-06-09,SHORT,154.7005,152.329,157.7945,1375.9269,21.0927,1.1007,19.992,win,31.0,3257.467,1781020440000
2026-06-09,SHORT,152.0205,152.7422,155.0609,1384.4235,-6.5729,1.1075,-7.6804,loss,9.0,3249.7866,1781022420000
2026-06-09,SHORT,150.8267,151.2403,153.8433,1381.1593,-3.7874,1.1049,-4.8923,loss,17.0,3244.8943,1781023260000
2026-06-09,LONG,154.3197,153.6509,151.2333,1379.0801,-5.9768,1.1033,-7.0801,loss,28.0,3237.8142,1781025600000
2026-06-10,SHORT,154.1235,153.468,157.206,1376.071,5.8526,1.1009,4.7517,win,1.0,3242.5659,1781098200000
2026-06-10,LONG,156.379,160.3766,153.2514,1378.0905,35.2291,1.1025,34.1266,win,15.0,3276.6925,1781098560000
2026-06-10,LONG,160.2137,159.7616,157.0095,1392.5943,-3.93,1.1141,-5.0441,loss,5.0,3271.6484,1781099760000
2026-06-10,SHORT,156.7253,157.8528,159.8598,1390.4506,-10.0031,1.1124,-11.1155,loss,6.0,3260.5329,1781104500000
2026-06-10,SHORT,156.3096,157.4496,159.4358,1385.7265,-10.1065,1.1086,-11.2151,loss,11.0,3249.3178,1781110080000
2026-06-10,SHORT,155.8784,156.2198,158.996,1380.9601,-3.0247,1.1048,-4.1295,loss,18.0,3245.1883,1781112600000
2026-06-10,SHORT,155.1021,154.5264,158.2041,1379.205,5.119,1.1034,4.0156,win,48.0,3249.2039,1781117160000
2026-06-11,LONG,155.7408,155.0694,152.626,1380.9117,-5.9525,1.1047,-7.0572,loss,1.0,3242.1467,1781184600000
2026-06-11,LONG,155.9103,155.3968,152.7921,1377.9123,-4.5381,1.1023,-5.6404,loss,5.0,3236.5063,1781184960000
2026-06-11,LONG,156.283,157.3114,153.1574,1375.5152,9.0508,1.1004,7.9504,win,20.0,3244.4567,1781185560000
2026-06-11,SHORT,154.0857,155.111,157.1674,1378.8941,-9.1756,1.1031,-10.2787,loss,5.0,3234.178,1781190060000
2026-06-11,SHORT,153.2615,153.7906,156.3268,1374.5256,-4.7446,1.0996,-5.8442,loss,29.0,3228.3338,1781197140000
2026-06-11,LONG,155.203,158.6506,152.0989,1372.0419,30.4775,1.0976,29.3799,win,33.0,3257.7137,1781199060000
2026-06-11,LONG,159.6492,158.7994,156.4563,1384.5283,-7.3705,1.1076,-8.4781,loss,7.0,3249.2356,1781201700000
2026-06-11,LONG,160.0723,160.5155,156.8709,1380.9251,3.8235,1.1047,2.7188,win,40.0,3251.9544,1781205300000
2026-06-12,SHORT,159.3998,156.0686,162.5878,1382.0806,28.8829,1.1057,27.7772,win,11.0,3279.7316,1781271000000
2026-06-12,SHORT,157.1601,158.135,160.3033,1393.8859,-8.647,1.1151,-9.7621,loss,5.0,3269.9695,1781271960000
2026-06-12,LONG,160.7367,159.8608,157.522,1389.737,-7.5732,1.1118,-8.685,loss,1.0,3261.2845,1781272800000
2026-06-12,LONG,162.1522,162.073,158.9092,1386.0459,-0.6774,1.1088,-1.7862,loss,13.0,3259.4983,1781274600000
2026-06-12,LONG,163.0725,164.1958,159.8111,1385.2868,9.5423,1.1082,8.4341,win,24.0,3267.9324,1781275920000
2026-06-12,SHORT,160.8575,159.7478,164.0747,1388.8713,9.5811,1.1111,8.47,win,24.0,3276.4024,1781279340000
2026-06-12,SHORT,159.7131,160.7558,162.9074,1392.471,-9.0913,1.114,-10.2053,loss,58.0,3266.1971,1781284380000
2026-06-12,LONG,161.0369,160.6842,157.8161,1388.1338,-3.0404,1.1105,-4.1509,loss,74.0,3262.0462,1781289180000
2026-06-12,SHORT,160.2923,161.0482,163.4982,1386.3696,-6.5373,1.1091,-7.6464,loss,3936.0,3254.3998,1781294040000
2026-06-15,LONG,161.5518,170.7926,158.3208,1383.1199,79.1151,1.1065,78.0086,win,7.0,3332.4084,1781530260000
2026-06-15,LONG,166.6071,170.3165,163.275,1416.2736,31.5319,1.133,30.3989,win,10.0,3362.8073,1781530860000
2026-06-15,LONG,169.8223,170.505,166.4259,1429.1931,5.7448,1.1434,4.6014,win,6.0,3367.4087,1781531760000
2026-06-15,LONG,172.0694,171.3085,168.628,1431.1487,-6.3289,1.1449,-7.4738,loss,8.0,3359.9349,1781534640000
2026-06-15,LONG,172.1548,173.0445,168.7117,1427.9723,7.38,1.1424,6.2376,win,76.0,3366.1725,1781536980000
2026-06-15,SHORT,172.2461,170.4024,175.6911,1430.6233,15.3135,1.1445,14.169,win,1236.0,3380.3415,1781542440000
2026-06-16,LONG,170.8471,172.1517,167.4302,1436.6451,10.97,1.1493,9.8207,win,4.0,3390.1622,1781616720000
2026-06-16,LONG,172.0621,172.489,168.6209,1440.8189,3.5742,1.1527,2.4215,win,10.0,3392.5837,1781617260000
2026-06-16,SHORT,168.6209,168.6485,171.9933,1441.8481,-0.2357,1.1535,-1.3892,loss,15.0,3391.1945,1781619780000
2026-06-16,SHORT,167.22,168.3763,170.5644,1441.2577,-9.9659,1.153,-11.1189,loss,5.0,3380.0756,1781621940000
2026-06-16,LONG,170.377,169.4336,166.9694,1436.5321,-7.9541,1.1492,-9.1033,loss,10.0,3370.9723,1781624100000
2026-06-16,LONG,170.5587,171.7946,167.1475,1432.6632,10.3809,1.1461,9.2348,win,16.0,3380.2071,1781626800000
2026-06-16,LONG,172.2687,171.0109,168.8234,1436.588,-10.4895,1.1493,-11.6388,loss,10.0,3368.5683,1781628120000
2026-06-16,LONG,171.4875,171.6557,168.0578,1431.6415,1.4038,1.1453,0.2585,win,74.0,3368.8268,1781632920000
2026-06-16,SHORT,170.0879,167.207,173.4896,1431.7514,24.2501,1.1454,23.1047,win,1059.0,3391.9315,1781639520000
2026-06-17,SHORT,168.75,172.125,172.125,1441.5709,-28.8314,1.1533,-29.9847,loss,4.0,3361.9468,1781703360000
2026-06-17,SHORT,167.8516,168.6182,171.2086,1428.8274,-6.5258,1.1431,-7.6689,loss,4.0,3354.2779,1781707620000
2026-06-17,LONG,172.0327,171.5366,168.592,1425.5681,-4.1105,1.1405,-5.251,loss,20.0,3349.0269,1781711280000
2026-06-17,LONG,173.3613,172.241,169.8941,1423.3364,-9.1985,1.1387,-10.3372,loss,4.0,3338.6897,1781713680000
2026-06-17,LONG,173.5788,172.4493,170.1072,1418.9431,-9.2336,1.1352,-10.3688,loss,11.0,3328.3209,1781717160000
2026-06-17,LONG,173.8163,172.5683,170.34,1414.5364,-10.1565,1.1316,-11.2881,loss,7.0,3317.0328,1781718780000
2026-06-17,SHORT,171.8502,170.4024,175.2872,1409.7389,11.8765,1.1278,10.7487,win,6.0,3327.7815,1781719260000
2026-06-17,SHORT,170.5328,171.2491,173.9435,1414.3071,-5.9405,1.1314,-7.0719,loss,17.0,3320.7096,1781720040000
2026-06-17,LONG,173.1322,172.8262,169.6696,1411.3016,-2.4943,1.129,-3.6233,loss,17.0,3317.0863,1781721540000
2026-06-17,SHORT,170.2533,166.2696,173.6584,1409.7617,32.9867,1.1278,31.8589,win,1100.0,3348.9452,1781723400000
2026-06-18,SHORT,164.7643,165.4834,168.0596,1423.3017,-6.2118,1.1386,-7.3504,loss,3.0,3341.5948,1781790180000
2026-06-18,LONG,168.564,168.521,165.1927,1420.1778,-0.3627,1.1361,-1.4988,loss,5.0,3340.096,1781794620000
2026-06-18,SHORT,165.6095,164.6165,168.9217,1419.5408,8.512,1.1356,7.3764,win,46.0,3347.4724,1781795940000
2026-06-18,SHORT,163.4817,163.5178,166.7514,1422.6758,-0.3134,1.1381,-1.4515,loss,43.0,3346.0209,1781801340000
2026-06-18,SHORT,162.6699,162.0562,165.9233,1422.0589,5.3656,1.1376,4.228,win,13.0,3350.2489,1781806140000
2026-06-18,LONG,162.6247,163.3328,159.3722,1423.8558,6.1996,1.1391,5.0605,win,24.0,3355.3094,1781811300000
2026-06-22,LONG,164.0397,173.2925,160.7589,1426.0065,80.4352,1.1408,79.2944,win,21.0,3434.6038,1782135000000
2026-06-22,LONG,171.8103,175.0384,168.3741,1459.7066,27.426,1.1678,26.2582,win,6.0,3460.862,1782136560000
2026-06-22,LONG,174.3228,173.5008,170.8363,1470.8663,-6.9354,1.1767,-8.1121,loss,6.0,3452.7499,1782137160000
2026-06-22,SHORT,167.3093,166.5014,170.6554,1467.4187,7.0851,1.1739,5.9112,win,15.0,3458.6611,1782139500000
2026-06-22,SHORT,165.3611,166.6022,168.6684,1469.931,-11.0325,1.1759,-12.2084,loss,8.0,3446.4527,1782141420000
2026-06-22,SHORT,165.3484,165.6749,168.6553,1464.7424,-2.8925,1.1718,-4.0643,loss,27.0,3442.3884,1782145380000
2026-06-22,SHORT,164.2011,165.2414,167.4851,1463.0151,-9.2691,1.1704,-10.4395,loss,45.0,3431.9489,1782147900000
2026-06-22,SHORT,164.5983,164.5459,167.8902,1458.5783,0.4639,1.1669,-0.703,win,64.0,3431.2459,1782153960000
2026-06-22,LONG,164.923,163.809,161.6245,1458.2795,-9.8503,1.1666,-11.0169,loss,1056.0,3420.229,1782158040000
2026-06-23,SHORT,163.5978,158.4374,166.8697,1453.5973,45.8506,1.1629,44.6877,win,5.0,3464.9167,1782221460000
2026-06-23,SHORT,160.8045,161.3102,164.0205,1472.5896,-4.6318,1.1781,-5.8099,loss,7.0,3459.1068,1782222060000
2026-06-23,SHORT,158.8614,160.1309,162.0386,1470.1204,-11.7481,1.1761,-12.9242,loss,12.0,3446.1826,1782227880000
2026-06-23,LONG,161.1361,160.1485,157.9134,1464.6276,-8.9767,1.1717,-10.1484,loss,8.0,3436.0342,1782230820000
2026-06-23,SHORT,158.9773,159.2842,162.1568,1460.3145,-2.8188,1.1683,-3.9871,loss,41.0,3432.0471,1782232800000
2026-06-23,LONG,159.9697,159.2358,156.7703,1458.62,-6.6914,1.1669,-7.8583,loss,16.0,3424.1888,1782236100000
2026-06-23,SHORT,158.1607,158.5483,161.3239,1455.2802,-3.5669,1.1642,-4.7311,loss,49.0,3419.4577,1782239940000
2026-06-24,SHORT,157.2431,158.0947,160.388,1453.2695,-7.8707,1.1626,-9.0333,loss,2.0,3410.4244,1782307800000
2026-06-24,SHORT,156.9142,154.8187,160.0525,1449.4304,19.3561,1.1595,18.1966,win,8.0,3428.621,1782308280000
2026-06-24,SHORT,154.891,154.0627,157.9888,1457.1639,7.7921,1.1657,6.6264,win,16.0,3435.2474,1782309060000
2026-06-24,SHORT,152.9723,153.2563,156.0318,1459.9801,-2.7103,1.168,-3.8783,loss,9.0,3431.3691,1782310380000
2026-06-24,SHORT,152.3574,149.688,155.4045,1458.3319,25.5508,1.1667,24.3841,win,112.0,3455.7532,1782317040000
2026-06-24,LONG,150.7534,151.1709,147.7383,1468.6951,4.0671,1.175,2.8921,win,25.0,3458.6453,1782324900000
2026-06-25,LONG,151.3822,151.2403,148.3545,1469.9243,-1.3774,1.1759,-2.5533,loss,1.0,3456.092,1782394200000
2026-06-25,SHORT,149.1974,146.3616,152.1814,1468.8391,27.9183,1.1751,26.7432,win,13.0,3482.8352,1782394680000
2026-06-25,SHORT,146.0751,145.2931,148.9966,1480.205,7.9241,1.1842,6.7399,win,5.0,3489.5751,1782395760000
2026-06-25,SHORT,145.8948,146.1197,148.8127,1483.0694,-2.286,1.1865,-3.4725,loss,11.0,3486.1026,1782400320000
2026-06-25,LONG,147.5023,146.7862,144.5523,1481.5936,-7.1929,1.1853,-8.3782,loss,11.0,3477.7244,1782403800000
2026-06-25,SHORT,145.5711,145.5048,148.4825,1478.0329,0.673,1.1824,-0.5094,win,88.0,3477.215,1782405180000
2026-06-25,SHORT,143.777,143.8718,146.6525,1477.8164,-0.975,1.1823,-2.1573,loss,17.0,3475.0577,1782412500000
2026-06-25,SHORT,142.839,142.7227,145.6958,1476.8995,1.202,1.1815,0.0205,win,58.0,3475.0782,1782414060000
2026-06-26,SHORT,141.6438,140.2229,144.4767,1476.9082,14.8156,1.1815,13.6341,win,1.0,3488.7123,1782480600000
2026-06-26,LONG,143.8708,146.6771,140.9934,1482.7027,28.9215,1.1862,27.7353,win,18.0,3516.4476,1782481380000
2026-06-26,LONG,147.3676,148.1453,144.4203,1494.4902,7.8862,1.1956,6.6906,win,41.0,3523.1382,1782486600000
2026-06-26,LONG,149.1135,148.0957,146.1312,1497.3337,-10.2204,1.1979,-11.4183,loss,8.0,3511.7199,1782489600000
2026-06-26,LONG,149.6989,148.6909,146.7049,1492.481,-10.0496,1.194,-11.2436,loss,14.0,3500.4763,1782493440000
2026-06-26,SHORT,147.9412,147.4502,150.9,1487.7024,4.9372,1.1902,3.747,win,61.0,3504.2233,1782498240000
2026-06-26,LONG,148.0027,147.1434,145.0427,1489.2949,-8.6476,1.1914,-9.839,loss,8.0,3494.3843,1782502380000
2026-06-26,SHORT,146.4351,147.5712,149.3638,1485.1133,-11.5223,1.1881,-12.7104,loss,4.0,3481.6739,1782503400000
2026-06-26,LONG,148.9535,150.5658,145.9744,1479.7114,16.0165,1.1838,14.8327,win,3935.0,3496.5066,1782503820000
2026-06-29,LONG,150.2879,149.4349,147.2821,1486.0153,-8.4345,1.1888,-9.6233,loss,5.0,3486.8833,1782740160000
2026-06-29,LONG,149.3795,148.6214,146.3919,1481.9254,-7.5204,1.1855,-8.7059,loss,16.0,3478.1774,1782749040000
2026-06-29,LONG,149.3875,150.2186,146.3998,1478.2254,8.2233,1.1826,7.0407,win,19.0,3485.2181,1782752640000
2026-06-29,LONG,150.7996,150.04,147.7836,1481.2177,-7.4609,1.185,-8.6459,loss,13.0,3476.5722,1782753960000
2026-06-29,LONG,151.2041,151.53,148.18,1477.5432,3.185,1.182,2.003,session_close,61.0,3478.5752,1782759540000
