day,symbol,time_et,dir,entry,stop,box_hh,box_ll,box_pct,birth_disp_pct,disp_pct,pct_1,ok_1,pct_4,ok_4,pct_20,ok_20,stop_hit_20
2026-06-25,INTC,09:45,down,133.82,140.91,140.91,135.96,3.7,81.8,81.8,3.22,+,3.32,+,3.53,+,N
2026-06-25,INTC,09:50,down,129.51,140.91,140.91,132.71,6.33,82.0,82.0,2.93,+,-0.28,-,0.02,+,N
2026-06-25,INTC,09:55,down,125.72,140.91,140.91,129.31,9.23,82.2,82.2,-1.03,-,-3.1,-,-3.03,-,N
2026-06-29,INTC,09:35,down,123.76,140.91,140.91,125.54,12.42,82.4,82.4,-0.52,-,1.34,+,-0.7,-,N
2026-06-29,INTC,09:55,down,122.1,129.96,129.96,123.3,5.45,82.6,82.6,-0.23,-,1.92,+,-2.77,-,N
2026-06-29,INTC,10:05,down,121.15,129.96,129.96,121.65,6.86,82.8,82.8,1.45,+,0.14,+,-3.68,-,N
2026-06-29,INTC,10:10,down,119.39,129.96,129.96,120.68,7.77,83.0,83.0,-0.31,-,-2.3,-,-5.75,-,N
2026-06-29,INTC,13:25,up,130.69,124.22,130.11,124.22,4.51,86.3,86.3,-0.08,-,0.21,+,0.34,+,N
2026-06-29,INTC,13:35,up,130.72,124.62,130.69,124.62,4.64,86.4,86.4,0.06,+,0.02,+,0.15,+,N
2026-06-29,INTC,14:35,up,131.25,125.5,131.21,125.5,4.35,86.5,86.5,0.0,-,0.07,+,0.4,+,N
2026-06-29,INTC,14:45,up,131.41,128.16,131.38,128.16,2.45,86.7,86.7,0.11,+,-0.21,-,0.28,+,N
2026-06-29,INTC,15:55,up,131.78,128.42,131.61,128.42,2.42,86.8,86.8,0.0,-,0.0,-,0.0,-,N
2026-06-30,INTC,09:40,up,134.67,130.22,134.19,130.22,2.95,85.5,85.5,-0.05,-,2.61,+,4.08,+,N
2026-06-30,INTC,09:50,up,135.97,130.22,135.29,130.22,3.73,85.6,85.6,0.99,+,1.01,+,3.47,+,N
2026-06-30,INTC,09:55,up,137.32,130.22,136.21,130.22,4.36,85.7,85.7,0.63,+,-0.11,-,1.72,+,N
2026-06-30,INTC,10:00,up,138.18,130.22,137.57,130.22,5.32,85.9,85.9,-0.35,-,-0.62,-,1.1,+,N
2026-06-30,INTC,11:05,up,139.13,130.22,138.25,130.22,5.77,86.0,86.0,0.85,+,0.62,+,1.56,+,N
2026-06-30,INTC,11:10,up,140.31,131.17,139.3,131.17,5.79,86.1,86.1,-0.02,-,0.27,+,1.05,+,N
2026-06-30,INTC,11:30,up,140.69,131.17,140.42,131.17,6.57,86.1,86.1,-0.72,-,-0.52,-,0.5,+,N
2026-06-30,INTC,12:45,up,141.3,133.52,140.73,133.52,5.1,86.2,86.2,0.34,+,0.24,+,-0.61,-,N
2026-06-30,INTC,12:50,up,141.78,137.05,141.31,137.05,3.0,86.3,86.3,-0.69,-,-0.28,-,-0.58,-,N
2026-06-30,INTC,13:15,up,141.95,137.3,141.78,137.3,3.16,86.4,86.4,-0.13,-,0.1,+,-1.05,-,N
2026-06-30,INTC,13:25,up,142.0,139.35,141.95,139.35,1.83,86.5,86.5,-0.06,-,0.04,+,-1.18,-,N
2026-07-01,INTC,09:30,down,133.54,138.2,138.2,134.46,2.8,82.2,82.2,0.19,+,-0.55,-,3.41,+,N
2026-07-01,INTC,10:10,down,132.07,137.96,137.96,132.55,4.1,82.4,82.4,-0.66,-,1.07,+,2.31,+,N
2026-07-01,INTC,10:30,down,130.66,137.88,137.88,131.94,4.55,82.5,82.5,-0.02,-,0.86,+,1.22,+,N
2026-07-01,INTC,10:40,down,129.61,136.16,136.16,130.44,4.41,82.7,82.7,0.09,+,-0.17,-,-0.23,-,N
2026-07-01,INTC,10:55,down,128.66,135.88,135.88,129.42,5.02,82.8,82.8,-0.91,-,-1.13,-,-0.42,-,N
2026-07-01,INTC,13:45,down,128.04,135.88,135.88,128.08,6.09,83.0,83.0,-0.05,-,-0.46,-,-0.49,-,N
2026-07-01,INTC,13:55,down,127.66,130.13,130.13,127.97,1.69,83.1,83.1,-0.36,-,-0.43,-,-0.44,-,N
2026-07-01,INTC,14:45,down,127.46,130.13,130.13,127.59,1.99,83.2,83.2,0.27,+,-0.78,-,0.23,+,N
2026-07-01,INTC,14:50,down,127.11,129.34,129.34,127.28,1.62,83.4,83.4,-0.09,-,-0.9,-,-0.05,-,Y
2026-07-02,INTC,09:55,up,130.61,124.62,130.55,124.62,4.54,85.7,85.7,-0.67,-,-1.63,-,-4.45,-,Y
2026-07-02,INTC,11:15,down,122.2,130.83,130.83,123.16,6.28,83.5,83.5,-0.59,-,-2.13,-,1.61,+,N
2026-07-02,INTC,12:20,down,120.28,130.83,130.83,120.8,8.34,83.6,83.6,-0.02,-,-0.86,-,0.61,+,N
2026-07-02,INTC,12:30,down,120.09,125.89,125.89,120.12,4.8,83.7,83.7,-0.14,-,-0.13,-,0.17,+,N
2026-07-02,INTC,13:30,down,119.55,125.31,125.31,119.83,4.58,83.8,83.8,0.68,+,0.05,+,0.84,+,N
2026-07-02,INTC,13:35,down,118.74,125.19,125.19,119.52,4.78,84.0,84.0,-0.43,-,-0.13,-,0.4,+,N
2026-07-02,INTC,15:05,down,118.4,124.38,124.38,118.65,4.84,84.1,84.1,-0.13,-,-0.3,-,-1.74,-,N
2026-07-02,INTC,15:15,down,118.27,120.77,120.77,118.31,2.08,84.2,84.2,0.4,+,-0.8,-,-1.85,-,N
2026-07-02,INTC,15:20,down,117.8,120.77,120.77,118.13,2.24,84.3,84.3,-0.81,-,-0.97,-,-2.26,-,N
2026-07-03,INTC,09:40,up,123.26,122.68,123.13,122.68,0.37,86.0,86.0,-0.03,-,0.11,+,0.32,+,N
2026-07-03,INTC,10:00,up,123.4,122.84,123.33,122.84,0.4,86.1,86.1,-0.08,-,0.02,+,0.02,+,N
2026-07-03,INTC,11:05,up,123.71,122.84,123.65,122.84,0.65,86.2,86.2,0.0,-,-0.09,-,-1.12,-,Y
2026-07-03,INTC,12:40,down,122.43,123.87,123.87,122.71,0.95,83.2,83.2,0.09,+,0.01,+,0.01,+,N
2026-07-03,INTC,12:45,down,122.32,123.87,123.87,122.38,1.22,83.3,83.3,0.03,+,-0.08,-,-0.08,-,N
2026-06-25,SOXL,09:45,down,243.88,269.63,269.63,248.5,8.66,87.9,87.9,5.09,+,1.63,+,-0.1,-,N
2026-06-25,SOXL,09:50,down,231.46,269.63,269.63,237.77,13.76,88.0,88.0,2.19,+,-2.51,-,-5.75,-,N
2026-06-25,SOXL,09:55,down,226.4,269.63,269.63,230.7,17.2,88.1,88.1,-3.08,-,-5.98,-,-8.59,-,N
2026-06-26,SOXL,09:30,down,217.49,231.18,231.18,219.8,5.23,88.5,88.5,0.84,+,-0.85,-,1.29,+,Y
2026-06-26,SOXL,11:10,down,214.68,231.18,231.18,215.67,7.22,88.6,88.6,-1.12,-,-2.35,-,-4.32,-,N
2026-06-26,SOXL,15:00,down,214.32,231.36,231.36,214.56,7.84,88.6,88.6,-1.98,-,-1.0,-,-0.3,-,N
2026-06-26,SOXL,15:50,down,213.59,227.2,227.2,213.6,6.37,88.7,88.7,-0.64,-,-0.64,-,-0.64,-,N
2026-06-29,SOXL,09:35,down,216.26,223.57,223.57,216.48,3.28,26.5,26.5,-1.36,-,3.3,+,-0.73,-,N
2026-06-29,SOXL,09:55,down,209.12,223.57,223.57,213.21,4.95,88.6,88.6,1.45,+,5.05,+,-7.28,-,Y
2026-06-29,SOXL,10:00,down,206.08,223.57,223.57,208.3,7.41,88.7,88.7,1.51,+,3.26,+,-9.24,-,Y
2026-06-29,SOXL,10:05,down,202.96,223.57,223.57,205.56,8.87,88.8,88.8,3.5,+,-1.89,-,-10.68,-,Y
2026-06-29,SOXL,10:10,down,195.85,223.57,223.57,200.9,11.58,88.9,88.9,-1.38,-,-7.65,-,-15.55,-,Y
2026-06-29,SOXL,11:40,up,225.12,192.52,224.68,192.52,14.29,89.4,89.4,-0.22,-,1.75,+,3.36,+,N
2026-06-29,SOXL,11:50,up,226.3,192.52,225.25,192.52,14.46,89.4,89.4,0.15,+,1.5,+,3.63,+,N
2026-06-29,SOXL,11:55,up,226.64,192.52,226.36,192.52,14.93,89.5,89.5,1.07,+,1.96,+,3.98,+,N
2026-06-29,SOXL,12:00,up,229.07,192.52,226.92,192.52,15.02,89.5,89.5,0.35,+,1.34,+,2.85,+,N
2026-06-29,SOXL,12:05,up,229.88,192.52,229.41,192.52,16.05,89.5,89.5,-0.08,-,0.02,+,2.82,+,N
2026-06-29,SOXL,12:15,up,231.08,192.52,230.07,192.52,16.25,89.6,89.6,0.46,+,-0.19,-,2.08,+,N
2026-06-29,SOXL,12:20,up,232.14,198.68,231.45,198.68,14.12,89.6,89.6,-0.95,-,0.48,+,1.93,+,N
2026-06-29,SOXL,12:40,up,233.25,204.18,232.16,204.18,12.0,89.7,89.7,-0.27,-,0.71,+,1.44,+,N
2026-06-29,SOXL,13:00,up,234.9,207.89,233.34,207.89,10.83,89.7,89.7,-0.29,-,-0.95,-,1.35,+,N
2026-06-29,SOXL,13:10,up,235.75,216.58,235.18,216.58,7.89,89.8,89.8,-0.2,-,-0.52,-,0.72,+,N
2026-06-29,SOXL,13:45,up,236.36,216.58,236.18,216.58,8.29,89.8,89.8,0.19,+,0.2,+,-0.13,-,N
2026-06-29,SOXL,14:10,up,236.89,224.88,236.84,224.88,5.05,89.8,89.8,0.22,+,-0.19,-,-1.75,-,N
2026-06-29,SOXL,14:15,up,237.42,228.1,237.31,228.1,3.88,89.9,89.9,-0.35,-,-0.17,-,-0.36,-,N
2026-06-29,SOXL,14:40,up,238.07,228.1,237.65,228.1,4.01,89.9,89.9,0.05,+,-1.85,-,-0.63,-,N
2026-06-30,SOXL,09:30,up,248.59,236.26,246.14,236.26,3.97,89.9,89.9,-0.17,-,2.17,+,5.98,+,N
2026-06-30,SOXL,09:40,up,251.16,237.58,249.24,237.58,4.64,89.9,89.9,-0.64,-,3.4,+,3.85,+,N
2026-06-30,SOXL,09:50,up,253.99,237.58,252.8,237.58,5.99,90.0,90.0,1.49,+,2.31,+,3.13,+,N
2026-06-30,SOXL,09:55,up,257.77,237.58,254.55,237.58,6.58,90.0,90.0,0.74,+,1.01,+,0.97,+,N
2026-06-30,SOXL,10:00,up,259.69,237.58,257.93,237.58,7.84,90.0,90.0,-0.47,-,1.06,+,0.57,+,N
2026-06-30,SOXL,10:10,up,259.86,237.58,259.8,237.58,8.55,90.1,90.1,0.2,+,1.32,+,1.21,+,N
2026-06-30,SOXL,10:15,up,260.38,237.58,259.96,237.58,8.6,90.1,90.1,0.79,+,0.4,+,0.64,+,N
2026-06-30,SOXL,10:20,up,262.44,237.58,261.44,237.58,9.09,90.2,90.2,0.11,+,-0.2,-,0.14,+,N
2026-06-30,SOXL,11:05,up,263.58,237.58,263.56,237.58,9.86,90.2,90.2,-0.05,-,-1.1,-,0.07,+,N
2026-06-30,SOXL,13:00,up,264.76,238.36,263.89,238.36,9.64,90.2,90.2,0.25,+,0.11,+,1.71,+,N
2026-06-30,SOXL,13:05,up,265.43,259.34,265.07,259.34,2.16,90.3,90.3,-0.28,-,0.03,+,1.76,+,N
2026-06-30,SOXL,13:35,up,266.04,259.34,265.67,259.34,2.38,90.3,90.3,0.38,+,-0.12,-,1.58,+,N
2026-06-30,SOXL,13:40,up,267.06,260.31,266.19,260.31,2.2,90.3,90.3,-0.35,-,-0.49,-,0.99,+,N
2026-06-30,SOXL,14:35,up,267.52,260.86,267.18,260.86,2.36,90.4,90.4,0.67,+,0.56,+,-0.17,-,N
2026-06-30,SOXL,14:40,up,269.3,262.61,267.74,262.61,1.9,90.4,90.4,0.29,+,0.01,+,-0.83,-,N
2026-06-30,SOXL,14:45,up,270.09,262.76,269.4,262.76,2.46,90.4,90.4,-0.24,-,0.1,+,-1.12,-,N
2026-06-30,SOXL,15:05,up,270.35,262.76,270.23,262.76,2.76,90.5,90.5,-0.03,-,-0.26,-,-1.21,-,N
2026-07-01,SOXL,09:30,down,234.59,258.16,258.16,236.63,9.18,88.2,88.2,1.21,+,-2.49,-,2.3,+,N
2026-07-01,SOXL,09:35,down,231.75,258.03,258.03,233.1,10.76,88.3,88.3,-1.87,-,-4.64,-,0.0,-,N
2026-07-01,SOXL,10:40,down,228.51,257.97,257.97,230.42,12.06,88.4,88.4,0.81,+,-1.38,-,-0.7,-,N
2026-07-01,SOXL,10:45,down,226.65,246.75,246.75,228.31,8.14,88.4,88.4,-1.0,-,-0.07,-,-0.6,-,N
2026-07-01,SOXL,13:00,down,224.14,246.75,246.75,225.33,9.56,88.5,88.5,0.59,+,-0.55,-,2.51,+,N
2026-07-01,SOXL,13:05,down,222.81,233.37,233.37,223.19,4.57,88.6,88.6,-0.33,-,-0.52,-,2.5,+,N
2026-07-01,SOXL,13:45,down,221.53,233.37,233.37,222.42,4.94,88.6,88.6,-0.12,-,-0.01,-,-1.93,-,N
2026-07-01,SOXL,13:55,down,220.85,230.91,230.91,221.14,4.42,88.7,88.7,-0.14,-,-0.15,-,-0.88,-,N
2026-07-01,SOXL,14:25,down,220.31,230.91,230.91,220.63,4.67,88.8,88.8,0.1,+,1.39,+,1.37,+,N
2026-07-01,SOXL,14:35,down,218.82,229.2,229.2,219.45,4.46,88.8,88.8,0.14,+,0.16,+,0.69,+,Y
2026-07-01,SOXL,14:40,down,218.52,227.32,227.32,218.68,3.95,88.9,88.9,0.58,+,-1.95,-,0.56,+,Y
2026-07-01,SOXL,14:45,down,217.25,227.32,227.32,217.64,4.46,88.9,88.9,0.47,+,-3.93,-,-0.02,-,Y
2026-07-01,SOXL,14:50,down,216.23,227.32,227.32,216.8,4.87,89.0,89.0,-1.03,-,-3.56,-,-0.49,-,Y
2026-07-02,SOXL,10:30,down,201.03,233.2,233.2,203.72,14.66,88.1,88.1,-0.22,-,2.87,+,6.55,+,N
2026-07-02,SOXL,10:40,down,196.16,232.29,232.29,200.5,16.21,88.1,88.1,-0.83,-,2.01,+,7.24,+,N
2026-07-02,SOXL,11:00,down,192.22,230.92,230.92,194.77,18.81,88.2,88.2,-0.12,-,0.95,+,5.12,+,N
2026-07-02,SOXL,11:10,down,190.8,227.88,227.88,191.98,18.82,88.3,88.3,1.88,+,-2.14,-,6.17,+,N
2026-07-02,SOXL,11:15,down,187.22,227.88,227.88,189.65,20.42,88.3,88.3,-1.69,-,-3.84,-,5.11,+,N
2026-07-02,SOXL,12:05,down,186.24,227.61,227.61,186.7,21.97,88.4,88.4,-0.88,-,2.38,+,7.66,+,N
2026-07-02,SOXL,12:15,down,184.38,220.92,220.92,185.45,19.24,88.4,88.4,1.32,+,3.11,+,7.0,+,N
2026-07-02,SOXL,12:20,down,181.95,212.91,212.91,184.29,15.73,88.5,88.5,0.08,+,-0.24,-,5.05,+,N
2026-07-02,SOXL,12:30,down,179.35,206.46,206.46,181.6,13.86,88.6,88.6,0.39,+,0.18,+,1.77,+,N
2026-07-02,SOXL,12:35,down,178.65,201.56,201.56,179.14,12.55,88.6,88.6,-2.09,-,0.55,+,2.12,+,N
2026-07-02,SOXL,12:55,down,177.66,199.57,199.57,177.86,12.22,88.7,88.7,0.65,+,0.89,+,0.26,+,N
2026-07-02,SOXL,13:35,down,173.59,197.37,197.37,175.6,12.54,88.7,88.7,-0.6,-,1.22,+,0.93,+,N
2026-07-02,SOXL,13:45,down,171.97,192.87,192.87,173.05,11.53,88.8,88.8,-1.0,-,-3.41,-,-0.97,-,N
2026-07-02,SOXL,15:20,down,169.97,190.97,190.97,171.4,11.51,88.8,88.8,-2.15,-,-2.85,-,-6.77,-,N
2026-07-02,SOXL,15:55,up,181.48,169.02,180.29,169.02,6.21,89.4,89.4,0.0,-,0.0,-,0.0,-,N
2026-07-03,SOXL,12:40,down,189.54,194.42,194.42,189.74,2.47,88.2,88.2,0.06,+,-0.33,-,-0.33,-,N
2026-06-25,HOOD,09:35,down,95.13,99.83,99.83,96.42,3.58,88.9,88.9,0.88,+,2.08,+,0.38,+,N
2026-06-25,HOOD,09:40,down,94.29,99.42,99.42,95.04,4.65,88.9,88.9,-0.01,-,0.02,+,-0.6,-,N
2026-06-25,HOOD,09:50,down,93.52,99.42,99.42,94.16,5.62,89.0,89.0,0.4,+,-2.28,-,-1.69,-,N
2026-06-25,HOOD,09:55,down,93.15,99.42,99.42,93.44,6.42,89.1,89.1,-1.2,-,-2.98,-,-1.77,-,N
2026-06-26,HOOD,09:30,up,94.5,91.75,93.59,91.75,1.95,89.8,89.8,0.47,+,0.71,+,2.36,+,N
2026-06-26,HOOD,09:55,up,96.07,91.75,95.45,91.75,3.85,89.9,89.9,0.0,-,-0.63,-,2.25,+,N
2026-06-26,HOOD,10:30,up,96.59,91.75,96.41,91.75,4.82,89.9,89.9,-0.76,-,-1.0,-,0.77,+,N
2026-06-26,HOOD,11:05,up,96.78,91.75,96.7,91.75,5.11,90.0,90.0,-0.05,-,0.84,+,0.59,+,N
2026-06-26,HOOD,11:15,up,97.04,91.75,96.84,91.75,5.25,90.0,90.0,0.04,+,1.23,+,0.14,+,N
2026-06-26,HOOD,11:25,up,97.59,92.11,97.14,92.11,5.15,90.1,90.1,0.41,+,0.23,+,0.06,+,N
2026-06-26,HOOD,11:30,up,97.99,94.3,97.61,94.3,3.38,90.1,90.1,0.24,+,-0.28,-,-0.54,-,N
2026-06-26,HOOD,11:35,up,98.23,94.31,98.0,94.31,3.76,90.2,90.2,0.08,+,-0.38,-,-1.07,-,N
2026-06-26,HOOD,15:50,up,98.98,94.31,98.33,94.31,4.06,90.2,90.2,-0.27,-,-0.27,-,-0.27,-,N
2026-06-29,HOOD,10:10,down,98.43,101.85,101.85,99.13,2.76,89.2,89.2,-0.89,-,-2.84,-,-1.89,-,N
2026-06-29,HOOD,12:45,up,101.9,98.98,101.83,98.98,2.8,90.2,90.2,0.0,-,0.32,+,-0.32,-,N
2026-06-29,HOOD,13:00,up,102.05,98.98,101.92,98.98,2.88,90.3,90.3,0.18,+,-0.07,-,0.16,+,N
2026-06-29,HOOD,13:05,up,102.23,98.98,102.08,98.98,3.03,90.3,90.3,0.45,+,0.16,+,0.23,+,N
2026-06-29,HOOD,13:10,up,102.69,98.98,102.34,98.98,3.27,90.4,90.4,-0.22,-,-0.39,-,-0.33,-,N
2026-06-29,HOOD,15:45,up,102.87,98.98,102.75,98.98,3.66,90.4,90.4,-0.78,-,-0.92,-,-0.92,-,N
2026-06-30,HOOD,11:25,up,103.05,100.21,102.72,100.21,2.44,90.0,90.0,-0.04,-,-1.25,-,-1.91,-,N
2026-07-01,HOOD,09:30,up,101.41,99.37,100.78,99.37,1.39,89.6,89.6,-0.16,-,2.05,+,6.51,+,N
2026-07-01,HOOD,09:40,up,102.72,99.37,102.0,99.37,2.56,89.7,89.7,0.72,+,1.81,+,5.36,+,N
2026-07-01,HOOD,09:45,up,103.46,99.37,102.82,99.37,3.33,89.7,89.7,0.03,+,1.61,+,4.19,+,N
2026-07-01,HOOD,09:55,up,104.59,99.37,104.09,99.37,4.51,89.8,89.8,-0.01,-,1.06,+,2.94,+,N
2026-07-01,HOOD,10:05,up,105.13,99.37,104.61,99.37,4.98,89.8,89.8,0.27,+,-0.18,-,2.53,+,N
2026-07-01,HOOD,10:10,up,105.41,99.37,105.13,99.37,5.46,89.9,89.9,0.28,+,-0.3,-,2.3,+,N
2026-07-01,HOOD,10:15,up,105.7,99.37,105.6,99.37,5.89,89.9,89.9,-0.26,-,-0.76,-,2.42,+,N
2026-07-01,HOOD,11:00,up,107.59,99.37,105.86,99.37,6.03,90.0,90.0,-0.03,-,0.59,+,0.83,+,N
2026-07-01,HOOD,11:10,up,108.01,99.73,107.65,99.73,7.33,90.0,90.0,-0.15,-,-0.3,-,0.2,+,N
2026-07-01,HOOD,11:20,up,108.23,99.82,108.18,99.82,7.72,90.1,90.1,-0.41,-,-0.3,-,-0.23,-,N
2026-07-01,HOOD,12:20,up,108.45,100.49,108.42,100.49,7.31,90.1,90.1,0.32,+,0.03,+,0.21,+,N
2026-07-01,HOOD,12:25,up,108.8,103.9,108.76,103.9,4.47,90.2,90.2,-0.04,-,-0.3,-,-0.04,-,N
2026-07-01,HOOD,15:30,up,109.35,103.9,108.96,103.9,4.63,90.2,90.2,-0.04,-,-0.6,-,-0.59,-,N
2026-07-02,HOOD,09:30,up,117.16,111.64,113.17,111.64,1.31,90.0,90.0,0.54,+,0.78,+,-2.8,-,N
2026-07-02,HOOD,09:35,up,117.79,111.64,117.66,111.64,5.11,90.1,90.1,0.8,+,0.38,+,-3.82,-,N
2026-07-02,HOOD,09:40,up,118.73,111.64,118.57,111.64,5.84,90.1,90.1,-1.45,-,-0.72,-,-4.08,-,N
2026-07-02,HOOD,10:10,up,119.37,111.64,118.89,111.64,6.07,90.2,90.2,-0.72,-,-2.8,-,-4.72,-,N
2026-06-25,CRCL,09:30,down,69.74,73.41,73.41,69.86,5.09,88.1,88.1,-0.13,-,2.52,+,-0.3,-,N
2026-06-25,CRCL,09:40,down,69.21,72.74,72.74,69.29,4.98,88.2,88.2,1.03,+,0.23,+,-1.5,-,N
2026-06-25,CRCL,09:45,down,68.5,72.74,72.74,68.96,5.52,88.3,88.3,0.76,+,-2.23,-,-2.58,-,N
2026-06-25,CRCL,09:50,down,67.98,72.62,72.62,68.25,6.43,88.3,88.3,0.13,+,-2.28,-,-3.3,-,N
2026-06-25,CRCL,09:55,down,67.89,72.62,72.62,67.91,6.94,88.4,88.4,-1.71,-,-2.89,-,-2.93,-,N
2026-06-26,CRCL,09:40,up,71.15,67.49,70.56,67.49,4.31,84.6,84.6,0.48,+,3.13,+,2.47,+,N
2026-06-26,CRCL,09:50,up,72.48,67.49,71.66,67.49,5.75,84.8,84.8,0.83,+,0.9,+,0.76,+,N
2026-06-26,CRCL,09:55,up,73.08,67.49,72.49,67.49,6.84,84.9,84.9,0.41,+,-0.44,-,0.45,+,N
2026-06-26,CRCL,10:00,up,73.38,67.49,73.25,67.49,7.85,85.0,85.0,-0.61,-,0.03,+,0.53,+,N
2026-06-26,CRCL,12:30,up,74.21,67.49,73.79,67.49,8.49,85.1,85.1,-0.07,-,-0.28,-,-0.49,-,N
2026-06-26,CRCL,13:00,up,74.39,71.77,74.37,71.77,3.5,85.2,85.2,0.0,-,-0.97,-,-1.24,-,N
2026-06-29,CRCL,09:45,down,73.14,75.98,75.98,73.43,3.49,87.8,87.8,-0.05,-,0.19,+,-0.23,-,N
2026-06-29,CRCL,10:10,down,72.7,75.98,75.98,72.93,4.2,87.8,87.8,-0.96,-,-2.35,-,-1.38,-,N
2026-06-29,CRCL,15:55,up,76.12,74.49,76.11,74.49,2.13,85.4,85.4,0.0,-,0.0,-,0.0,-,N
2026-06-30,CRCL,09:35,down,71.33,75.21,75.21,72.04,4.44,87.8,87.8,-0.06,-,2.44,+,7.4,+,N
2026-06-30,CRCL,09:45,down,70.05,75.21,75.21,71.22,5.7,87.8,87.8,0.26,+,0.0,-,5.6,+,N
2026-06-30,CRCL,09:50,down,69.87,75.17,75.17,69.89,7.56,87.9,87.9,0.4,+,-0.66,-,5.17,+,N
2026-06-30,CRCL,09:55,down,69.59,74.99,74.99,69.73,7.56,88.0,88.0,-0.65,-,-0.75,-,5.12,+,N
2026-06-30,CRCL,10:35,down,69.04,74.67,74.67,69.15,8.0,88.0,88.0,0.12,+,4.61,+,5.2,+,N
2026-06-30,CRCL,10:45,down,67.89,74.52,74.52,68.84,8.37,88.1,88.1,1.77,+,3.64,+,4.07,+,N
2026-06-30,CRCL,10:50,down,66.69,74.18,74.18,67.76,9.63,88.2,88.2,1.24,+,0.57,+,2.28,+,N
2026-06-30,CRCL,10:55,down,65.86,74.18,74.18,66.66,11.42,88.2,88.2,0.44,+,-0.29,-,1.23,+,N
2026-06-30,CRCL,11:05,down,65.42,74.18,74.18,65.47,13.31,88.3,88.3,-1.36,-,-1.09,-,1.15,+,N
2026-06-30,CRCL,12:40,down,64.52,74.04,74.04,65.05,13.93,88.4,88.4,-0.23,-,-0.45,-,1.67,+,N
2026-06-30,CRCL,13:25,down,63.89,67.96,67.96,64.23,5.84,88.4,88.4,-0.23,-,-0.31,-,0.47,+,N
2026-06-30,CRCL,13:50,down,63.79,66.43,66.43,63.87,4.01,88.5,88.5,-0.16,-,0.41,+,0.45,+,N
2026-06-30,CRCL,14:20,down,63.44,66.37,66.37,63.45,4.6,88.6,88.6,-0.43,-,-0.16,-,1.01,+,N
2026-06-30,CRCL,15:15,down,63.33,65.36,65.36,63.38,3.13,88.6,88.6,-0.22,-,0.27,+,0.84,+,N
2026-06-30,CRCL,15:35,down,63.16,64.6,64.6,63.17,2.26,88.7,88.7,-0.11,-,0.57,+,0.57,+,N
2026-06-30,CRCL,15:45,down,63.03,64.15,64.15,63.14,1.6,88.7,88.7,0.27,+,0.36,+,0.36,+,N
2026-06-30,CRCL,15:50,down,62.86,64.12,64.12,63.03,1.73,88.8,88.8,0.1,+,0.1,+,0.1,+,N
2026-07-01,CRCL,09:55,up,64.68,61.1,64.56,61.1,5.35,85.3,85.3,1.53,+,1.99,+,0.46,+,N
2026-07-01,CRCL,10:00,up,65.67,61.87,65.1,61.87,4.92,85.4,85.4,-0.5,-,0.17,+,-0.96,-,N
2026-07-01,CRCL,10:15,up,65.97,61.87,65.85,61.87,6.03,85.5,85.5,-0.29,-,-1.65,-,-0.09,-,N
2026-07-01,CRCL,12:05,up,66.11,61.87,66.07,61.87,6.35,85.6,85.6,-0.03,-,-0.48,-,-3.01,-,N
2026-07-01,CRCL,14:40,down,63.37,66.13,66.13,63.4,4.31,88.7,88.7,0.25,+,0.95,+,1.93,+,N
2026-07-01,CRCL,14:45,down,63.21,65.92,65.92,63.35,4.07,88.7,88.7,0.63,+,0.08,+,1.68,+,N
2026-07-01,CRCL,14:50,down,62.81,65.87,65.87,63.16,4.31,88.8,88.8,0.19,+,-1.35,-,1.05,+,N
2026-07-01,CRCL,14:55,down,62.69,65.62,65.62,62.77,4.55,88.9,88.9,-0.13,-,-1.24,-,0.86,+,N
2026-07-01,CRCL,15:50,down,62.46,65.13,65.13,62.69,3.91,88.9,88.9,0.5,+,0.5,+,0.5,+,N
2026-07-01,CRCL,15:55,down,62.15,64.47,64.47,62.43,3.28,89.0,89.0,0.0,-,0.0,-,0.0,-,N
2026-07-02,CRCL,09:30,up,66.89,62.96,64.87,62.96,2.86,85.5,85.5,0.85,+,0.67,+,-1.75,-,N
2026-07-02,CRCL,09:40,up,68.03,63.05,67.6,63.05,6.69,85.6,85.6,-0.43,-,-0.04,-,-3.03,-,N
2026-07-02,CRCL,10:10,up,68.87,63.05,68.22,63.05,7.51,85.7,85.7,-1.41,-,-2.11,-,-4.2,-,N
2026-06-25,COIN,09:30,down,150.12,153.86,153.86,150.31,2.36,86.3,86.3,1.25,+,3.5,+,2.96,+,N
2026-06-25,COIN,09:35,down,148.24,153.86,153.86,148.82,3.4,86.4,86.4,0.94,+,2.54,+,1.68,+,N
2026-06-25,COIN,09:40,down,146.84,153.86,153.86,148.17,3.87,86.4,86.4,0.54,+,-0.46,-,0.45,+,N
2026-06-25,COIN,09:45,down,146.05,153.86,153.86,146.5,5.04,86.5,86.5,0.81,+,-1.8,-,-0.24,-,N
2026-06-25,COIN,09:50,down,144.86,153.86,153.86,145.2,5.98,86.6,86.6,0.26,+,-2.22,-,-0.87,-,N
2026-06-25,COIN,14:10,down,144.33,153.86,153.86,144.43,6.53,86.6,86.6,-0.24,-,0.28,+,1.45,+,N
2026-06-25,COIN,14:30,down,143.93,147.4,147.4,144.23,2.2,86.7,86.7,0.16,+,0.19,+,0.83,+,N
2026-06-25,COIN,14:35,down,143.7,145.77,145.77,143.93,1.28,86.8,86.8,0.47,+,0.25,+,0.68,+,N
2026-06-25,COIN,14:40,down,143.03,145.77,145.77,143.48,1.6,86.8,86.8,-0.08,-,0.21,+,0.21,+,N
2026-06-25,COIN,15:00,down,142.73,145.77,145.77,142.99,1.95,86.9,86.9,0.08,+,0.36,+,0.0,-,N
2026-06-25,COIN,15:05,down,142.61,145.77,145.77,142.65,2.19,87.0,87.0,0.29,+,0.22,+,-0.08,-,N
2026-06-25,COIN,15:10,down,142.2,145.77,145.77,142.48,2.31,87.0,87.0,0.18,+,-0.11,-,-0.37,-,N
2026-06-25,COIN,15:15,down,141.95,145.77,145.77,142.01,2.65,87.1,87.1,-0.18,-,-0.16,-,-0.55,-,N
2026-06-26,COIN,09:40,up,143.93,139.11,143.32,139.11,2.93,82.3,82.3,0.57,+,1.83,+,2.29,+,N
2026-06-26,COIN,09:45,up,144.75,139.11,144.32,139.11,3.6,82.4,82.4,0.35,+,0.95,+,1.91,+,N
2026-06-26,COIN,09:50,up,145.26,139.11,145.22,139.11,4.21,82.6,82.6,1.21,+,0.3,+,1.9,+,N
2026-06-26,COIN,09:55,up,147.02,139.11,145.34,139.11,4.24,82.7,82.7,-0.31,-,-1.03,-,1.1,+,N
2026-06-26,COIN,11:05,up,147.27,139.11,147.1,139.11,5.43,82.8,82.8,-0.32,-,0.16,+,1.22,+,N
2026-06-26,COIN,11:30,up,148.02,139.11,147.86,139.11,5.91,82.9,82.9,0.42,+,-0.03,-,0.95,+,N
2026-06-26,COIN,11:35,up,148.64,142.3,148.14,142.3,3.93,83.0,83.0,0.39,+,-0.04,-,0.09,+,N
2026-06-26,COIN,11:40,up,149.22,143.3,148.67,143.3,3.6,83.1,83.1,-0.48,-,-0.19,-,-0.42,-,N
2026-06-26,COIN,13:00,up,149.59,144.48,149.32,144.48,3.24,83.3,83.3,0.09,+,-0.66,-,-1.59,-,N
2026-06-29,COIN,10:10,down,145.75,152.49,152.49,147.23,3.61,86.0,86.0,-0.75,-,-2.1,-,-1.76,-,N
2026-06-30,COIN,09:35,down,144.96,152.49,152.49,145.4,4.89,86.0,86.0,-0.37,-,-1.32,-,1.05,+,N
2026-06-30,COIN,10:50,down,143.42,148.96,148.96,144.27,3.27,86.1,86.1,0.17,+,-0.29,-,-1.34,-,N
2026-06-30,COIN,10:55,down,143.18,148.95,148.95,143.36,3.9,86.2,86.2,0.28,+,-0.18,-,-1.35,-,N
2026-07-01,COIN,09:40,up,151.13,144.59,150.24,144.59,3.74,81.4,81.4,0.3,+,2.29,+,7.13,+,N
2026-07-01,COIN,09:45,up,151.58,144.59,151.3,144.59,4.43,81.5,81.5,0.53,+,2.99,+,6.5,+,N
2026-07-01,COIN,09:55,up,153.63,144.59,152.39,144.59,5.08,81.6,81.6,0.62,+,2.0,+,4.7,+,N
2026-07-01,COIN,10:00,up,154.59,144.59,153.73,144.59,5.91,81.7,81.7,0.98,+,1.35,+,5.05,+,N
2026-07-01,COIN,10:05,up,156.11,144.59,154.7,144.59,6.48,81.8,81.8,0.36,+,0.06,+,3.64,+,N
2026-07-01,COIN,10:10,up,156.67,144.59,156.25,144.59,7.44,81.9,81.9,0.02,+,-0.63,-,3.64,+,N
2026-07-01,COIN,11:00,up,158.86,144.59,157.06,144.59,7.85,82.0,82.0,0.89,+,1.92,+,3.04,+,N
2026-07-01,COIN,11:05,up,160.28,144.79,159.03,144.79,8.88,82.2,82.2,0.51,+,0.72,+,1.85,+,N
2026-07-01,COIN,11:10,up,161.09,144.81,160.64,144.81,9.83,82.3,82.3,-0.09,-,0.17,+,1.07,+,N
2026-07-01,COIN,11:20,up,161.91,144.81,161.25,144.81,10.15,82.4,82.4,-0.29,-,0.3,+,0.44,+,N
2026-07-01,COIN,11:40,up,162.4,146.18,162.28,146.18,9.91,82.5,82.5,-0.37,-,0.73,+,0.62,+,N
2026-07-01,COIN,11:55,up,163.29,150.9,162.8,150.9,7.29,82.6,82.6,0.18,+,0.13,+,0.37,+,N
2026-07-01,COIN,13:35,up,163.9,154.35,163.7,154.35,5.7,82.6,82.6,0.02,+,-0.43,-,-1.48,-,N
2026-07-01,COIN,15:50,down,160.71,164.52,164.52,160.89,2.26,85.9,85.9,0.87,+,0.87,+,0.87,+,N
2026-07-01,COIN,15:55,down,159.31,163.68,163.68,160.55,1.96,85.9,85.9,0.0,-,0.0,-,0.0,-,N
2026-07-02,COIN,09:30,up,170.52,164.03,166.73,164.03,1.58,83.1,83.1,0.43,+,-0.15,-,-2.26,-,N
2026-07-02,COIN,09:40,up,172.99,164.03,171.31,164.03,4.21,83.2,83.2,-1.24,-,-1.05,-,-3.39,-,N
2026-07-02,COIN,13:45,down,163.65,168.26,168.26,163.7,2.79,85.8,85.8,-0.46,-,-0.9,-,-1.01,-,N
2026-07-03,COIN,09:55,up,166.76,165.49,166.72,165.49,0.74,83.1,83.1,-0.13,-,-0.38,-,0.05,+,N
2026-06-25,SNDK,09:30,up,2263.58,2202.06,2244.77,2202.06,1.89,88.1,88.1,0.88,+,-5.7,-,-3.27,-,Y
2026-06-25,SNDK,09:35,up,2283.43,2204.22,2274.08,2204.22,3.06,88.2,88.2,-2.08,-,-7.9,-,-3.08,-,Y
2026-06-25,SNDK,09:55,down,2103.0,2292.0,2292.0,2133.69,7.53,84.8,84.8,-1.61,-,-1.79,-,-5.06,-,N
2026-06-25,SNDK,13:55,up,2305.56,2214.3,2296.0,2214.3,3.54,87.7,87.7,-0.38,-,-0.12,-,-0.75,-,N
2026-06-25,SNDK,14:25,up,2316.2,2220.1,2308.11,2220.1,3.8,87.7,87.7,-0.82,-,-0.73,-,0.66,+,N
2026-06-25,SNDK,15:50,up,2325.7,2241.65,2317.05,2241.65,3.24,87.8,87.8,0.25,+,0.25,+,0.25,+,N
2026-06-25,SNDK,15:55,up,2331.49,2267.48,2329.59,2267.48,2.66,87.9,87.9,0.0,-,0.0,-,0.0,-,N
2026-06-26,SNDK,09:30,down,2145.66,2273.44,2273.44,2146.31,5.92,85.3,85.3,0.21,+,-1.0,-,-0.48,-,N
2026-06-26,SNDK,09:35,down,2141.07,2228.06,2228.06,2143.3,3.96,85.4,85.4,-0.71,-,-2.99,-,-0.49,-,Y
2026-06-26,SNDK,09:45,down,2138.07,2228.06,2228.06,2140.4,4.1,85.5,85.5,-1.36,-,-4.98,-,-1.47,-,Y
2026-06-26,SNDK,10:05,up,2244.5,2128.0,2233.86,2128.0,4.72,87.5,87.5,-0.22,-,-0.92,-,-3.74,-,N
2026-06-26,SNDK,14:25,down,2116.87,2186.46,2186.46,2120.4,3.12,84.9,84.9,0.01,+,-0.16,-,1.16,+,N
2026-06-26,SNDK,15:00,down,2108.56,2186.46,2186.46,2113.73,3.45,85.0,85.0,-1.03,-,-0.65,-,0.77,+,N
2026-06-26,SNDK,15:50,down,2098.35,2181.13,2181.13,2108.28,3.47,85.2,85.2,0.28,+,0.28,+,0.28,+,N
2026-06-29,SNDK,09:35,down,1998.08,2148.68,2148.68,2042.3,5.32,85.6,85.6,-0.46,-,3.47,+,3.26,+,N
2026-06-29,SNDK,09:50,down,1963.11,2121.78,2121.78,1968.28,7.82,85.7,85.7,1.75,+,2.58,+,0.24,+,N
2026-06-29,SNDK,09:55,down,1928.67,2121.78,2121.78,1961.3,8.32,85.8,85.8,-0.22,-,0.39,+,-2.52,-,N
2026-06-29,SNDK,10:10,down,1912.46,2121.78,2121.78,1926.32,10.22,85.9,85.9,-0.45,-,-2.32,-,-4.16,-,N
2026-06-30,SNDK,10:30,up,2186.2,2069.7,2176.45,2069.7,4.88,87.0,87.0,0.75,+,-0.49,-,0.79,+,N
2026-06-30,SNDK,10:35,up,2202.57,2069.7,2191.61,2069.7,5.53,87.1,87.1,-0.62,-,-1.9,-,0.1,+,N
2026-06-30,SNDK,13:40,up,2224.77,2069.7,2208.0,2069.7,6.22,87.2,87.2,0.52,+,0.44,+,1.34,+,N
2026-06-30,SNDK,13:45,up,2236.31,2175.67,2227.55,2175.67,2.32,87.3,87.3,0.02,+,0.21,+,0.81,+,N
2026-06-30,SNDK,13:50,up,2236.76,2176.29,2236.54,2176.29,2.69,87.3,87.3,-0.18,-,0.26,+,1.02,+,N
2026-06-30,SNDK,14:25,up,2250.7,2181.39,2249.53,2181.39,3.03,87.4,87.4,-0.17,-,0.67,+,0.75,+,N
2026-06-30,SNDK,14:40,up,2263.8,2185.14,2253.68,2185.14,3.03,87.5,87.5,0.09,+,-0.28,-,0.16,+,N
2026-06-30,SNDK,14:45,up,2265.81,2185.14,2264.54,2185.14,3.5,87.6,87.6,-0.47,-,-0.92,-,0.08,+,N
2026-06-30,SNDK,15:50,up,2273.26,2185.14,2268.8,2185.14,3.68,87.7,87.7,-0.25,-,-0.25,-,-0.25,-,N
2026-07-01,SNDK,09:30,down,2074.27,2205.0,2205.0,2079.31,6.06,87.0,87.0,-0.73,-,-1.98,-,1.26,+,N
2026-07-01,SNDK,10:35,down,2061.17,2196.7,2196.7,2067.28,6.28,87.1,87.1,1.23,+,1.44,+,-0.34,-,N
2026-07-01,SNDK,10:40,down,2035.8,2140.09,2140.09,2050.37,4.41,87.2,87.2,-0.06,-,-0.41,-,-1.34,-,N
2026-07-01,SNDK,10:55,down,2031.49,2131.73,2131.73,2035.53,4.74,87.3,87.3,-0.62,-,-1.49,-,-1.28,-,N
2026-07-01,SNDK,14:30,down,2014.59,2131.73,2131.73,2019.27,5.58,87.4,87.4,-0.29,-,0.19,+,-0.98,-,N
2026-07-01,SNDK,14:45,down,2011.3,2069.44,2069.44,2014.26,2.74,87.5,87.5,0.03,+,-1.37,-,-1.14,-,N
2026-07-02,SNDK,10:20,down,1939.31,2110.68,2110.68,1944.02,8.59,87.6,87.6,1.69,+,4.39,+,6.83,+,N
2026-07-02,SNDK,10:25,down,1906.62,2110.68,2110.68,1931.76,9.38,87.7,87.7,0.85,+,3.18,+,5.36,+,N
2026-07-02,SNDK,10:30,down,1890.48,2110.68,2110.68,1906.36,10.81,87.8,87.8,0.12,+,2.9,+,3.87,+,N
2026-07-02,SNDK,10:35,down,1888.28,2099.64,2099.64,1889.74,11.12,87.9,87.9,1.81,+,2.62,+,4.41,+,N
2026-07-02,SNDK,10:40,down,1854.15,2085.74,2085.74,1884.1,10.88,87.9,87.9,0.44,+,2.59,+,4.0,+,N
2026-07-02,SNDK,10:45,down,1845.9,2084.8,2084.8,1850.8,12.68,88.0,88.0,0.55,+,1.77,+,3.32,+,N
2026-07-02,SNDK,11:00,down,1806.1,2073.91,2073.91,1834.35,13.26,88.1,88.1,-0.4,-,-0.6,-,1.96,+,N
2026-07-02,SNDK,11:10,down,1796.54,2073.91,2073.91,1805.59,14.94,88.2,88.2,0.39,+,-2.15,-,1.75,+,N
2026-07-02,SNDK,11:15,down,1789.51,2073.91,2073.91,1795.68,15.55,88.3,88.3,-1.53,-,-3.18,-,1.5,+,N
2026-07-02,SNDK,12:20,down,1779.99,2073.91,2073.91,1783.09,16.34,88.4,88.4,-0.26,-,0.52,+,3.46,+,N
2026-07-02,SNDK,12:30,down,1764.22,1917.48,1917.48,1779.05,7.85,88.4,88.4,-0.08,-,-0.05,-,2.09,+,N
2026-07-02,SNDK,13:00,down,1754.61,1888.56,1888.56,1757.48,7.47,88.5,88.5,-0.52,-,-0.58,-,0.93,+,N
2026-07-02,SNDK,13:30,down,1737.46,1857.1,1857.1,1746.05,6.39,88.6,88.6,0.59,+,0.29,+,0.61,+,N
2026-07-02,SNDK,13:35,down,1727.15,1855.74,1855.74,1737.01,6.87,88.7,88.7,-0.38,-,0.81,+,0.54,+,N
2026-07-02,SNDK,13:45,down,1724.51,1837.68,1837.68,1725.69,6.49,88.7,88.7,-0.46,-,-0.89,-,-0.07,-,N
2026-07-02,SNDK,13:55,down,1713.12,1819.23,1819.23,1719.33,5.83,88.8,88.8,-0.31,-,-0.77,-,-0.29,-,N
2026-07-02,SNDK,15:20,down,1703.86,1819.23,1819.23,1712.6,6.26,88.9,88.9,-1.28,-,-1.06,-,-2.36,-,N
2026-06-25,MSTR,09:30,down,93.02,96.62,96.62,94.5,2.28,91.4,91.4,2.05,+,6.04,+,6.59,+,N
2026-06-25,MSTR,09:35,down,91.11,96.62,96.62,91.98,5.09,91.5,91.5,1.45,+,4.74,+,4.21,+,N
2026-06-25,MSTR,09:40,down,89.79,96.62,96.62,91.08,6.17,91.5,91.5,1.12,+,1.26,+,2.51,+,N
2026-06-25,MSTR,09:45,down,88.78,96.62,96.62,89.65,7.85,91.6,91.6,1.55,+,-1.44,-,2.17,+,N
2026-06-25,MSTR,09:50,down,87.4,96.62,96.62,88.18,9.66,91.6,91.6,0.7,+,-1.8,-,0.13,+,N
2026-06-25,MSTR,09:55,down,86.79,96.62,96.62,87.1,10.97,91.6,91.6,-2.15,-,-2.43,-,-0.47,-,N
2026-06-25,MSTR,12:30,down,86.48,96.62,96.62,86.52,11.68,91.7,91.7,0.88,+,1.3,+,0.17,+,N
2026-06-25,MSTR,12:35,down,85.72,89.86,89.86,86.4,4.04,91.7,91.7,0.09,+,0.12,+,-1.46,-,N
2026-06-25,MSTR,12:50,down,85.36,89.86,89.86,85.54,5.06,91.7,91.7,-0.3,-,-0.74,-,-1.05,-,N
2026-06-26,MSTR,09:55,up,87.44,82.14,85.16,82.14,3.45,82.8,82.8,-0.83,-,-2.22,-,-0.51,-,N
2026-06-29,MSTR,13:00,up,91.5,85.36,89.57,85.36,4.6,82.6,82.6,0.49,+,1.01,+,1.67,+,N
2026-06-29,MSTR,13:05,up,91.95,85.36,91.62,85.36,6.81,82.8,82.8,0.96,+,0.79,+,1.09,+,N
2026-06-29,MSTR,13:10,up,92.83,85.96,92.06,85.96,6.57,82.9,82.9,0.61,+,-0.25,-,-0.17,-,N
2026-06-29,MSTR,13:15,up,93.4,86.0,93.18,86.0,7.69,83.1,83.1,-1.05,-,-0.67,-,-0.69,-,N
2026-06-29,MSTR,13:40,up,93.81,86.13,93.49,86.13,7.85,83.2,83.2,0.16,+,-0.25,-,-0.82,-,N
2026-06-29,MSTR,13:45,up,93.96,88.01,93.9,88.01,6.27,83.4,83.4,0.13,+,-0.77,-,-0.63,-,N
2026-06-30,MSTR,09:30,down,85.2,89.73,89.73,85.45,5.02,90.8,90.8,0.14,+,0.69,+,0.58,+,N
2026-06-30,MSTR,09:45,down,84.51,89.73,89.73,84.75,5.89,90.9,90.9,-0.12,-,-2.35,-,-1.15,-,N
2026-06-30,MSTR,10:50,down,83.95,89.34,89.34,84.18,6.15,90.9,90.9,-0.15,-,-0.91,-,-2.49,-,N
2026-06-30,MSTR,11:00,down,83.74,88.35,88.35,83.86,5.36,90.9,90.9,-0.51,-,-1.77,-,-2.1,-,N
2026-07-01,MSTR,09:30,up,89.44,86.06,87.93,86.06,2.09,82.3,82.3,0.45,+,3.31,+,7.56,+,N
2026-07-01,MSTR,09:40,up,91.67,86.06,90.0,86.06,4.3,82.4,82.4,0.08,+,2.49,+,6.2,+,N
2026-07-01,MSTR,09:50,up,92.4,86.06,91.82,86.06,6.23,82.6,82.6,0.79,+,3.57,+,5.23,+,N
2026-07-01,MSTR,10:00,up,93.95,86.06,93.13,86.06,7.53,82.7,82.7,0.7,+,0.82,+,3.32,+,N
2026-07-01,MSTR,10:05,up,94.61,86.06,94.16,86.06,8.56,82.8,82.8,1.15,+,-0.32,-,2.34,+,N
2026-07-01,MSTR,10:10,up,95.7,86.06,94.63,86.06,8.96,83.0,83.0,-0.85,-,-1.77,-,0.73,+,N
2026-07-01,MSTR,11:05,up,96.09,86.06,96.02,86.06,10.37,83.1,83.1,0.11,+,0.97,+,1.98,+,N
2026-07-01,MSTR,11:20,up,97.35,86.27,96.42,86.27,10.43,83.2,83.2,-0.34,-,-0.29,-,-0.29,-,N
2026-07-01,MSTR,12:10,up,98.01,86.27,97.74,86.27,11.7,83.4,83.4,0.38,+,-0.18,-,-0.5,-,N
2026-07-02,MSTR,09:30,up,101.42,98.21,101.31,98.21,3.06,90.0,90.0,0.57,+,1.13,+,-1.69,-,N
2026-07-03,MSTR,10:55,up,105.58,103.03,105.19,103.03,2.05,84.0,84.0,0.06,+,0.18,+,-0.35,-,N
