session_date,symbol,macro_skip_day,obs_formed,opens,fill_skips,gross_pnl_usdt,fees_usdt,net_pnl_usdt,equity_end
2026-02-02,TSLAUSDT,False,3,1,0,17.0,1.39,15.61,1015.6051
2026-02-03,TSLAUSDT,False,4,0,4,0,0,0,1015.6051
2026-02-04,TSLAUSDT,False,8,1,0,17.27,0.32,16.94,1032.546
2026-02-05,TSLAUSDT,False,8,1,5,-8.78,0.76,-9.54,1023.011
2026-02-06,TSLAUSDT,False,5,1,1,4.07,0.49,3.57,1026.5841
2026-02-09,TSLAUSDT,False,3,1,0,5.83,0.43,5.41,1031.9891
2026-02-10,TSLAUSDT,False,1,0,1,0,0,0,1031.9891
2026-02-11,TSLAUSDT,False,4,0,4,0,0,0,1031.9891
2026-02-12,TSLAUSDT,False,4,1,3,0.82,0.6,0.21,1032.204
2026-02-13,TSLAUSDT,True,0,0,0,0.0,0.0,0.0,1032.204
2026-02-17,TSLAUSDT,False,7,1,2,9.01,0.41,8.6,1040.8028
2026-02-18,TSLAUSDT,False,2,1,0,17.69,1.15,16.54,1057.3444
2026-02-19,TSLAUSDT,False,3,1,0,3.96,0.87,3.09,1060.4311
2026-02-20,TSLAUSDT,False,3,0,3,0,0,0,1060.4311
2026-02-23,TSLAUSDT,False,5,0,5,0,0,0,1060.4311
2026-02-24,TSLAUSDT,False,5,1,1,18.03,0.78,17.25,1077.6772
2026-02-25,TSLAUSDT,False,3,0,3,0,0,0,1077.6772
2026-02-26,TSLAUSDT,False,6,0,6,0,0,0,1077.6772
2026-02-27,TSLAUSDT,False,2,0,2,0,0,0,1077.6772
2026-03-02,TSLAUSDT,False,3,0,3,0,0,0,1077.6772
2026-03-03,TSLAUSDT,False,4,0,4,0,0,0,1077.6772
2026-03-04,TSLAUSDT,False,3,0,3,0,0,0,1077.6772
2026-03-05,TSLAUSDT,False,4,1,0,18.32,0.84,17.48,1095.1546
2026-03-06,TSLAUSDT,False,0,0,0,0,0,0,1095.1546
2026-03-09,TSLAUSDT,False,9,1,3,18.62,1.24,17.37,1112.5285
2026-03-10,TSLAUSDT,False,3,1,2,9.79,1.0,8.79,1121.3228
2026-03-11,TSLAUSDT,True,0,0,0,0.0,0.0,0.0,1121.3228
2026-03-12,TSLAUSDT,False,3,1,1,14.79,0.73,14.06,1135.3786
2026-03-13,TSLAUSDT,False,2,1,0,19.3,0.78,18.53,1153.9047
2026-03-16,TSLAUSDT,False,3,0,3,0,0,0,1153.9047
2026-03-17,TSLAUSDT,False,1,0,1,0,0,0,1153.9047
2026-03-18,TSLAUSDT,True,0,0,0,0.0,0.0,0.0,1153.9047
2026-03-19,TSLAUSDT,False,2,0,2,0,0,0,1153.9047
2026-03-20,TSLAUSDT,False,7,0,7,0,0,0,1153.9047
2026-03-23,TSLAUSDT,False,4,0,4,0,0,0,1153.9047
2026-03-24,TSLAUSDT,False,5,0,5,0,0,0,1153.9047
2026-03-25,TSLAUSDT,False,2,1,1,8.43,0.59,7.84,1161.7445
2026-03-26,TSLAUSDT,False,2,0,2,0,0,0,1161.7445
2026-03-27,TSLAUSDT,False,5,0,5,0,0,0,1161.7445
2026-03-30,TSLAUSDT,False,4,1,3,4.35,1.47,2.87,1164.6187
2026-03-31,TSLAUSDT,False,6,0,6,0,0,0,1164.6187
2026-04-01,TSLAUSDT,False,4,1,3,-0.95,1.36,-2.31,1162.3052
2026-04-02,TSLAUSDT,False,4,0,4,0,0,0,1162.3052
2026-04-06,TSLAUSDT,False,5,1,1,19.76,0.86,18.9,1181.2028
2026-04-07,TSLAUSDT,False,4,0,4,0,0,0,1181.2028
2026-04-08,TSLAUSDT,False,5,0,5,0,0,0,1181.2028
2026-04-09,TSLAUSDT,False,7,1,4,4.39,0.47,3.92,1185.1185
2026-04-10,TSLAUSDT,True,0,0,0,0.0,0.0,0.0,1185.1185
2026-04-13,TSLAUSDT,False,4,1,0,7.62,0.83,6.79,1191.9057
2026-04-14,TSLAUSDT,False,3,1,2,2.91,0.74,2.17,1194.0745
2026-04-15,TSLAUSDT,False,7,1,3,-3.17,0.54,-3.71,1190.3674
2026-04-16,TSLAUSDT,False,4,0,4,0,0,0,1190.3674
2026-04-17,TSLAUSDT,False,5,0,5,0,0,0,1190.3674
2026-04-20,TSLAUSDT,False,1,1,0,2.92,0.6,2.32,1192.6855
2026-04-21,TSLAUSDT,False,2,0,2,0,0,0,1192.6855
2026-04-22,TSLAUSDT,False,2,1,0,-7.85,0.87,-8.72,1183.9702
2026-04-23,TSLAUSDT,False,6,0,6,0,0,0,1183.9702
2026-04-24,TSLAUSDT,False,2,0,2,0,0,0,1183.9702
2026-04-27,TSLAUSDT,False,4,0,4,0,0,0,1183.9702
2026-04-28,TSLAUSDT,False,2,0,2,0,0,0,1183.9702
2026-04-29,TSLAUSDT,True,0,0,0,0.0,0.0,0.0,1183.9702
2026-04-30,TSLAUSDT,False,5,0,5,0,0,0,1183.9702
2026-05-01,TSLAUSDT,False,5,1,0,5.0,0.31,4.69,1188.6649
2026-05-04,TSLAUSDT,False,3,0,3,0,0,0,1188.6649
2026-05-05,TSLAUSDT,False,2,1,1,6.02,0.29,5.73,1194.3937
2026-05-06,TSLAUSDT,False,4,1,0,20.3,0.57,19.74,1214.1302
2026-05-07,TSLAUSDT,False,6,1,3,-1.83,0.5,-2.33,1211.8042
2026-05-08,TSLAUSDT,False,4,0,4,0,0,0,1211.8042
2026-05-11,TSLAUSDT,False,7,0,7,0,0,0,1211.8042
2026-05-12,TSLAUSDT,True,0,0,0,0.0,0.0,0.0,1211.8042
2026-05-13,TSLAUSDT,False,4,1,1,-10.3,0.64,-10.94,1200.8602
2026-05-14,TSLAUSDT,False,6,0,6,0,0,0,1200.8602
2026-05-15,TSLAUSDT,False,6,1,4,11.22,1.05,10.17,1211.0277
2026-05-18,TSLAUSDT,False,5,1,1,5.07,0.46,4.61,1215.6387
2026-05-19,TSLAUSDT,False,5,0,5,0,0,0,1215.6387
2026-05-20,TSLAUSDT,False,2,1,0,14.21,0.71,13.51,1229.145
2026-05-21,TSLAUSDT,False,4,0,4,0,0,0,1229.145
2026-05-22,TSLAUSDT,False,4,1,0,-1.87,0.43,-2.3,1226.8492
2026-05-26,TSLAUSDT,False,2,0,2,0,0,0,1226.8492
2026-05-27,TSLAUSDT,False,1,0,1,0,0,0,1226.8492
2026-05-28,TSLAUSDT,False,2,1,0,2.99,0.53,2.46,1229.3077
2026-05-29,TSLAUSDT,False,2,0,2,0,0,0,1229.3077
2026-06-01,TSLAUSDT,False,3,0,3,0,0,0,1229.3077
2026-06-02,TSLAUSDT,False,2,0,2,0,0,0,1229.3077
2026-06-03,TSLAUSDT,False,5,0,5,0,0,0,1229.3077
2026-06-04,TSLAUSDT,False,2,1,0,2.19,0.45,1.74,1231.0484
2026-06-05,TSLAUSDT,False,6,1,1,20.93,1.17,19.76,1250.8087
2026-06-08,TSLAUSDT,False,4,1,0,21.26,0.5,20.76,1271.5722
2026-06-09,TSLAUSDT,False,4,0,4,0,0,0,1271.5722
2026-06-10,TSLAUSDT,True,0,0,0,0.0,0.0,0.0,1271.5722
2026-06-11,TSLAUSDT,False,6,1,5,21.62,0.99,20.63,1292.1997
2026-06-12,TSLAUSDT,False,7,0,7,0,0,0,1292.1997
2026-06-15,TSLAUSDT,False,1,0,1,0,0,0,1292.1997
2026-06-16,TSLAUSDT,False,1,0,1,0,0,0,1292.1997
2026-06-17,TSLAUSDT,True,0,0,0,0.0,0.0,0.0,1292.1997
2026-06-18,TSLAUSDT,False,5,0,5,0,0,0,1292.1997
2026-06-22,TSLAUSDT,False,6,1,2,-4.98,0.38,-5.36,1286.8387
2026-06-23,TSLAUSDT,False,4,0,4,0,0,0,1286.8387
2026-06-24,TSLAUSDT,False,2,0,2,0,0,0,1286.8387
2026-06-25,TSLAUSDT,False,1,0,1,0,0,0,1286.8387
2026-06-26,TSLAUSDT,False,5,0,5,0,0,0,1286.8387
2026-06-29,TSLAUSDT,False,6,0,6,0,0,0,1286.8387
2026-06-30,TSLAUSDT,False,0,0,0,0,0,0,1286.8387
2026-02-02,INTCUSDT,False,7,1,0,17.0,0.36,16.64,1016.6427
2026-02-03,INTCUSDT,False,6,1,0,3.66,0.16,3.5,1020.1419
2026-02-04,INTCUSDT,False,9,1,4,17.34,0.45,16.9,1037.0375
2026-02-05,INTCUSDT,False,12,1,3,2.7,0.24,2.46,1039.4932
2026-02-06,INTCUSDT,False,6,1,1,4.78,0.27,4.51,1043.9999
2026-02-09,INTCUSDT,False,3,1,0,17.75,0.56,17.19,1061.1928
2026-02-10,INTCUSDT,False,7,0,7,0,0,0,1061.1928
2026-02-11,INTCUSDT,False,9,1,0,-2.26,0.19,-2.45,1058.7452
2026-02-12,INTCUSDT,False,9,0,9,0,0,0,1058.7452
2026-02-13,INTCUSDT,True,0,0,0,0.0,0.0,0.0,1058.7452
2026-02-17,INTCUSDT,False,5,0,5,0,0,0,1058.7452
2026-02-18,INTCUSDT,False,5,0,5,0,0,0,1058.7452
2026-02-19,INTCUSDT,False,5,0,5,0,0,0,1058.7452
2026-02-20,INTCUSDT,False,4,0,4,0,0,0,1058.7452
2026-02-23,INTCUSDT,False,3,1,2,3.17,0.52,2.65,1061.3926
2026-02-24,INTCUSDT,False,5,0,5,0,0,0,1061.3926
2026-02-25,INTCUSDT,False,5,1,0,-9.02,0.22,-9.24,1052.1514
2026-02-26,INTCUSDT,False,6,1,5,0.28,0.75,-0.48,1051.6743
2026-02-27,INTCUSDT,False,7,0,7,0,0,0,1051.6743
2026-03-02,INTCUSDT,False,7,1,0,17.88,0.77,17.11,1068.7838
2026-03-03,INTCUSDT,False,5,1,2,0.73,0.24,0.5,1069.2805
2026-03-04,INTCUSDT,False,4,0,4,0,0,0,1069.2805
2026-03-05,INTCUSDT,False,8,0,8,0,0,0,1069.2805
2026-03-06,INTCUSDT,False,3,0,3,0,0,0,1069.2805
2026-03-09,INTCUSDT,False,7,1,1,18.18,0.28,17.9,1087.1793
2026-03-10,INTCUSDT,False,5,0,5,0,0,0,1087.1793
2026-03-11,INTCUSDT,True,0,0,0,0.0,0.0,0.0,1087.1793
2026-03-12,INTCUSDT,False,3,1,1,11.17,0.34,10.83,1098.0081
2026-03-13,INTCUSDT,False,6,1,4,-1.43,0.66,-2.09,1095.9211
2026-03-16,INTCUSDT,False,6,1,2,-9.32,0.59,-9.91,1086.0111
2026-03-17,INTCUSDT,False,5,1,2,18.46,0.57,17.9,1103.9075
2026-03-18,INTCUSDT,True,0,0,0,0.0,0.0,0.0,1103.9075
2026-03-19,INTCUSDT,False,5,0,5,0,0,0,1103.9075
2026-03-20,INTCUSDT,False,8,0,8,0,0,0,1103.9075
2026-03-23,INTCUSDT,False,7,0,7,0,0,0,1103.9075
2026-03-24,INTCUSDT,False,4,0,4,0,0,0,1103.9075
2026-03-25,INTCUSDT,False,5,1,3,6.49,0.71,5.78,1109.6863
2026-03-26,INTCUSDT,False,5,1,4,4.23,0.86,3.36,1113.0511
2026-03-27,INTCUSDT,False,4,0,4,0,0,0,1113.0511
2026-03-30,INTCUSDT,False,6,1,1,18.92,0.42,18.51,1131.5578
2026-03-31,INTCUSDT,False,9,1,0,19.24,0.4,18.83,1150.3926
2026-04-01,INTCUSDT,False,4,0,4,0,0,0,1150.3926
2026-04-02,INTCUSDT,False,6,0,6,0,0,0,1150.3926
2026-04-06,INTCUSDT,False,5,1,1,-1.04,0.63,-1.67,1148.7215
2026-04-07,INTCUSDT,False,7,0,7,0,0,0,1148.7215
2026-04-08,INTCUSDT,False,7,0,7,0,0,0,1148.7215
2026-04-09,INTCUSDT,False,6,0,6,0,0,0,1148.7215
2026-04-10,INTCUSDT,True,0,0,0,0.0,0.0,0.0,1148.7215
2026-04-13,INTCUSDT,False,8,0,8,0,0,0,1148.7215
2026-04-14,INTCUSDT,False,5,1,0,-2.98,0.38,-3.36,1145.363
2026-04-15,INTCUSDT,False,7,1,0,-0.3,0.17,-0.47,1144.8961
2026-04-16,INTCUSDT,False,4,0,4,0,0,0,1144.8961
2026-04-17,INTCUSDT,False,8,0,8,0,0,0,1144.8961
2026-04-20,INTCUSDT,False,3,0,3,0,0,0,1144.8961
2026-04-21,INTCUSDT,False,4,0,4,0,0,0,1144.8961
2026-04-22,INTCUSDT,False,3,0,3,0,0,0,1144.8961
2026-04-23,INTCUSDT,False,10,1,7,19.46,0.82,18.64,1163.5401
2026-04-24,INTCUSDT,False,7,1,0,-1.31,0.15,-1.45,1162.0861
2026-04-27,INTCUSDT,False,8,1,0,19.76,0.62,19.13,1181.2189
2026-04-28,INTCUSDT,False,7,1,0,20.08,0.37,19.71,1200.9324
2026-04-29,INTCUSDT,True,0,0,0,0.0,0.0,0.0,1200.9324
2026-04-30,INTCUSDT,False,10,1,2,-10.21,0.58,-10.79,1190.1418
2026-05-01,INTCUSDT,False,4,1,1,1.88,0.34,1.54,1191.6821
2026-05-04,INTCUSDT,False,5,0,5,0,0,0,1191.6821
2026-05-05,INTCUSDT,False,7,0,7,0,0,0,1191.6821
2026-05-06,INTCUSDT,False,6,0,6,0,0,0,1191.6821
2026-05-07,INTCUSDT,False,7,0,7,0,0,0,1191.6821
2026-05-08,INTCUSDT,False,9,1,2,20.26,0.55,19.71,1211.389
2026-05-11,INTCUSDT,False,11,0,11,0,0,0,1211.389
2026-05-12,INTCUSDT,True,0,0,0,0.0,0.0,0.0,1211.389
2026-05-13,INTCUSDT,False,8,1,7,0.95,0.57,0.38,1211.7669
2026-05-14,INTCUSDT,False,6,0,6,0,0,0,1211.7669
2026-05-15,INTCUSDT,False,5,1,3,3.59,0.62,2.97,1214.7344
2026-05-18,INTCUSDT,False,8,1,4,20.65,0.41,20.24,1234.9741
2026-05-19,INTCUSDT,False,9,1,5,-0.08,0.53,-0.62,1234.3588
2026-05-20,INTCUSDT,False,10,0,10,0,0,0,1234.3588
2026-05-21,INTCUSDT,False,8,1,4,6.86,0.51,6.34,1240.7001
2026-05-22,INTCUSDT,False,4,1,0,-4.67,0.25,-4.91,1235.7879
2026-05-26,INTCUSDT,False,8,1,0,1.05,0.14,0.91,1236.7007
2026-05-27,INTCUSDT,False,8,1,7,14.7,0.81,13.89,1250.5928
2026-05-28,INTCUSDT,False,5,0,5,0,0,0,1250.5928
2026-05-29,INTCUSDT,False,7,1,0,21.26,0.53,20.73,1271.326
2026-06-01,INTCUSDT,False,7,1,1,-3.96,0.16,-4.13,1267.1991
2026-06-02,INTCUSDT,False,6,1,4,-2.53,0.36,-2.89,1264.3098
2026-06-03,INTCUSDT,False,4,1,0,5.35,0.42,4.93,1269.244
2026-06-04,INTCUSDT,False,7,1,4,21.58,0.95,20.63,1289.8736
2026-06-05,INTCUSDT,False,8,1,1,21.93,0.28,21.64,1311.5169
2026-06-08,INTCUSDT,False,11,0,11,0,0,0,1311.5169
2026-06-09,INTCUSDT,False,8,1,2,-11.15,0.41,-11.56,1299.9596
2026-06-10,INTCUSDT,True,0,0,0,0.0,0.0,0.0,1299.9596
2026-06-11,INTCUSDT,False,11,1,4,-11.05,0.13,-11.18,1288.7787
2026-06-12,INTCUSDT,False,6,1,3,-3.75,0.36,-4.12,1284.6635
2026-06-15,INTCUSDT,False,3,0,3,0,0,0,1284.6635
2026-06-16,INTCUSDT,False,6,1,4,17.54,0.45,17.09,1301.754
2026-06-17,INTCUSDT,True,0,0,0,0.0,0.0,0.0,1301.754
2026-06-18,INTCUSDT,False,9,1,3,12.5,0.29,12.21,1313.9614
2026-06-22,INTCUSDT,False,7,1,5,4.75,0.64,4.12,1318.0793
2026-06-23,INTCUSDT,False,7,0,7,0,0,0,1318.0793
2026-06-24,INTCUSDT,False,8,1,1,-11.2,0.15,-11.35,1306.7297
2026-06-25,INTCUSDT,False,9,1,4,15.27,0.42,14.85,1321.5833
2026-06-26,INTCUSDT,False,8,1,3,5.98,0.33,5.64,1327.2281
2026-06-29,INTCUSDT,False,4,0,4,0,0,0,1327.2281
2026-06-30,INTCUSDT,False,0,0,0,0,0,0,1327.2281
2026-02-02,AMZNUSDT,False,0,0,0,0,0,0,1000.0
2026-02-03,AMZNUSDT,False,0,0,0,0,0,0,1000.0
2026-02-04,AMZNUSDT,False,0,0,0,0,0,0,1000.0
2026-02-05,AMZNUSDT,False,0,0,0,0,0,0,1000.0
2026-02-06,AMZNUSDT,False,0,0,0,0,0,0,1000.0
2026-02-09,AMZNUSDT,False,3,0,3,0,0,0,1000.0
2026-02-10,AMZNUSDT,False,5,1,1,-6.65,0.31,-6.96,993.0366
2026-02-11,AMZNUSDT,False,4,1,2,3.8,0.54,3.26,996.2927
2026-02-12,AMZNUSDT,False,5,0,5,0,0,0,996.2927
2026-02-13,AMZNUSDT,True,0,0,0,0.0,0.0,0.0,996.2927
2026-02-17,AMZNUSDT,False,5,1,0,2.49,0.31,2.18,998.4728
2026-02-18,AMZNUSDT,False,2,0,2,0,0,0,998.4728
2026-02-19,AMZNUSDT,False,0,0,0,0,0,0,998.4728
2026-02-20,AMZNUSDT,False,4,1,0,9.93,0.48,9.45,1007.9209
2026-02-23,AMZNUSDT,False,3,1,2,17.13,1.42,15.71,1023.634
2026-02-24,AMZNUSDT,False,3,1,2,-6.19,0.87,-7.06,1016.5742
2026-02-25,AMZNUSDT,False,0,0,0,0,0,0,1016.5742
2026-02-26,AMZNUSDT,False,4,1,1,0.31,0.79,-0.47,1016.1035
2026-02-27,AMZNUSDT,False,2,1,0,8.49,0.43,8.07,1024.1714
2026-03-02,AMZNUSDT,False,4,0,4,0,0,0,1024.1714
2026-03-03,AMZNUSDT,False,3,0,3,0,0,0,1024.1714
2026-03-04,AMZNUSDT,False,4,0,4,0,0,0,1024.1714
2026-03-05,AMZNUSDT,False,4,1,0,17.41,1.12,16.29,1040.4645
2026-03-06,AMZNUSDT,False,0,0,0,0,0,0,1040.4645
2026-03-09,AMZNUSDT,False,4,0,4,0,0,0,1040.4645
2026-03-10,AMZNUSDT,False,1,1,0,1.68,0.83,0.85,1041.3141
2026-03-11,AMZNUSDT,True,0,0,0,0.0,0.0,0.0,1041.3141
2026-03-12,AMZNUSDT,False,1,0,1,0,0,0,1041.3141
2026-03-13,AMZNUSDT,False,1,1,0,17.7,1.13,16.57,1057.8824
2026-03-16,AMZNUSDT,False,2,0,2,0,0,0,1057.8824
2026-03-17,AMZNUSDT,False,2,1,0,12.75,0.96,11.79,1069.6749
2026-03-18,AMZNUSDT,True,0,0,0,0.0,0.0,0.0,1069.6749
2026-03-19,AMZNUSDT,False,1,0,1,0,0,0,1069.6749
2026-03-20,AMZNUSDT,False,1,0,1,0,0,0,1069.6749
2026-03-23,AMZNUSDT,False,3,0,3,0,0,0,1069.6749
2026-03-24,AMZNUSDT,False,0,0,0,0,0,0,1069.6749
2026-03-25,AMZNUSDT,False,1,0,1,0,0,0,1069.6749
2026-03-26,AMZNUSDT,False,3,0,3,0,0,0,1069.6749
2026-03-27,AMZNUSDT,False,2,0,2,0,0,0,1069.6749
2026-03-30,AMZNUSDT,False,2,0,2,0,0,0,1069.6749
2026-03-31,AMZNUSDT,False,4,0,4,0,0,0,1069.6749
2026-04-01,AMZNUSDT,False,2,0,2,0,0,0,1069.6749
2026-04-02,AMZNUSDT,False,2,0,2,0,0,0,1069.6749
2026-04-06,AMZNUSDT,False,2,0,2,0,0,0,1069.6749
2026-04-07,AMZNUSDT,False,3,0,3,0,0,0,1069.6749
2026-04-08,AMZNUSDT,False,3,0,3,0,0,0,1069.6749
2026-04-09,AMZNUSDT,False,2,0,2,0,0,0,1069.6749
2026-04-10,AMZNUSDT,True,0,0,0,0.0,0.0,0.0,1069.6749
2026-04-13,AMZNUSDT,False,0,0,0,0,0,0,1069.6749
2026-04-14,AMZNUSDT,False,5,1,2,18.18,0.83,17.36,1087.0305
2026-04-15,AMZNUSDT,False,0,0,0,0,0,0,1087.0305
2026-04-16,AMZNUSDT,False,3,0,3,0,0,0,1087.0305
2026-04-17,AMZNUSDT,False,2,0,2,0,0,0,1087.0305
2026-04-20,AMZNUSDT,False,1,1,0,-9.24,0.9,-10.14,1076.8888
2026-04-21,AMZNUSDT,False,2,0,2,0,0,0,1076.8888
2026-04-22,AMZNUSDT,False,0,0,0,0,0,0,1076.8888
2026-04-23,AMZNUSDT,False,3,0,3,0,0,0,1076.8888
2026-04-24,AMZNUSDT,False,1,0,1,0,0,0,1076.8888
2026-04-27,AMZNUSDT,False,1,0,1,0,0,0,1076.8888
2026-04-28,AMZNUSDT,False,1,0,1,0,0,0,1076.8888
2026-04-29,AMZNUSDT,True,0,0,0,0.0,0.0,0.0,1076.8888
2026-04-30,AMZNUSDT,False,5,1,1,-9.15,0.34,-9.49,1067.3955
2026-05-01,AMZNUSDT,False,4,1,3,0.78,0.3,0.48,1067.8736
2026-05-04,AMZNUSDT,False,4,0,4,0,0,0,1067.8736
2026-05-05,AMZNUSDT,False,2,0,2,0,0,0,1067.8736
2026-05-06,AMZNUSDT,False,1,0,1,0,0,0,1067.8736
2026-05-07,AMZNUSDT,False,1,0,1,0,0,0,1067.8736
2026-05-08,AMZNUSDT,False,0,0,0,0,0,0,1067.8736
2026-05-11,AMZNUSDT,False,1,0,1,0,0,0,1067.8736
2026-05-12,AMZNUSDT,True,0,0,0,0.0,0.0,0.0,1067.8736
2026-05-13,AMZNUSDT,False,2,0,2,0,0,0,1067.8736
2026-05-14,AMZNUSDT,False,1,1,0,4.59,0.62,3.97,1071.843
2026-05-15,AMZNUSDT,False,0,0,0,0,0,0,1071.843
2026-05-18,AMZNUSDT,False,5,1,2,5.78,0.6,5.18,1077.0251
2026-05-19,AMZNUSDT,False,4,0,4,0,0,0,1077.0251
2026-05-20,AMZNUSDT,False,2,0,2,0,0,0,1077.0251
2026-05-21,AMZNUSDT,False,5,0,5,0,0,0,1077.0251
2026-05-22,AMZNUSDT,False,0,0,0,0,0,0,1077.0251
2026-05-26,AMZNUSDT,False,3,0,3,0,0,0,1077.0251
2026-05-27,AMZNUSDT,False,2,0,2,0,0,0,1077.0251
2026-05-28,AMZNUSDT,False,5,1,4,18.31,1.67,16.64,1093.6607
2026-05-29,AMZNUSDT,False,2,0,2,0,0,0,1093.6607
2026-06-01,AMZNUSDT,False,4,0,4,0,0,0,1093.6607
2026-06-02,AMZNUSDT,False,3,0,3,0,0,0,1093.6607
2026-06-03,AMZNUSDT,False,1,0,1,0,0,0,1093.6607
2026-06-04,AMZNUSDT,False,0,0,0,0,0,0,1093.6607
2026-06-05,AMZNUSDT,False,1,0,1,0,0,0,1093.6607
2026-06-08,AMZNUSDT,False,1,1,0,3.25,0.41,2.84,1096.499
2026-06-09,AMZNUSDT,False,3,0,3,0,0,0,1096.499
2026-06-10,AMZNUSDT,True,0,0,0,0.0,0.0,0.0,1096.499
2026-06-11,AMZNUSDT,False,6,0,6,0,0,0,1096.499
2026-06-12,AMZNUSDT,False,4,0,4,0,0,0,1096.499
2026-06-15,AMZNUSDT,False,2,0,2,0,0,0,1096.499
2026-06-16,AMZNUSDT,False,2,0,2,0,0,0,1096.499
2026-06-17,AMZNUSDT,True,0,0,0,0.0,0.0,0.0,1096.499
2026-06-18,AMZNUSDT,False,5,1,1,6.48,0.26,6.21,1102.7124
2026-06-22,AMZNUSDT,False,1,0,1,0,0,0,1102.7124
2026-06-23,AMZNUSDT,False,3,0,3,0,0,0,1102.7124
2026-06-24,AMZNUSDT,False,7,0,7,0,0,0,1102.7124
2026-06-25,AMZNUSDT,False,11,0,11,0,0,0,1102.7124
2026-06-26,AMZNUSDT,False,5,0,5,0,0,0,1102.7124
2026-06-29,AMZNUSDT,False,3,1,1,14.42,1.12,13.3,1116.0107
2026-06-30,AMZNUSDT,False,0,0,0,0,0,0,1116.0107
2026-02-02,COINUSDT,False,0,0,0,0,0,0,1000.0
2026-02-03,COINUSDT,False,0,0,0,0,0,0,1000.0
2026-02-04,COINUSDT,False,0,0,0,0,0,0,1000.0
2026-02-05,COINUSDT,False,0,0,0,0,0,0,1000.0
2026-02-06,COINUSDT,False,0,0,0,0,0,0,1000.0
2026-02-09,COINUSDT,False,2,0,2,0,0,0,1000.0
2026-02-10,COINUSDT,False,7,1,0,-8.41,0.28,-8.69,991.3094
2026-02-11,COINUSDT,False,5,1,2,-8.43,0.4,-8.82,982.4881
2026-02-12,COINUSDT,False,6,1,2,-1.34,0.49,-1.83,980.6531
2026-02-13,COINUSDT,True,0,0,0,0.0,0.0,0.0,980.6531
2026-02-17,COINUSDT,False,11,1,1,-0.46,0.1,-0.56,980.0897
2026-02-18,COINUSDT,False,7,1,3,16.66,0.64,16.02,996.1071
2026-02-19,COINUSDT,False,7,0,7,0,0,0,996.1071
2026-02-20,COINUSDT,False,7,0,7,0,0,0,996.1071
2026-02-23,COINUSDT,False,6,1,4,1.25,0.52,0.72,996.8312
2026-02-24,COINUSDT,False,10,1,1,14.72,0.28,14.44,1011.2662
2026-02-25,COINUSDT,False,5,1,0,10.05,0.11,9.95,1021.2126
2026-02-26,COINUSDT,False,9,1,8,0.7,0.69,0.01,1021.2216
2026-02-27,COINUSDT,False,7,0,7,0,0,0,1021.2216
2026-03-02,COINUSDT,False,5,0,5,0,0,0,1021.2216
2026-03-03,COINUSDT,False,8,0,8,0,0,0,1021.2216
2026-03-04,COINUSDT,False,4,1,1,-0.34,0.32,-0.66,1020.5614
2026-03-05,COINUSDT,False,9,1,6,17.35,0.65,16.7,1037.265
2026-03-06,COINUSDT,False,3,1,2,0.29,0.43,-0.14,1037.1268
2026-03-09,COINUSDT,False,10,1,0,-3.44,0.13,-3.58,1033.5515
2026-03-10,COINUSDT,False,7,1,5,6.76,0.5,6.25,1039.8045
2026-03-11,COINUSDT,True,0,0,0,0.0,0.0,0.0,1039.8045
2026-03-12,COINUSDT,False,2,1,1,-5.21,0.33,-5.54,1034.2633
2026-03-13,COINUSDT,False,4,1,0,17.58,0.41,17.17,1051.434
2026-03-16,COINUSDT,False,7,1,1,1.42,0.25,1.17,1052.6028
2026-03-17,COINUSDT,False,7,1,0,17.89,0.4,17.49,1070.0967
2026-03-18,COINUSDT,True,0,0,0,0.0,0.0,0.0,1070.0967
2026-03-19,COINUSDT,False,7,1,0,18.19,0.68,17.51,1087.604
2026-03-20,COINUSDT,False,7,0,7,0,0,0,1087.604
2026-03-23,COINUSDT,False,10,0,10,0,0,0,1087.604
2026-03-24,COINUSDT,False,7,0,7,0,0,0,1087.604
2026-03-25,COINUSDT,False,6,1,2,18.49,0.43,18.06,1105.6664
2026-03-26,COINUSDT,False,5,0,5,0,0,0,1105.6664
2026-03-27,COINUSDT,False,6,0,6,0,0,0,1105.6664
2026-03-30,COINUSDT,False,6,0,6,0,0,0,1105.6664
2026-03-31,COINUSDT,False,6,1,2,18.8,0.46,18.34,1124.0028
2026-04-01,COINUSDT,False,7,1,3,-9.55,0.4,-9.96,1114.0454
2026-04-02,COINUSDT,False,5,0,5,0,0,0,1114.0454
2026-04-06,COINUSDT,False,5,1,2,9.57,0.61,8.95,1122.9976
2026-04-07,COINUSDT,False,7,0,7,0,0,0,1122.9976
2026-04-08,COINUSDT,False,7,0,7,0,0,0,1122.9976
2026-04-09,COINUSDT,False,8,1,3,-9.55,0.53,-10.08,1112.92
2026-04-10,COINUSDT,True,0,0,0,0.0,0.0,0.0,1112.92
2026-04-13,COINUSDT,False,8,1,3,-6.31,0.45,-6.77,1106.1544
2026-04-14,COINUSDT,False,6,1,5,1.62,0.85,0.77,1106.921
2026-04-15,COINUSDT,False,9,0,9,0,0,0,1106.921
2026-04-16,COINUSDT,False,8,0,8,0,0,0,1106.921
2026-04-17,COINUSDT,False,9,0,9,0,0,0,1106.921
2026-04-20,COINUSDT,False,8,0,8,0,0,0,1106.921
2026-04-21,COINUSDT,False,8,1,3,18.82,0.51,18.31,1125.2261
2026-04-22,COINUSDT,False,5,0,5,0,0,0,1125.2261
2026-04-23,COINUSDT,False,4,0,4,0,0,0,1125.2261
2026-04-24,COINUSDT,False,3,1,0,7.86,0.76,7.09,1132.321
2026-04-27,COINUSDT,False,6,0,6,0,0,0,1132.321
2026-04-28,COINUSDT,False,7,1,2,-9.62,0.38,-10.0,1122.3207
2026-04-29,COINUSDT,True,0,0,0,0.0,0.0,0.0,1122.3207
2026-04-30,COINUSDT,False,5,0,5,0,0,0,1122.3207
2026-05-01,COINUSDT,False,6,1,0,-4.65,0.31,-4.96,1117.3608
2026-05-04,COINUSDT,False,5,0,5,0,0,0,1117.3608
2026-05-05,COINUSDT,False,4,1,2,6.09,0.7,5.39,1122.7468
2026-05-06,COINUSDT,False,4,0,4,0,0,0,1122.7468
2026-05-07,COINUSDT,False,6,1,1,19.09,0.53,18.55,1141.3013
2026-05-08,COINUSDT,False,6,0,6,0,0,0,1141.3013
2026-05-11,COINUSDT,False,7,1,2,19.4,0.47,18.94,1160.2381
2026-05-12,COINUSDT,True,0,0,0,0.0,0.0,0.0,1160.2381
2026-05-13,COINUSDT,False,8,1,6,3.54,0.75,2.79,1163.0259
2026-05-14,COINUSDT,False,8,0,8,0,0,0,1163.0259
2026-05-15,COINUSDT,False,9,1,7,4.26,0.39,3.87,1166.8947
2026-05-18,COINUSDT,False,3,0,3,0,0,0,1166.8947
2026-05-19,COINUSDT,False,4,0,4,0,0,0,1166.8947
2026-05-20,COINUSDT,False,6,0,6,0,0,0,1166.8947
2026-05-21,COINUSDT,False,3,1,0,19.84,0.51,19.32,1186.217
2026-05-22,COINUSDT,False,6,0,6,0,0,0,1186.217
2026-05-26,COINUSDT,False,5,0,5,0,0,0,1186.217
2026-05-27,COINUSDT,False,3,0,3,0,0,0,1186.217
2026-05-28,COINUSDT,False,4,1,2,9.61,0.61,9.0,1195.217
2026-05-29,COINUSDT,False,7,1,2,1.48,0.45,1.03,1196.2435
2026-06-01,COINUSDT,False,8,0,8,0,0,0,1196.2435
2026-06-02,COINUSDT,False,6,1,0,5.62,0.36,5.26,1201.5042
2026-06-03,COINUSDT,False,5,1,0,20.43,0.48,19.95,1221.4499
2026-06-04,COINUSDT,False,6,1,3,-2.02,0.87,-2.89,1218.5575
2026-06-05,COINUSDT,False,5,0,5,0,0,0,1218.5575
2026-06-08,COINUSDT,False,7,1,5,2.09,0.62,1.48,1220.0332
2026-06-09,COINUSDT,False,5,1,2,-6.67,0.44,-7.11,1212.9272
2026-06-10,COINUSDT,True,0,0,0,0.0,0.0,0.0,1212.9272
2026-06-11,COINUSDT,False,6,1,1,-10.31,0.47,-10.78,1202.1466
2026-06-12,COINUSDT,False,8,1,1,-1.24,0.16,-1.4,1200.749
2026-06-15,COINUSDT,False,7,0,7,0,0,0,1200.749
2026-06-16,COINUSDT,False,11,1,5,-3.84,0.64,-4.49,1196.261
2026-06-17,COINUSDT,True,0,0,0,0.0,0.0,0.0,1196.261
2026-06-18,COINUSDT,False,11,1,6,20.34,0.69,19.64,1215.9058
2026-06-22,COINUSDT,False,12,1,8,0.57,0.94,-0.37,1215.5345
2026-06-23,COINUSDT,False,6,1,4,9.52,0.53,8.98,1224.5186
2026-06-24,COINUSDT,False,11,1,5,15.04,0.75,14.28,1238.8015
2026-06-25,COINUSDT,False,9,1,7,-0.2,0.56,-0.75,1238.048
2026-06-26,COINUSDT,False,8,0,8,0,0,0,1238.048
2026-06-29,COINUSDT,False,7,1,3,21.05,0.56,20.49,1258.5376
2026-06-30,COINUSDT,False,0,0,0,0,0,0,1258.5376
2026-02-02,CRCLUSDT,False,0,0,0,0,0,0,1000.0
2026-02-03,CRCLUSDT,False,0,0,0,0,0,0,1000.0
2026-02-04,CRCLUSDT,False,0,0,0,0,0,0,1000.0
2026-02-05,CRCLUSDT,False,0,0,0,0,0,0,1000.0
2026-02-06,CRCLUSDT,False,0,0,0,0,0,0,1000.0
2026-02-09,CRCLUSDT,False,8,1,1,6.96,0.29,6.67,1006.6661
2026-02-10,CRCLUSDT,False,10,1,2,-6.24,0.28,-6.52,1000.1492
2026-02-11,CRCLUSDT,False,9,1,5,17.0,0.63,16.38,1016.5249
2026-02-12,CRCLUSDT,False,10,1,2,17.28,0.37,16.91,1033.439
2026-02-13,CRCLUSDT,True,0,0,0,0.0,0.0,0.0,1033.439
2026-02-17,CRCLUSDT,False,8,0,8,0,0,0,1033.439
2026-02-18,CRCLUSDT,False,5,0,5,0,0,0,1033.439
2026-02-19,CRCLUSDT,False,7,1,0,-3.92,0.17,-4.09,1029.3509
2026-02-20,CRCLUSDT,False,9,1,3,17.5,0.6,16.9,1046.2466
2026-02-23,CRCLUSDT,False,6,1,0,3.78,0.25,3.53,1049.7731
2026-02-24,CRCLUSDT,False,9,1,0,17.85,0.83,17.02,1066.7931
2026-02-25,CRCLUSDT,False,8,1,1,18.14,0.11,18.02,1084.8138
2026-02-26,CRCLUSDT,False,7,1,5,3.49,0.23,3.26,1088.0765
2026-02-27,CRCLUSDT,False,9,0,9,0,0,0,1088.0765
2026-03-02,CRCLUSDT,False,10,1,7,12.81,0.62,12.19,1100.2657
2026-03-03,CRCLUSDT,False,6,1,0,18.7,0.28,18.42,1118.6903
2026-03-04,CRCLUSDT,False,7,0,7,0,0,0,1118.6903
2026-03-05,CRCLUSDT,False,10,0,10,0,0,0,1118.6903
2026-03-06,CRCLUSDT,False,11,1,6,1.04,0.33,0.7,1119.3925
2026-03-09,CRCLUSDT,False,8,0,8,0,0,0,1119.3925
2026-03-10,CRCLUSDT,False,7,1,0,19.03,0.27,18.76,1138.1525
2026-03-11,CRCLUSDT,True,0,0,0,0.0,0.0,0.0,1138.1525
2026-03-12,CRCLUSDT,False,9,1,4,2.44,0.33,2.11,1140.2655
2026-03-13,CRCLUSDT,False,4,1,0,4.37,0.23,4.15,1144.4108
2026-03-16,CRCLUSDT,False,9,1,1,4.92,0.18,4.73,1149.1444
2026-03-17,CRCLUSDT,False,6,0,6,0,0,0,1149.1444
2026-03-18,CRCLUSDT,True,0,0,0,0.0,0.0,0.0,1149.1444
2026-03-19,CRCLUSDT,False,9,0,9,0,0,0,1149.1444
2026-03-20,CRCLUSDT,False,7,1,3,2.4,0.32,2.08,1151.228
2026-03-23,CRCLUSDT,False,9,1,7,14.17,0.4,13.77,1164.9948
2026-03-24,CRCLUSDT,False,7,1,1,6.04,0.17,5.86,1170.8587
2026-03-25,CRCLUSDT,False,10,1,2,0.69,0.1,0.59,1171.4462
2026-03-26,CRCLUSDT,False,8,1,5,1.72,0.42,1.3,1172.7428
2026-03-27,CRCLUSDT,False,6,1,0,-0.58,0.3,-0.88,1171.8678
2026-03-30,CRCLUSDT,False,7,1,4,19.92,0.49,19.43,1191.3016
2026-03-31,CRCLUSDT,False,10,1,8,-1.84,0.22,-2.06,1189.2389
2026-04-01,CRCLUSDT,False,7,0,7,0,0,0,1189.2389
2026-04-02,CRCLUSDT,False,8,1,2,20.22,0.33,19.89,1209.1274
2026-04-06,CRCLUSDT,False,5,0,5,0,0,0,1209.1274
2026-04-07,CRCLUSDT,False,7,0,7,0,0,0,1209.1274
2026-04-08,CRCLUSDT,False,12,1,8,20.56,0.68,19.88,1229.0048
2026-04-09,CRCLUSDT,False,8,1,4,20.89,0.4,20.49,1249.4976
2026-04-10,CRCLUSDT,True,0,0,0,0.0,0.0,0.0,1249.4976
2026-04-13,CRCLUSDT,False,5,1,1,14.57,0.28,14.28,1263.7815
2026-04-14,CRCLUSDT,False,7,1,2,4.87,0.19,4.68,1268.4623
2026-04-15,CRCLUSDT,False,8,1,0,21.56,0.5,21.06,1289.5259
2026-04-16,CRCLUSDT,False,6,0,6,0,0,0,1289.5259
2026-04-17,CRCLUSDT,False,11,1,0,21.92,0.29,21.63,1311.1561
2026-04-20,CRCLUSDT,False,7,1,1,22.29,0.28,22.01,1333.1623
2026-04-21,CRCLUSDT,False,9,1,0,22.66,0.49,22.17,1355.335
2026-04-22,CRCLUSDT,False,9,1,4,-3.86,0.37,-4.23,1351.1087
2026-04-23,CRCLUSDT,False,7,0,7,0,0,0,1351.1087
2026-04-24,CRCLUSDT,False,5,0,5,0,0,0,1351.1087
2026-04-27,CRCLUSDT,False,5,1,1,22.97,0.52,22.45,1373.5606
2026-04-28,CRCLUSDT,False,6,1,0,23.35,0.79,22.56,1396.12
2026-04-29,CRCLUSDT,True,0,0,0,0.0,0.0,0.0,1396.12
2026-04-30,CRCLUSDT,False,4,1,1,12.54,0.58,11.96,1408.0829
2026-05-01,CRCLUSDT,False,7,0,7,0,0,0,1408.0829
2026-05-04,CRCLUSDT,False,7,0,7,0,0,0,1408.0829
2026-05-05,CRCLUSDT,False,10,0,10,0,0,0,1408.0829
2026-05-06,CRCLUSDT,False,9,0,9,0,0,0,1408.0829
2026-05-07,CRCLUSDT,False,8,1,0,11.4,0.22,11.19,1419.2684
2026-05-08,CRCLUSDT,False,10,1,3,4.72,0.25,4.47,1423.7357
2026-05-11,CRCLUSDT,False,11,1,5,11.85,0.32,11.53,1435.2676
2026-05-12,CRCLUSDT,True,0,0,0,0.0,0.0,0.0,1435.2676
2026-05-13,CRCLUSDT,False,10,0,10,0,0,0,1435.2676
2026-05-14,CRCLUSDT,False,9,1,2,24.4,0.34,24.06,1459.3296
2026-05-15,CRCLUSDT,False,8,1,6,10.95,0.37,10.59,1469.9168
2026-05-18,CRCLUSDT,False,6,0,6,0,0,0,1469.9168
2026-05-19,CRCLUSDT,False,12,1,0,24.99,0.64,24.35,1494.2625
2026-05-20,CRCLUSDT,False,3,1,0,-2.11,0.57,-2.68,1491.5809
2026-05-21,CRCLUSDT,False,7,0,7,0,0,0,1491.5809
2026-05-22,CRCLUSDT,False,8,0,8,0,0,0,1491.5809
2026-05-26,CRCLUSDT,False,6,1,4,17.95,0.75,17.2,1508.7817
2026-05-27,CRCLUSDT,False,7,0,7,0,0,0,1508.7817
2026-05-28,CRCLUSDT,False,8,0,8,0,0,0,1508.7817
2026-05-29,CRCLUSDT,False,8,0,8,0,0,0,1508.7817
2026-06-01,CRCLUSDT,False,10,1,3,-8.42,0.45,-8.88,1499.9067
2026-06-02,CRCLUSDT,False,7,1,0,-12.75,0.31,-13.05,1486.8522
2026-06-03,CRCLUSDT,False,8,0,8,0,0,0,1486.8522
2026-06-04,CRCLUSDT,False,6,1,5,5.24,0.7,4.54,1491.3957
2026-06-05,CRCLUSDT,False,8,1,1,25.35,0.38,24.98,1516.3742
2026-06-08,CRCLUSDT,False,5,0,5,0,0,0,1516.3742
2026-06-09,CRCLUSDT,False,11,0,11,0,0,0,1516.3742
2026-06-10,CRCLUSDT,True,0,0,0,0.0,0.0,0.0,1516.3742
2026-06-11,CRCLUSDT,False,9,1,0,25.78,0.47,25.31,1541.6868
2026-06-12,CRCLUSDT,False,9,0,9,0,0,0,1541.6868
2026-06-15,CRCLUSDT,False,10,0,10,0,0,0,1541.6868
2026-06-16,CRCLUSDT,False,5,0,5,0,0,0,1541.6868
2026-06-17,CRCLUSDT,True,0,0,0,0.0,0.0,0.0,1541.6868
2026-06-18,CRCLUSDT,False,8,1,0,26.21,0.81,25.4,1567.0867
2026-06-22,CRCLUSDT,False,8,1,2,6.32,0.61,5.71,1572.7955
2026-06-23,CRCLUSDT,False,4,1,1,5.93,0.34,5.59,1578.39
2026-06-24,CRCLUSDT,False,9,1,6,-0.79,0.56,-1.35,1577.0379
2026-06-25,CRCLUSDT,False,15,1,7,6.45,0.36,6.09,1583.1231
2026-06-26,CRCLUSDT,False,8,0,8,0,0,0,1583.1231
2026-06-29,CRCLUSDT,False,9,0,9,0,0,0,1583.1231
2026-06-30,CRCLUSDT,False,0,0,0,0,0,0,1583.1231
2026-02-02,PLTRUSDT,False,0,0,0,0,0,0,1000.0
2026-02-03,PLTRUSDT,False,0,0,0,0,0,0,1000.0
2026-02-04,PLTRUSDT,False,0,0,0,0,0,0,1000.0
2026-02-05,PLTRUSDT,False,0,0,0,0,0,0,1000.0
2026-02-06,PLTRUSDT,False,0,0,0,0,0,0,1000.0
2026-02-09,PLTRUSDT,False,3,0,3,0,0,0,1000.0
2026-02-10,PLTRUSDT,False,6,1,1,17.0,0.44,16.56,1016.5625
2026-02-11,PLTRUSDT,False,5,0,5,0,0,0,1016.5625
2026-02-12,PLTRUSDT,False,4,1,0,17.28,0.43,16.85,1033.4119
2026-02-13,PLTRUSDT,True,0,0,0,0.0,0.0,0.0,1033.4119
2026-02-17,PLTRUSDT,False,8,1,1,6.76,0.26,6.5,1039.9076
2026-02-18,PLTRUSDT,False,6,0,6,0,0,0,1039.9076
2026-02-19,PLTRUSDT,False,4,0,4,0,0,0,1039.9076
2026-02-20,PLTRUSDT,False,9,0,9,0,0,0,1039.9076
2026-02-23,PLTRUSDT,False,5,1,3,2.27,0.38,1.88,1041.792
2026-02-24,PLTRUSDT,False,6,0,6,0,0,0,1041.792
2026-02-25,PLTRUSDT,False,5,1,1,4.46,0.54,3.92,1045.7136
2026-02-26,PLTRUSDT,False,7,0,7,0,0,0,1045.7136
2026-02-27,PLTRUSDT,False,7,1,3,-5.61,0.58,-6.2,1039.5174
2026-03-02,PLTRUSDT,False,3,0,3,0,0,0,1039.5174
2026-03-03,PLTRUSDT,False,5,1,3,9.22,0.54,8.67,1048.1896
2026-03-04,PLTRUSDT,False,5,0,5,0,0,0,1048.1896
2026-03-05,PLTRUSDT,False,6,1,2,-8.91,0.67,-9.58,1038.6073
2026-03-06,PLTRUSDT,False,8,1,2,17.66,0.31,17.34,1055.9507
2026-03-09,PLTRUSDT,False,6,1,0,17.95,0.83,17.12,1073.0723
2026-03-10,PLTRUSDT,False,5,0,5,0,0,0,1073.0723
2026-03-11,PLTRUSDT,True,0,0,0,0.0,0.0,0.0,1073.0723
2026-03-12,PLTRUSDT,False,4,0,4,0,0,0,1073.0723
2026-03-13,PLTRUSDT,False,4,0,4,0,0,0,1073.0723
2026-03-16,PLTRUSDT,False,0,0,0,0,0,0,1073.0723
2026-03-17,PLTRUSDT,False,2,0,2,0,0,0,1073.0723
2026-03-18,PLTRUSDT,True,0,0,0,0.0,0.0,0.0,1073.0723
2026-03-19,PLTRUSDT,False,5,0,5,0,0,0,1073.0723
2026-03-20,PLTRUSDT,False,8,0,8,0,0,0,1073.0723
2026-03-23,PLTRUSDT,False,5,1,1,-9.12,0.58,-9.7,1063.3706
2026-03-24,PLTRUSDT,False,5,1,1,4.34,0.36,3.98,1067.347
2026-03-25,PLTRUSDT,False,4,0,4,0,0,0,1067.347
2026-03-26,PLTRUSDT,False,7,0,7,0,0,0,1067.347
2026-03-27,PLTRUSDT,False,6,1,5,1.88,0.39,1.49,1068.8409
2026-03-30,PLTRUSDT,False,4,0,4,0,0,0,1068.8409
2026-03-31,PLTRUSDT,False,4,1,2,18.17,0.6,17.57,1086.407
2026-04-01,PLTRUSDT,False,4,1,1,-1.76,0.5,-2.26,1084.151
2026-04-02,PLTRUSDT,False,5,0,5,0,0,0,1084.151
2026-04-06,PLTRUSDT,False,4,1,0,7.99,1.25,6.74,1090.8889
2026-04-07,PLTRUSDT,False,3,0,3,0,0,0,1090.8889
2026-04-08,PLTRUSDT,False,8,1,2,18.55,0.46,18.09,1108.9739
2026-04-09,PLTRUSDT,False,6,0,6,0,0,0,1108.9739
2026-04-10,PLTRUSDT,True,0,0,0,0.0,0.0,0.0,1108.9739
2026-04-13,PLTRUSDT,False,5,1,1,-1.8,0.42,-2.22,1106.7517
2026-04-14,PLTRUSDT,False,5,1,0,1.19,0.54,0.65,1107.4024
2026-04-15,PLTRUSDT,False,6,1,1,18.83,0.51,18.32,1125.7222
2026-04-16,PLTRUSDT,False,6,1,0,6.79,0.73,6.06,1131.7789
2026-04-17,PLTRUSDT,False,4,1,1,-1.1,0.42,-1.52,1130.2613
2026-04-20,PLTRUSDT,False,3,1,2,9.54,1.14,8.4,1138.6593
2026-04-21,PLTRUSDT,False,7,0,7,0,0,0,1138.6593
2026-04-22,PLTRUSDT,False,3,0,3,0,0,0,1138.6593
2026-04-23,PLTRUSDT,False,5,1,4,19.36,0.8,18.56,1157.2159
2026-04-24,PLTRUSDT,False,4,0,4,0,0,0,1157.2159
2026-04-27,PLTRUSDT,False,3,0,3,0,0,0,1157.2159
2026-04-28,PLTRUSDT,False,2,0,2,0,0,0,1157.2159
2026-04-29,PLTRUSDT,True,0,0,0,0.0,0.0,0.0,1157.2159
2026-04-30,PLTRUSDT,False,6,1,4,0.17,0.72,-0.55,1156.666
2026-05-01,PLTRUSDT,False,2,0,2,0,0,0,1156.666
2026-05-04,PLTRUSDT,False,3,1,1,-9.83,1.25,-11.08,1145.5839
2026-05-05,PLTRUSDT,False,3,1,0,8.42,0.39,8.03,1153.6118
2026-05-06,PLTRUSDT,False,2,0,2,0,0,0,1153.6118
2026-05-07,PLTRUSDT,False,6,1,5,1.91,0.49,1.41,1155.0267
2026-05-08,PLTRUSDT,False,7,1,2,3.54,0.22,3.33,1158.3534
2026-05-11,PLTRUSDT,False,4,1,2,19.69,0.85,18.84,1177.1982
2026-05-12,PLTRUSDT,True,0,0,0,0.0,0.0,0.0,1177.1982
2026-05-13,PLTRUSDT,False,6,0,6,0,0,0,1177.1982
2026-05-14,PLTRUSDT,False,4,1,1,14.25,0.57,13.68,1190.8776
2026-05-15,PLTRUSDT,False,6,1,2,-3.05,0.7,-3.75,1187.1299
2026-05-18,PLTRUSDT,False,7,1,2,-5.53,0.45,-5.98,1181.1518
2026-05-19,PLTRUSDT,False,2,0,2,0,0,0,1181.1518
2026-05-20,PLTRUSDT,False,2,0,2,0,0,0,1181.1518
2026-05-21,PLTRUSDT,False,4,0,4,0,0,0,1181.1518
2026-05-22,PLTRUSDT,False,4,0,4,0,0,0,1181.1518
2026-05-26,PLTRUSDT,False,2,1,1,20.08,0.88,19.2,1200.3537
2026-05-27,PLTRUSDT,False,3,1,1,-4.99,0.42,-5.41,1194.9437
2026-05-28,PLTRUSDT,False,7,1,1,20.31,0.47,19.85,1214.7894
2026-05-29,PLTRUSDT,False,3,0,3,0,0,0,1214.7894
2026-06-01,PLTRUSDT,False,8,1,3,20.65,0.98,19.67,1234.4619
2026-06-02,PLTRUSDT,False,4,0,4,0,0,0,1234.4619
2026-06-03,PLTRUSDT,False,4,1,1,20.99,0.84,20.15,1254.6083
2026-06-04,PLTRUSDT,False,7,0,7,0,0,0,1254.6083
2026-06-05,PLTRUSDT,False,5,1,2,21.33,0.99,20.34,1274.951
2026-06-08,PLTRUSDT,False,1,1,0,1.79,0.92,0.87,1275.8232
2026-06-09,PLTRUSDT,False,2,0,2,0,0,0,1275.8232
2026-06-10,PLTRUSDT,True,0,0,0,0.0,0.0,0.0,1275.8232
2026-06-11,PLTRUSDT,False,4,1,0,7.83,0.43,7.4,1283.2259
2026-06-12,PLTRUSDT,False,8,0,8,0,0,0,1283.2259
2026-06-15,PLTRUSDT,False,3,0,3,0,0,0,1283.2259
2026-06-16,PLTRUSDT,False,3,0,3,0,0,0,1283.2259
2026-06-17,PLTRUSDT,True,0,0,0,0.0,0.0,0.0,1283.2259
2026-06-18,PLTRUSDT,False,6,0,6,0,0,0,1283.2259
2026-06-22,PLTRUSDT,False,6,0,6,0,0,0,1283.2259
2026-06-23,PLTRUSDT,False,6,0,6,0,0,0,1283.2259
2026-06-24,PLTRUSDT,False,9,1,0,-10.91,0.63,-11.54,1271.6845
2026-06-25,PLTRUSDT,False,7,0,7,0,0,0,1271.6845
2026-06-26,PLTRUSDT,False,6,1,5,2.16,0.82,1.35,1273.0316
2026-06-29,PLTRUSDT,False,8,1,2,3.5,0.38,3.12,1276.1558
2026-06-30,PLTRUSDT,False,0,0,0,0,0,0,1276.1558
2026-02-02,NVDAUSDT,False,0,0,0,0,0,0,1000.0
2026-02-03,NVDAUSDT,False,0,0,0,0,0,0,1000.0
2026-02-04,NVDAUSDT,False,0,0,0,0,0,0,1000.0
2026-02-05,NVDAUSDT,False,0,0,0,0,0,0,1000.0
2026-02-06,NVDAUSDT,False,0,0,0,0,0,0,1000.0
2026-02-09,NVDAUSDT,False,0,0,0,0,0,0,1000.0
2026-02-10,NVDAUSDT,False,0,0,0,0,0,0,1000.0
2026-02-11,NVDAUSDT,False,0,0,0,0,0,0,1000.0
2026-02-12,NVDAUSDT,False,0,0,0,0,0,0,1000.0
2026-02-13,NVDAUSDT,True,0,0,0,0.0,0.0,0.0,1000.0
2026-02-17,NVDAUSDT,False,0,0,0,0,0,0,1000.0
2026-02-18,NVDAUSDT,False,0,0,0,0,0,0,1000.0
2026-02-19,NVDAUSDT,False,0,0,0,0,0,0,1000.0
2026-02-20,NVDAUSDT,False,0,0,0,0,0,0,1000.0
2026-02-23,NVDAUSDT,False,0,0,0,0,0,0,1000.0
2026-02-24,NVDAUSDT,False,0,0,0,0,0,0,1000.0
2026-02-25,NVDAUSDT,False,0,0,0,0,0,0,1000.0
2026-02-26,NVDAUSDT,False,0,0,0,0,0,0,1000.0
2026-02-27,NVDAUSDT,False,0,0,0,0,0,0,1000.0
2026-03-02,NVDAUSDT,False,0,0,0,0,0,0,1000.0
2026-03-03,NVDAUSDT,False,0,0,0,0,0,0,1000.0
2026-03-04,NVDAUSDT,False,0,0,0,0,0,0,1000.0
2026-03-05,NVDAUSDT,False,0,0,0,0,0,0,1000.0
2026-03-06,NVDAUSDT,False,0,0,0,0,0,0,1000.0
2026-03-09,NVDAUSDT,False,0,0,0,0,0,0,1000.0
2026-03-10,NVDAUSDT,False,0,0,0,0,0,0,1000.0
2026-03-11,NVDAUSDT,True,0,0,0,0.0,0.0,0.0,1000.0
2026-03-12,NVDAUSDT,False,0,0,0,0,0,0,1000.0
2026-03-13,NVDAUSDT,False,0,0,0,0,0,0,1000.0
2026-03-16,NVDAUSDT,False,0,0,0,0,0,0,1000.0
2026-03-17,NVDAUSDT,False,0,0,0,0,0,0,1000.0
2026-03-18,NVDAUSDT,True,0,0,0,0.0,0.0,0.0,1000.0
2026-03-19,NVDAUSDT,False,0,0,0,0,0,0,1000.0
2026-03-20,NVDAUSDT,False,0,0,0,0,0,0,1000.0
2026-03-23,NVDAUSDT,False,0,0,0,0,0,0,1000.0
2026-03-24,NVDAUSDT,False,0,0,0,0,0,0,1000.0
2026-03-25,NVDAUSDT,False,0,0,0,0,0,0,1000.0
2026-03-26,NVDAUSDT,False,2,0,2,0,0,0,1000.0
2026-03-27,NVDAUSDT,False,5,0,5,0,0,0,1000.0
2026-03-30,NVDAUSDT,False,4,0,4,0,0,0,1000.0
2026-03-31,NVDAUSDT,False,6,0,6,0,0,0,1000.0
2026-04-01,NVDAUSDT,False,1,0,1,0,0,0,1000.0
2026-04-02,NVDAUSDT,False,4,1,0,12.17,0.35,11.82,1011.8188
2026-04-06,NVDAUSDT,False,0,0,0,0,0,0,1011.8188
2026-04-07,NVDAUSDT,False,2,0,2,0,0,0,1011.8188
2026-04-08,NVDAUSDT,False,1,0,1,0,0,0,1011.8188
2026-04-09,NVDAUSDT,False,2,0,2,0,0,0,1011.8188
2026-04-10,NVDAUSDT,True,0,0,0,0.0,0.0,0.0,1011.8188
2026-04-13,NVDAUSDT,False,2,0,2,0,0,0,1011.8188
2026-04-14,NVDAUSDT,False,4,0,4,0,0,0,1011.8188
2026-04-15,NVDAUSDT,False,4,0,4,0,0,0,1011.8188
2026-04-16,NVDAUSDT,False,2,0,2,0,0,0,1011.8188
2026-04-17,NVDAUSDT,False,1,0,1,0,0,0,1011.8188
2026-04-20,NVDAUSDT,False,1,1,0,-8.6,0.83,-9.43,1002.3901
2026-04-21,NVDAUSDT,False,1,0,1,0,0,0,1002.3901
2026-04-22,NVDAUSDT,False,0,0,0,0,0,0,1002.3901
2026-04-23,NVDAUSDT,False,3,0,3,0,0,0,1002.3901
2026-04-24,NVDAUSDT,False,3,1,2,8.31,1.21,7.1,1009.4874
2026-04-27,NVDAUSDT,False,4,0,4,0,0,0,1009.4874
2026-04-28,NVDAUSDT,False,4,0,4,0,0,0,1009.4874
2026-04-29,NVDAUSDT,True,0,0,0,0.0,0.0,0.0,1009.4874
2026-04-30,NVDAUSDT,False,6,0,6,0,0,0,1009.4874
2026-05-01,NVDAUSDT,False,2,1,1,14.01,1.34,12.67,1022.1525
2026-05-04,NVDAUSDT,False,4,1,0,17.38,0.67,16.71,1038.8585
2026-05-05,NVDAUSDT,False,1,0,1,0,0,0,1038.8585
2026-05-06,NVDAUSDT,False,4,0,4,0,0,0,1038.8585
2026-05-07,NVDAUSDT,False,3,0,3,0,0,0,1038.8585
2026-05-08,NVDAUSDT,False,3,0,3,0,0,0,1038.8585
2026-05-11,NVDAUSDT,False,7,1,2,-1.68,0.57,-2.25,1036.6054
2026-05-12,NVDAUSDT,True,0,0,0,0.0,0.0,0.0,1036.6054
2026-05-13,NVDAUSDT,False,2,0,2,0,0,0,1036.6054
2026-05-14,NVDAUSDT,False,3,1,0,6.54,0.41,6.13,1042.7399
2026-05-15,NVDAUSDT,False,6,0,6,0,0,0,1042.7399
2026-05-18,NVDAUSDT,False,6,0,6,0,0,0,1042.7399
2026-05-19,NVDAUSDT,False,6,0,6,0,0,0,1042.7399
2026-05-20,NVDAUSDT,False,4,0,4,0,0,0,1042.7399
2026-05-21,NVDAUSDT,False,4,0,4,0,0,0,1042.7399
2026-05-22,NVDAUSDT,False,3,0,3,0,0,0,1042.7399
2026-05-26,NVDAUSDT,False,2,1,0,17.73,1.8,15.93,1058.6708
2026-05-27,NVDAUSDT,False,5,0,5,0,0,0,1058.6708
2026-05-28,NVDAUSDT,False,1,0,1,0,0,0,1058.6708
2026-05-29,NVDAUSDT,False,4,0,4,0,0,0,1058.6708
2026-06-01,NVDAUSDT,False,6,0,6,0,0,0,1058.6708
2026-06-02,NVDAUSDT,False,8,1,2,5.26,0.2,5.06,1063.7306
2026-06-03,NVDAUSDT,False,0,0,0,0,0,0,1063.7306
2026-06-04,NVDAUSDT,False,4,1,1,18.08,1.16,16.93,1080.6565
2026-06-05,NVDAUSDT,False,6,0,6,0,0,0,1080.6565
2026-06-08,NVDAUSDT,False,4,0,4,0,0,0,1080.6565
2026-06-09,NVDAUSDT,False,9,0,9,0,0,0,1080.6565
2026-06-10,NVDAUSDT,True,0,0,0,0.0,0.0,0.0,1080.6565
2026-06-11,NVDAUSDT,False,6,1,0,-9.19,0.5,-9.69,1070.9672
2026-06-12,NVDAUSDT,False,2,0,2,0,0,0,1070.9672
2026-06-15,NVDAUSDT,False,2,0,2,0,0,0,1070.9672
2026-06-16,NVDAUSDT,False,2,0,2,0,0,0,1070.9672
2026-06-17,NVDAUSDT,True,0,0,0,0.0,0.0,0.0,1070.9672
2026-06-18,NVDAUSDT,False,2,0,2,0,0,0,1070.9672
2026-06-22,NVDAUSDT,False,3,0,3,0,0,0,1070.9672
2026-06-23,NVDAUSDT,False,3,0,3,0,0,0,1070.9672
2026-06-24,NVDAUSDT,False,2,0,2,0,0,0,1070.9672
2026-06-25,NVDAUSDT,False,4,1,3,-1.2,0.22,-1.42,1069.5462
2026-06-26,NVDAUSDT,False,1,0,1,0,0,0,1069.5462
2026-06-29,NVDAUSDT,False,3,0,3,0,0,0,1069.5462
2026-06-30,NVDAUSDT,False,0,0,0,0,0,0,1069.5462
2026-02-02,AAPLUSDT,False,0,0,0,0,0,0,1000.0
2026-02-03,AAPLUSDT,False,0,0,0,0,0,0,1000.0
2026-02-04,AAPLUSDT,False,0,0,0,0,0,0,1000.0
2026-02-05,AAPLUSDT,False,0,0,0,0,0,0,1000.0
2026-02-06,AAPLUSDT,False,0,0,0,0,0,0,1000.0
2026-02-09,AAPLUSDT,False,0,0,0,0,0,0,1000.0
2026-02-10,AAPLUSDT,False,0,0,0,0,0,0,1000.0
2026-02-11,AAPLUSDT,False,0,0,0,0,0,0,1000.0
2026-02-12,AAPLUSDT,False,0,0,0,0,0,0,1000.0
2026-02-13,AAPLUSDT,True,0,0,0,0.0,0.0,0.0,1000.0
2026-02-17,AAPLUSDT,False,0,0,0,0,0,0,1000.0
2026-02-18,AAPLUSDT,False,0,0,0,0,0,0,1000.0
2026-02-19,AAPLUSDT,False,0,0,0,0,0,0,1000.0
2026-02-20,AAPLUSDT,False,0,0,0,0,0,0,1000.0
2026-02-23,AAPLUSDT,False,0,0,0,0,0,0,1000.0
2026-02-24,AAPLUSDT,False,0,0,0,0,0,0,1000.0
2026-02-25,AAPLUSDT,False,0,0,0,0,0,0,1000.0
2026-02-26,AAPLUSDT,False,0,0,0,0,0,0,1000.0
2026-02-27,AAPLUSDT,False,0,0,0,0,0,0,1000.0
2026-03-02,AAPLUSDT,False,0,0,0,0,0,0,1000.0
2026-03-03,AAPLUSDT,False,0,0,0,0,0,0,1000.0
2026-03-04,AAPLUSDT,False,0,0,0,0,0,0,1000.0
2026-03-05,AAPLUSDT,False,0,0,0,0,0,0,1000.0
2026-03-06,AAPLUSDT,False,0,0,0,0,0,0,1000.0
2026-03-09,AAPLUSDT,False,0,0,0,0,0,0,1000.0
2026-03-10,AAPLUSDT,False,0,0,0,0,0,0,1000.0
2026-03-11,AAPLUSDT,True,0,0,0,0.0,0.0,0.0,1000.0
2026-03-12,AAPLUSDT,False,0,0,0,0,0,0,1000.0
2026-03-13,AAPLUSDT,False,0,0,0,0,0,0,1000.0
2026-03-16,AAPLUSDT,False,0,0,0,0,0,0,1000.0
2026-03-17,AAPLUSDT,False,0,0,0,0,0,0,1000.0
2026-03-18,AAPLUSDT,True,0,0,0,0.0,0.0,0.0,1000.0
2026-03-19,AAPLUSDT,False,0,0,0,0,0,0,1000.0
2026-03-20,AAPLUSDT,False,0,0,0,0,0,0,1000.0
2026-03-23,AAPLUSDT,False,0,0,0,0,0,0,1000.0
2026-03-24,AAPLUSDT,False,0,0,0,0,0,0,1000.0
2026-03-25,AAPLUSDT,False,0,0,0,0,0,0,1000.0
2026-03-26,AAPLUSDT,False,0,0,0,0,0,0,1000.0
2026-03-27,AAPLUSDT,False,0,0,0,0,0,0,1000.0
2026-03-30,AAPLUSDT,False,0,0,0,0,0,0,1000.0
2026-03-31,AAPLUSDT,False,0,0,0,0,0,0,1000.0
2026-04-01,AAPLUSDT,False,0,0,0,0,0,0,1000.0
2026-04-02,AAPLUSDT,False,0,0,0,0,0,0,1000.0
2026-04-06,AAPLUSDT,False,1,0,1,0,0,0,1000.0
2026-04-07,AAPLUSDT,False,4,1,2,17.0,1.1,15.9,1015.8995
2026-04-08,AAPLUSDT,False,0,0,0,0,0,0,1015.8995
2026-04-09,AAPLUSDT,False,0,0,0,0,0,0,1015.8995
2026-04-10,AAPLUSDT,True,0,0,0,0.0,0.0,0.0,1015.8995
2026-04-13,AAPLUSDT,False,1,0,1,0,0,0,1015.8995
2026-04-14,AAPLUSDT,False,1,1,0,3.73,0.92,2.81,1018.7068
2026-04-15,AAPLUSDT,False,2,1,1,13.52,0.81,12.71,1031.4171
2026-04-16,AAPLUSDT,False,3,0,3,0,0,0,1031.4171
2026-04-17,AAPLUSDT,False,1,0,1,0,0,0,1031.4171
2026-04-20,AAPLUSDT,False,3,0,3,0,0,0,1031.4171
2026-04-21,AAPLUSDT,False,2,0,2,0,0,0,1031.4171
2026-04-22,AAPLUSDT,False,3,0,3,0,0,0,1031.4171
2026-04-23,AAPLUSDT,False,0,0,0,0,0,0,1031.4171
2026-04-24,AAPLUSDT,False,0,0,0,0,0,0,1031.4171
2026-04-27,AAPLUSDT,False,0,0,0,0,0,0,1031.4171
2026-04-28,AAPLUSDT,False,0,0,0,0,0,0,1031.4171
2026-04-29,AAPLUSDT,True,0,0,0,0.0,0.0,0.0,1031.4171
2026-04-30,AAPLUSDT,False,2,0,2,0,0,0,1031.4171
2026-05-01,AAPLUSDT,False,4,0,4,0,0,0,1031.4171
2026-05-04,AAPLUSDT,False,2,0,2,0,0,0,1031.4171
2026-05-05,AAPLUSDT,False,3,0,3,0,0,0,1031.4171
2026-05-06,AAPLUSDT,False,2,0,2,0,0,0,1031.4171
2026-05-07,AAPLUSDT,False,1,0,1,0,0,0,1031.4171
2026-05-08,AAPLUSDT,False,2,0,2,0,0,0,1031.4171
2026-05-11,AAPLUSDT,False,1,0,1,0,0,0,1031.4171
2026-05-12,AAPLUSDT,True,0,0,0,0.0,0.0,0.0,1031.4171
2026-05-13,AAPLUSDT,False,3,0,3,0,0,0,1031.4171
2026-05-14,AAPLUSDT,False,0,0,0,0,0,0,1031.4171
2026-05-15,AAPLUSDT,False,1,0,1,0,0,0,1031.4171
2026-05-18,AAPLUSDT,False,1,0,1,0,0,0,1031.4171
2026-05-19,AAPLUSDT,False,2,0,2,0,0,0,1031.4171
2026-05-20,AAPLUSDT,False,1,0,1,0,0,0,1031.4171
2026-05-21,AAPLUSDT,False,0,0,0,0,0,0,1031.4171
2026-05-22,AAPLUSDT,False,1,0,1,0,0,0,1031.4171
2026-05-26,AAPLUSDT,False,0,0,0,0,0,0,1031.4171
2026-05-27,AAPLUSDT,False,2,0,2,0,0,0,1031.4171
2026-05-28,AAPLUSDT,False,0,0,0,0,0,0,1031.4171
2026-05-29,AAPLUSDT,False,1,0,1,0,0,0,1031.4171
2026-06-01,AAPLUSDT,False,2,0,2,0,0,0,1031.4171
2026-06-02,AAPLUSDT,False,4,1,1,17.53,1.56,15.97,1047.3886
2026-06-03,AAPLUSDT,False,2,0,2,0,0,0,1047.3886
2026-06-04,AAPLUSDT,False,1,1,0,-2.01,0.91,-2.92,1044.4683
2026-06-05,AAPLUSDT,False,3,1,0,17.76,1.41,16.34,1060.812
2026-06-08,AAPLUSDT,False,7,1,1,18.03,0.88,17.15,1077.9658
2026-06-09,AAPLUSDT,False,3,0,3,0,0,0,1077.9658
2026-06-10,AAPLUSDT,True,0,0,0,0.0,0.0,0.0,1077.9658
2026-06-11,AAPLUSDT,False,4,0,4,0,0,0,1077.9658
2026-06-12,AAPLUSDT,False,2,0,2,0,0,0,1077.9658
2026-06-15,AAPLUSDT,False,1,0,1,0,0,0,1077.9658
2026-06-16,AAPLUSDT,False,0,0,0,0,0,0,1077.9658
2026-06-17,AAPLUSDT,True,0,0,0,0.0,0.0,0.0,1077.9658
2026-06-18,AAPLUSDT,False,1,0,1,0,0,0,1077.9658
2026-06-22,AAPLUSDT,False,1,0,1,0,0,0,1077.9658
2026-06-23,AAPLUSDT,False,3,1,1,18.33,0.92,17.41,1095.3729
2026-06-24,AAPLUSDT,False,3,0,3,0,0,0,1095.3729
2026-06-25,AAPLUSDT,False,7,0,7,0,0,0,1095.3729
2026-06-26,AAPLUSDT,False,3,0,3,0,0,0,1095.3729
2026-06-29,AAPLUSDT,False,2,0,2,0,0,0,1095.3729
2026-06-30,AAPLUSDT,False,0,0,0,0,0,0,1095.3729
2026-02-02,QQQUSDT,False,0,0,0,0,0,0,1000.0
2026-02-03,QQQUSDT,False,0,0,0,0,0,0,1000.0
2026-02-04,QQQUSDT,False,0,0,0,0,0,0,1000.0
2026-02-05,QQQUSDT,False,0,0,0,0,0,0,1000.0
2026-02-06,QQQUSDT,False,0,0,0,0,0,0,1000.0
2026-02-09,QQQUSDT,False,0,0,0,0,0,0,1000.0
2026-02-10,QQQUSDT,False,0,0,0,0,0,0,1000.0
2026-02-11,QQQUSDT,False,0,0,0,0,0,0,1000.0
2026-02-12,QQQUSDT,False,0,0,0,0,0,0,1000.0
2026-02-13,QQQUSDT,True,0,0,0,0.0,0.0,0.0,1000.0
2026-02-17,QQQUSDT,False,0,0,0,0,0,0,1000.0
2026-02-18,QQQUSDT,False,0,0,0,0,0,0,1000.0
2026-02-19,QQQUSDT,False,0,0,0,0,0,0,1000.0
2026-02-20,QQQUSDT,False,0,0,0,0,0,0,1000.0
2026-02-23,QQQUSDT,False,0,0,0,0,0,0,1000.0
2026-02-24,QQQUSDT,False,0,0,0,0,0,0,1000.0
2026-02-25,QQQUSDT,False,0,0,0,0,0,0,1000.0
2026-02-26,QQQUSDT,False,0,0,0,0,0,0,1000.0
2026-02-27,QQQUSDT,False,0,0,0,0,0,0,1000.0
2026-03-02,QQQUSDT,False,0,0,0,0,0,0,1000.0
2026-03-03,QQQUSDT,False,0,0,0,0,0,0,1000.0
2026-03-04,QQQUSDT,False,0,0,0,0,0,0,1000.0
2026-03-05,QQQUSDT,False,0,0,0,0,0,0,1000.0
2026-03-06,QQQUSDT,False,0,0,0,0,0,0,1000.0
2026-03-09,QQQUSDT,False,0,0,0,0,0,0,1000.0
2026-03-10,QQQUSDT,False,0,0,0,0,0,0,1000.0
2026-03-11,QQQUSDT,True,0,0,0,0.0,0.0,0.0,1000.0
2026-03-12,QQQUSDT,False,0,0,0,0,0,0,1000.0
2026-03-13,QQQUSDT,False,0,0,0,0,0,0,1000.0
2026-03-16,QQQUSDT,False,0,0,0,0,0,0,1000.0
2026-03-17,QQQUSDT,False,0,0,0,0,0,0,1000.0
2026-03-18,QQQUSDT,True,0,0,0,0.0,0.0,0.0,1000.0
2026-03-19,QQQUSDT,False,0,0,0,0,0,0,1000.0
2026-03-20,QQQUSDT,False,0,0,0,0,0,0,1000.0
2026-03-23,QQQUSDT,False,0,0,0,0,0,0,1000.0
2026-03-24,QQQUSDT,False,0,0,0,0,0,0,1000.0
2026-03-25,QQQUSDT,False,0,0,0,0,0,0,1000.0
2026-03-26,QQQUSDT,False,0,0,0,0,0,0,1000.0
2026-03-27,QQQUSDT,False,0,0,0,0,0,0,1000.0
2026-03-30,QQQUSDT,False,0,0,0,0,0,0,1000.0
2026-03-31,QQQUSDT,False,0,0,0,0,0,0,1000.0
2026-04-01,QQQUSDT,False,0,0,0,0,0,0,1000.0
2026-04-02,QQQUSDT,False,0,0,0,0,0,0,1000.0
2026-04-06,QQQUSDT,False,0,0,0,0,0,0,1000.0
2026-04-07,QQQUSDT,False,2,0,2,0,0,0,1000.0
2026-04-08,QQQUSDT,False,0,0,0,0,0,0,1000.0
2026-04-09,QQQUSDT,False,1,0,1,0,0,0,1000.0
2026-04-10,QQQUSDT,True,0,0,0,0.0,0.0,0.0,1000.0
2026-04-13,QQQUSDT,False,0,0,0,0,0,0,1000.0
2026-04-14,QQQUSDT,False,0,0,0,0,0,0,1000.0
2026-04-15,QQQUSDT,False,0,0,0,0,0,0,1000.0
2026-04-16,QQQUSDT,False,0,0,0,0,0,0,1000.0
2026-04-17,QQQUSDT,False,0,0,0,0,0,0,1000.0
2026-04-20,QQQUSDT,False,0,0,0,0,0,0,1000.0
2026-04-21,QQQUSDT,False,0,0,0,0,0,0,1000.0
2026-04-22,QQQUSDT,False,0,0,0,0,0,0,1000.0
2026-04-23,QQQUSDT,False,1,0,1,0,0,0,1000.0
2026-04-24,QQQUSDT,False,0,0,0,0,0,0,1000.0
2026-04-27,QQQUSDT,False,0,0,0,0,0,0,1000.0
2026-04-28,QQQUSDT,False,0,0,0,0,0,0,1000.0
2026-04-29,QQQUSDT,True,0,0,0,0.0,0.0,0.0,1000.0
2026-04-30,QQQUSDT,False,2,0,2,0,0,0,1000.0
2026-05-01,QQQUSDT,False,1,0,1,0,0,0,1000.0
2026-05-04,QQQUSDT,False,0,0,0,0,0,0,1000.0
2026-05-05,QQQUSDT,False,0,0,0,0,0,0,1000.0
2026-05-06,QQQUSDT,False,0,0,0,0,0,0,1000.0
2026-05-07,QQQUSDT,False,0,0,0,0,0,0,1000.0
2026-05-08,QQQUSDT,False,1,0,1,0,0,0,1000.0
2026-05-11,QQQUSDT,False,0,0,0,0,0,0,1000.0
2026-05-12,QQQUSDT,True,0,0,0,0.0,0.0,0.0,1000.0
2026-05-13,QQQUSDT,False,0,0,0,0,0,0,1000.0
2026-05-14,QQQUSDT,False,0,0,0,0,0,0,1000.0
2026-05-15,QQQUSDT,False,0,0,0,0,0,0,1000.0
2026-05-18,QQQUSDT,False,2,1,0,17.0,0.95,16.05,1016.054
2026-05-19,QQQUSDT,False,1,0,1,0,0,0,1016.054
2026-05-20,QQQUSDT,False,0,0,0,0,0,0,1016.054
2026-05-21,QQQUSDT,False,1,0,1,0,0,0,1016.054
2026-05-22,QQQUSDT,False,0,0,0,0,0,0,1016.054
2026-05-26,QQQUSDT,False,0,0,0,0,0,0,1016.054
2026-05-27,QQQUSDT,False,2,0,2,0,0,0,1016.054
2026-05-28,QQQUSDT,False,0,0,0,0,0,0,1016.054
2026-05-29,QQQUSDT,False,0,0,0,0,0,0,1016.054
2026-06-01,QQQUSDT,False,0,0,0,0,0,0,1016.054
2026-06-02,QQQUSDT,False,0,0,0,0,0,0,1016.054
2026-06-03,QQQUSDT,False,0,0,0,0,0,0,1016.054
2026-06-04,QQQUSDT,False,0,0,0,0,0,0,1016.054
2026-06-05,QQQUSDT,False,6,0,6,0,0,0,1016.054
2026-06-08,QQQUSDT,False,1,1,0,-4.45,0.64,-5.09,1010.964
2026-06-09,QQQUSDT,False,4,1,3,9.09,0.76,8.34,1019.3004
2026-06-10,QQQUSDT,True,0,0,0,0.0,0.0,0.0,1019.3004
2026-06-11,QQQUSDT,False,5,1,3,8.04,0.7,7.34,1026.6405
2026-06-12,QQQUSDT,False,3,0,3,0,0,0,1026.6405
2026-06-15,QQQUSDT,False,0,0,0,0,0,0,1026.6405
2026-06-16,QQQUSDT,False,1,0,1,0,0,0,1026.6405
2026-06-17,QQQUSDT,True,0,0,0,0.0,0.0,0.0,1026.6405
2026-06-18,QQQUSDT,False,0,0,0,0,0,0,1026.6405
2026-06-22,QQQUSDT,False,1,0,1,0,0,0,1026.6405
2026-06-23,QQQUSDT,False,3,0,3,0,0,0,1026.6405
2026-06-24,QQQUSDT,False,2,0,2,0,0,0,1026.6405
2026-06-25,QQQUSDT,False,3,0,3,0,0,0,1026.6405
2026-06-26,QQQUSDT,False,1,0,1,0,0,0,1026.6405
2026-06-29,QQQUSDT,False,2,0,2,0,0,0,1026.6405
2026-06-30,QQQUSDT,False,0,0,0,0,0,0,1026.6405
2026-02-02,SNDKUSDT,False,0,0,0,0,0,0,1000.0
2026-02-03,SNDKUSDT,False,0,0,0,0,0,0,1000.0
2026-02-04,SNDKUSDT,False,0,0,0,0,0,0,1000.0
2026-02-05,SNDKUSDT,False,0,0,0,0,0,0,1000.0
2026-02-06,SNDKUSDT,False,0,0,0,0,0,0,1000.0
2026-02-09,SNDKUSDT,False,0,0,0,0,0,0,1000.0
2026-02-10,SNDKUSDT,False,0,0,0,0,0,0,1000.0
2026-02-11,SNDKUSDT,False,0,0,0,0,0,0,1000.0
2026-02-12,SNDKUSDT,False,0,0,0,0,0,0,1000.0
2026-02-13,SNDKUSDT,True,0,0,0,0.0,0.0,0.0,1000.0
2026-02-17,SNDKUSDT,False,0,0,0,0,0,0,1000.0
2026-02-18,SNDKUSDT,False,0,0,0,0,0,0,1000.0
2026-02-19,SNDKUSDT,False,0,0,0,0,0,0,1000.0
2026-02-20,SNDKUSDT,False,0,0,0,0,0,0,1000.0
2026-02-23,SNDKUSDT,False,0,0,0,0,0,0,1000.0
2026-02-24,SNDKUSDT,False,0,0,0,0,0,0,1000.0
2026-02-25,SNDKUSDT,False,0,0,0,0,0,0,1000.0
2026-02-26,SNDKUSDT,False,0,0,0,0,0,0,1000.0
2026-02-27,SNDKUSDT,False,0,0,0,0,0,0,1000.0
2026-03-02,SNDKUSDT,False,0,0,0,0,0,0,1000.0
2026-03-03,SNDKUSDT,False,0,0,0,0,0,0,1000.0
2026-03-04,SNDKUSDT,False,0,0,0,0,0,0,1000.0
2026-03-05,SNDKUSDT,False,0,0,0,0,0,0,1000.0
2026-03-06,SNDKUSDT,False,0,0,0,0,0,0,1000.0
2026-03-09,SNDKUSDT,False,0,0,0,0,0,0,1000.0
2026-03-10,SNDKUSDT,False,0,0,0,0,0,0,1000.0
2026-03-11,SNDKUSDT,True,0,0,0,0.0,0.0,0.0,1000.0
2026-03-12,SNDKUSDT,False,0,0,0,0,0,0,1000.0
2026-03-13,SNDKUSDT,False,0,0,0,0,0,0,1000.0
2026-03-16,SNDKUSDT,False,0,0,0,0,0,0,1000.0
2026-03-17,SNDKUSDT,False,0,0,0,0,0,0,1000.0
2026-03-18,SNDKUSDT,True,0,0,0,0.0,0.0,0.0,1000.0
2026-03-19,SNDKUSDT,False,0,0,0,0,0,0,1000.0
2026-03-20,SNDKUSDT,False,0,0,0,0,0,0,1000.0
2026-03-23,SNDKUSDT,False,0,0,0,0,0,0,1000.0
2026-03-24,SNDKUSDT,False,0,0,0,0,0,0,1000.0
2026-03-25,SNDKUSDT,False,0,0,0,0,0,0,1000.0
2026-03-26,SNDKUSDT,False,0,0,0,0,0,0,1000.0
2026-03-27,SNDKUSDT,False,0,0,0,0,0,0,1000.0
2026-03-30,SNDKUSDT,False,0,0,0,0,0,0,1000.0
2026-03-31,SNDKUSDT,False,0,0,0,0,0,0,1000.0
2026-04-01,SNDKUSDT,False,0,0,0,0,0,0,1000.0
2026-04-02,SNDKUSDT,False,0,0,0,0,0,0,1000.0
2026-04-06,SNDKUSDT,False,0,0,0,0,0,0,1000.0
2026-04-07,SNDKUSDT,False,6,0,6,0,0,0,1000.0
2026-04-08,SNDKUSDT,False,7,0,7,0,0,0,1000.0
2026-04-09,SNDKUSDT,False,5,1,0,17.0,0.38,16.62,1016.6225
2026-04-10,SNDKUSDT,True,0,0,0,0.0,0.0,0.0,1016.6225
2026-04-13,SNDKUSDT,False,7,0,7,0,0,0,1016.6225
2026-04-14,SNDKUSDT,False,5,0,5,0,0,0,1016.6225
2026-04-15,SNDKUSDT,False,6,1,2,-0.85,0.27,-1.12,1015.4988
2026-04-16,SNDKUSDT,False,9,0,9,0,0,0,1015.4988
2026-04-17,SNDKUSDT,False,7,0,7,0,0,0,1015.4988
2026-04-20,SNDKUSDT,False,6,1,0,3.5,0.29,3.21,1018.7079
2026-04-21,SNDKUSDT,False,5,1,2,-4.06,0.46,-4.52,1014.1846
2026-04-22,SNDKUSDT,False,6,1,3,17.24,0.49,16.75,1030.9389
2026-04-23,SNDKUSDT,False,10,0,10,0,0,0,1030.9389
2026-04-24,SNDKUSDT,False,5,0,5,0,0,0,1030.9389
2026-04-27,SNDKUSDT,False,6,1,2,9.12,0.3,8.82,1039.7547
2026-04-28,SNDKUSDT,False,8,1,1,1.68,0.13,1.56,1041.3101
2026-04-29,SNDKUSDT,True,0,0,0,0.0,0.0,0.0,1041.3101
2026-04-30,SNDKUSDT,False,6,1,3,17.7,0.73,16.97,1058.2777
2026-05-01,SNDKUSDT,False,9,1,3,-9.0,0.12,-9.11,1049.1644
2026-05-04,SNDKUSDT,False,7,0,7,0,0,0,1049.1644
2026-05-05,SNDKUSDT,False,7,1,6,-1.14,0.62,-1.76,1047.4052
2026-05-06,SNDKUSDT,False,10,0,10,0,0,0,1047.4052
2026-05-07,SNDKUSDT,False,8,1,2,17.81,0.52,17.29,1064.6959
2026-05-08,SNDKUSDT,False,7,1,1,18.1,0.29,17.81,1082.5041
2026-05-11,SNDKUSDT,False,9,0,9,0,0,0,1082.5041
2026-05-12,SNDKUSDT,True,0,0,0,0.0,0.0,0.0,1082.5041
2026-05-13,SNDKUSDT,False,5,0,5,0,0,0,1082.5041
2026-05-14,SNDKUSDT,False,7,0,7,0,0,0,1082.5041
2026-05-15,SNDKUSDT,False,5,0,5,0,0,0,1082.5041
2026-05-18,SNDKUSDT,False,8,1,2,18.4,0.46,17.94,1100.4425
2026-05-19,SNDKUSDT,False,10,1,3,18.71,0.25,18.46,1118.9031
2026-05-20,SNDKUSDT,False,7,0,7,0,0,0,1118.9031
2026-05-21,SNDKUSDT,False,9,1,2,19.02,0.4,18.62,1137.525
2026-05-22,SNDKUSDT,False,7,1,1,-9.67,0.38,-10.05,1127.4773
2026-05-26,SNDKUSDT,False,8,0,8,0,0,0,1127.4773
2026-05-27,SNDKUSDT,False,7,0,7,0,0,0,1127.4773
2026-05-28,SNDKUSDT,False,7,0,7,0,0,0,1127.4773
2026-05-29,SNDKUSDT,False,8,1,1,-5.03,0.25,-5.28,1122.2021
2026-06-01,SNDKUSDT,False,6,1,1,-0.73,0.13,-0.86,1121.3401
2026-06-02,SNDKUSDT,False,5,0,5,0,0,0,1121.3401
2026-06-03,SNDKUSDT,False,8,0,8,0,0,0,1121.3401
2026-06-04,SNDKUSDT,False,7,1,2,-9.53,0.47,-10.0,1111.339
2026-06-05,SNDKUSDT,False,10,1,3,18.89,0.34,18.55,1129.8893
2026-06-08,SNDKUSDT,False,9,1,1,-1.27,0.24,-1.51,1128.3815
2026-06-09,SNDKUSDT,False,8,1,1,19.18,0.21,18.97,1147.3547
2026-06-10,SNDKUSDT,True,0,0,0,0.0,0.0,0.0,1147.3547
2026-06-11,SNDKUSDT,False,10,1,8,19.5,0.44,19.06,1166.4178
2026-06-12,SNDKUSDT,False,8,1,3,-4.53,0.59,-5.12,1161.293
2026-06-15,SNDKUSDT,False,7,1,2,3.09,0.47,2.62,1163.9096
2026-06-16,SNDKUSDT,False,8,1,0,19.79,0.21,19.58,1183.4855
2026-06-17,SNDKUSDT,True,0,0,0,0.0,0.0,0.0,1183.4855
2026-06-18,SNDKUSDT,False,4,0,4,0,0,0,1183.4855
2026-06-22,SNDKUSDT,False,6,0,6,0,0,0,1183.4855
2026-06-23,SNDKUSDT,False,7,1,4,6.93,0.33,6.6,1190.0848
2026-06-24,SNDKUSDT,False,6,0,6,0,0,0,1190.0848
2026-06-25,SNDKUSDT,False,12,0,12,0,0,0,1190.0848
2026-06-26,SNDKUSDT,False,12,0,12,0,0,0,1190.0848
2026-06-29,SNDKUSDT,False,8,1,1,15.2,0.21,14.99,1205.0757
2026-06-30,SNDKUSDT,False,0,0,0,0,0,0,1205.0757
2026-02-02,BABAUSDT,False,0,0,0,0,0,0,1000.0
2026-02-03,BABAUSDT,False,0,0,0,0,0,0,1000.0
2026-02-04,BABAUSDT,False,0,0,0,0,0,0,1000.0
2026-02-05,BABAUSDT,False,0,0,0,0,0,0,1000.0
2026-02-06,BABAUSDT,False,0,0,0,0,0,0,1000.0
2026-02-09,BABAUSDT,False,0,0,0,0,0,0,1000.0
2026-02-10,BABAUSDT,False,0,0,0,0,0,0,1000.0
2026-02-11,BABAUSDT,False,0,0,0,0,0,0,1000.0
2026-02-12,BABAUSDT,False,0,0,0,0,0,0,1000.0
2026-02-13,BABAUSDT,True,0,0,0,0.0,0.0,0.0,1000.0
2026-02-17,BABAUSDT,False,0,0,0,0,0,0,1000.0
2026-02-18,BABAUSDT,False,0,0,0,0,0,0,1000.0
2026-02-19,BABAUSDT,False,0,0,0,0,0,0,1000.0
2026-02-20,BABAUSDT,False,0,0,0,0,0,0,1000.0
2026-02-23,BABAUSDT,False,0,0,0,0,0,0,1000.0
2026-02-24,BABAUSDT,False,0,0,0,0,0,0,1000.0
2026-02-25,BABAUSDT,False,0,0,0,0,0,0,1000.0
2026-02-26,BABAUSDT,False,0,0,0,0,0,0,1000.0
2026-02-27,BABAUSDT,False,0,0,0,0,0,0,1000.0
2026-03-02,BABAUSDT,False,0,0,0,0,0,0,1000.0
2026-03-03,BABAUSDT,False,0,0,0,0,0,0,1000.0
2026-03-04,BABAUSDT,False,0,0,0,0,0,0,1000.0
2026-03-05,BABAUSDT,False,0,0,0,0,0,0,1000.0
2026-03-06,BABAUSDT,False,0,0,0,0,0,0,1000.0
2026-03-09,BABAUSDT,False,0,0,0,0,0,0,1000.0
2026-03-10,BABAUSDT,False,0,0,0,0,0,0,1000.0
2026-03-11,BABAUSDT,True,0,0,0,0.0,0.0,0.0,1000.0
2026-03-12,BABAUSDT,False,0,0,0,0,0,0,1000.0
2026-03-13,BABAUSDT,False,0,0,0,0,0,0,1000.0
2026-03-16,BABAUSDT,False,0,0,0,0,0,0,1000.0
2026-03-17,BABAUSDT,False,0,0,0,0,0,0,1000.0
2026-03-18,BABAUSDT,True,0,0,0,0.0,0.0,0.0,1000.0
2026-03-19,BABAUSDT,False,0,0,0,0,0,0,1000.0
2026-03-20,BABAUSDT,False,0,0,0,0,0,0,1000.0
2026-03-23,BABAUSDT,False,0,0,0,0,0,0,1000.0
2026-03-24,BABAUSDT,False,0,0,0,0,0,0,1000.0
2026-03-25,BABAUSDT,False,0,0,0,0,0,0,1000.0
2026-03-26,BABAUSDT,False,0,0,0,0,0,0,1000.0
2026-03-27,BABAUSDT,False,0,0,0,0,0,0,1000.0
2026-03-30,BABAUSDT,False,0,0,0,0,0,0,1000.0
2026-03-31,BABAUSDT,False,0,0,0,0,0,0,1000.0
2026-04-01,BABAUSDT,False,0,0,0,0,0,0,1000.0
2026-04-02,BABAUSDT,False,0,0,0,0,0,0,1000.0
2026-04-06,BABAUSDT,False,0,0,0,0,0,0,1000.0
2026-04-07,BABAUSDT,False,0,0,0,0,0,0,1000.0
2026-04-08,BABAUSDT,False,0,0,0,0,0,0,1000.0
2026-04-09,BABAUSDT,False,0,0,0,0,0,0,1000.0
2026-04-10,BABAUSDT,True,0,0,0,0.0,0.0,0.0,1000.0
2026-04-13,BABAUSDT,False,0,0,0,0,0,0,1000.0
2026-04-14,BABAUSDT,False,0,0,0,0,0,0,1000.0
2026-04-15,BABAUSDT,False,0,0,0,0,0,0,1000.0
2026-04-16,BABAUSDT,False,0,0,0,0,0,0,1000.0
2026-04-17,BABAUSDT,False,0,0,0,0,0,0,1000.0
2026-04-20,BABAUSDT,False,0,0,0,0,0,0,1000.0
2026-04-21,BABAUSDT,False,4,0,4,0,0,0,1000.0
2026-04-22,BABAUSDT,False,0,0,0,0,0,0,1000.0
2026-04-23,BABAUSDT,False,2,0,2,0,0,0,1000.0
2026-04-24,BABAUSDT,False,2,0,2,0,0,0,1000.0
2026-04-27,BABAUSDT,False,0,0,0,0,0,0,1000.0
2026-04-28,BABAUSDT,False,1,0,1,0,0,0,1000.0
2026-04-29,BABAUSDT,True,0,0,0,0.0,0.0,0.0,1000.0
2026-04-30,BABAUSDT,False,2,0,2,0,0,0,1000.0
2026-05-01,BABAUSDT,False,2,0,2,0,0,0,1000.0
2026-05-04,BABAUSDT,False,3,1,0,-8.5,1.18,-9.68,990.3226
2026-05-05,BABAUSDT,False,1,0,1,0,0,0,990.3226
2026-05-06,BABAUSDT,False,6,1,5,1.97,0.88,1.09,991.4123
2026-05-07,BABAUSDT,False,4,1,3,16.85,1.52,15.34,1006.7485
2026-05-08,BABAUSDT,False,3,0,3,0,0,0,1006.7485
2026-05-11,BABAUSDT,False,1,0,1,0,0,0,1006.7485
2026-05-12,BABAUSDT,True,0,0,0,0.0,0.0,0.0,1006.7485
2026-05-13,BABAUSDT,False,7,1,4,1.04,0.27,0.77,1007.518
2026-05-14,BABAUSDT,False,5,0,5,0,0,0,1007.518
2026-05-15,BABAUSDT,False,3,0,3,0,0,0,1007.518
2026-05-18,BABAUSDT,False,3,1,0,17.13,1.1,16.02,1023.5419
2026-05-19,BABAUSDT,False,0,0,0,0,0,0,1023.5419
2026-05-20,BABAUSDT,False,2,0,2,0,0,0,1023.5419
2026-05-21,BABAUSDT,False,3,0,3,0,0,0,1023.5419
2026-05-22,BABAUSDT,False,2,0,2,0,0,0,1023.5419
2026-05-26,BABAUSDT,False,0,0,0,0,0,0,1023.5419
2026-05-27,BABAUSDT,False,3,0,3,0,0,0,1023.5419
2026-05-28,BABAUSDT,False,0,0,0,0,0,0,1023.5419
2026-05-29,BABAUSDT,False,0,0,0,0,0,0,1023.5419
2026-06-01,BABAUSDT,False,0,0,0,0,0,0,1023.5419
2026-06-02,BABAUSDT,False,4,0,4,0,0,0,1023.5419
2026-06-03,BABAUSDT,False,3,0,3,0,0,0,1023.5419
2026-06-04,BABAUSDT,False,0,0,0,0,0,0,1023.5419
2026-06-05,BABAUSDT,False,4,1,1,17.4,1.09,16.31,1039.8536
2026-06-08,BABAUSDT,False,4,0,4,0,0,0,1039.8536
2026-06-09,BABAUSDT,False,1,0,1,0,0,0,1039.8536
2026-06-10,BABAUSDT,True,0,0,0,0.0,0.0,0.0,1039.8536
2026-06-11,BABAUSDT,False,4,0,4,0,0,0,1039.8536
2026-06-12,BABAUSDT,False,2,1,0,17.68,1.19,16.49,1056.3438
2026-06-15,BABAUSDT,False,1,1,0,-8.98,0.9,-9.88,1046.4668
2026-06-16,BABAUSDT,False,1,0,1,0,0,0,1046.4668
2026-06-17,BABAUSDT,True,0,0,0,0.0,0.0,0.0,1046.4668
2026-06-18,BABAUSDT,False,4,0,4,0,0,0,1046.4668
2026-06-22,BABAUSDT,False,6,1,5,-0.15,0.31,-0.46,1046.0021
2026-06-23,BABAUSDT,False,3,1,0,17.78,1.67,16.11,1062.1109
2026-06-24,BABAUSDT,False,2,0,2,0,0,0,1062.1109
2026-06-25,BABAUSDT,False,2,0,2,0,0,0,1062.1109
2026-06-26,BABAUSDT,False,3,0,3,0,0,0,1062.1109
2026-06-29,BABAUSDT,False,2,1,0,-0.92,0.53,-1.45,1060.6595
2026-06-30,BABAUSDT,False,0,0,0,0,0,0,1060.6595
2026-02-02,AMDUSDT,False,0,0,0,0,0,0,1000.0
2026-02-03,AMDUSDT,False,0,0,0,0,0,0,1000.0
2026-02-04,AMDUSDT,False,0,0,0,0,0,0,1000.0
2026-02-05,AMDUSDT,False,0,0,0,0,0,0,1000.0
2026-02-06,AMDUSDT,False,0,0,0,0,0,0,1000.0
2026-02-09,AMDUSDT,False,0,0,0,0,0,0,1000.0
2026-02-10,AMDUSDT,False,0,0,0,0,0,0,1000.0
2026-02-11,AMDUSDT,False,0,0,0,0,0,0,1000.0
2026-02-12,AMDUSDT,False,0,0,0,0,0,0,1000.0
2026-02-13,AMDUSDT,True,0,0,0,0.0,0.0,0.0,1000.0
2026-02-17,AMDUSDT,False,0,0,0,0,0,0,1000.0
2026-02-18,AMDUSDT,False,0,0,0,0,0,0,1000.0
2026-02-19,AMDUSDT,False,0,0,0,0,0,0,1000.0
2026-02-20,AMDUSDT,False,0,0,0,0,0,0,1000.0
2026-02-23,AMDUSDT,False,0,0,0,0,0,0,1000.0
2026-02-24,AMDUSDT,False,0,0,0,0,0,0,1000.0
2026-02-25,AMDUSDT,False,0,0,0,0,0,0,1000.0
2026-02-26,AMDUSDT,False,0,0,0,0,0,0,1000.0
2026-02-27,AMDUSDT,False,0,0,0,0,0,0,1000.0
2026-03-02,AMDUSDT,False,0,0,0,0,0,0,1000.0
2026-03-03,AMDUSDT,False,0,0,0,0,0,0,1000.0
2026-03-04,AMDUSDT,False,0,0,0,0,0,0,1000.0
2026-03-05,AMDUSDT,False,0,0,0,0,0,0,1000.0
2026-03-06,AMDUSDT,False,0,0,0,0,0,0,1000.0
2026-03-09,AMDUSDT,False,0,0,0,0,0,0,1000.0
2026-03-10,AMDUSDT,False,0,0,0,0,0,0,1000.0
2026-03-11,AMDUSDT,True,0,0,0,0.0,0.0,0.0,1000.0
2026-03-12,AMDUSDT,False,0,0,0,0,0,0,1000.0
2026-03-13,AMDUSDT,False,0,0,0,0,0,0,1000.0
2026-03-16,AMDUSDT,False,0,0,0,0,0,0,1000.0
2026-03-17,AMDUSDT,False,0,0,0,0,0,0,1000.0
2026-03-18,AMDUSDT,True,0,0,0,0.0,0.0,0.0,1000.0
2026-03-19,AMDUSDT,False,0,0,0,0,0,0,1000.0
2026-03-20,AMDUSDT,False,0,0,0,0,0,0,1000.0
2026-03-23,AMDUSDT,False,0,0,0,0,0,0,1000.0
2026-03-24,AMDUSDT,False,0,0,0,0,0,0,1000.0
2026-03-25,AMDUSDT,False,0,0,0,0,0,0,1000.0
2026-03-26,AMDUSDT,False,0,0,0,0,0,0,1000.0
2026-03-27,AMDUSDT,False,0,0,0,0,0,0,1000.0
2026-03-30,AMDUSDT,False,0,0,0,0,0,0,1000.0
2026-03-31,AMDUSDT,False,0,0,0,0,0,0,1000.0
2026-04-01,AMDUSDT,False,0,0,0,0,0,0,1000.0
2026-04-02,AMDUSDT,False,0,0,0,0,0,0,1000.0
2026-04-06,AMDUSDT,False,0,0,0,0,0,0,1000.0
2026-04-07,AMDUSDT,False,0,0,0,0,0,0,1000.0
2026-04-08,AMDUSDT,False,0,0,0,0,0,0,1000.0
2026-04-09,AMDUSDT,False,0,0,0,0,0,0,1000.0
2026-04-10,AMDUSDT,True,0,0,0,0.0,0.0,0.0,1000.0
2026-04-13,AMDUSDT,False,0,0,0,0,0,0,1000.0
2026-04-14,AMDUSDT,False,0,0,0,0,0,0,1000.0
2026-04-15,AMDUSDT,False,0,0,0,0,0,0,1000.0
2026-04-16,AMDUSDT,False,0,0,0,0,0,0,1000.0
2026-04-17,AMDUSDT,False,0,0,0,0,0,0,1000.0
2026-04-20,AMDUSDT,False,0,0,0,0,0,0,1000.0
2026-04-21,AMDUSDT,False,0,0,0,0,0,0,1000.0
2026-04-22,AMDUSDT,False,0,0,0,0,0,0,1000.0
2026-04-23,AMDUSDT,False,0,0,0,0,0,0,1000.0
2026-04-24,AMDUSDT,False,0,0,0,0,0,0,1000.0
2026-04-27,AMDUSDT,False,0,0,0,0,0,0,1000.0
2026-04-28,AMDUSDT,False,0,0,0,0,0,0,1000.0
2026-04-29,AMDUSDT,True,0,0,0,0.0,0.0,0.0,1000.0
2026-04-30,AMDUSDT,False,0,0,0,0,0,0,1000.0
2026-05-01,AMDUSDT,False,0,0,0,0,0,0,1000.0
2026-05-04,AMDUSDT,False,0,0,0,0,0,0,1000.0
2026-05-05,AMDUSDT,False,0,0,0,0,0,0,1000.0
2026-05-06,AMDUSDT,False,7,0,7,0,0,0,1000.0
2026-05-07,AMDUSDT,False,5,0,5,0,0,0,1000.0
2026-05-08,AMDUSDT,False,5,1,0,17.0,0.48,16.52,1016.5185
2026-05-11,AMDUSDT,False,6,0,6,0,0,0,1016.5185
2026-05-12,AMDUSDT,True,0,0,0,0.0,0.0,0.0,1016.5185
2026-05-13,AMDUSDT,False,6,0,6,0,0,0,1016.5185
2026-05-14,AMDUSDT,False,6,1,2,-0.39,0.26,-0.66,1015.8633
2026-05-15,AMDUSDT,False,5,0,5,0,0,0,1015.8633
2026-05-18,AMDUSDT,False,11,0,11,0,0,0,1015.8633
2026-05-19,AMDUSDT,False,8,1,6,10.34,0.48,9.86,1025.7188
2026-05-20,AMDUSDT,False,4,0,4,0,0,0,1025.7188
2026-05-21,AMDUSDT,False,7,1,4,17.44,0.59,16.85,1042.5689
2026-05-22,AMDUSDT,False,6,1,1,1.95,0.53,1.42,1043.9857
2026-05-26,AMDUSDT,False,7,0,7,0,0,0,1043.9857
2026-05-27,AMDUSDT,False,7,1,5,1.95,0.77,1.18,1045.163
2026-05-28,AMDUSDT,False,5,1,1,17.77,0.34,17.42,1062.5874
2026-05-29,AMDUSDT,False,4,1,0,-0.86,0.4,-1.25,1061.334
2026-06-01,AMDUSDT,False,6,0,6,0,0,0,1061.334
2026-06-02,AMDUSDT,False,5,0,5,0,0,0,1061.334
2026-06-03,AMDUSDT,False,5,0,5,0,0,0,1061.334
2026-06-04,AMDUSDT,False,7,1,4,-2.63,0.6,-3.23,1058.1063
2026-06-05,AMDUSDT,False,10,0,10,0,0,0,1058.1063
2026-06-08,AMDUSDT,False,5,1,1,0.09,0.2,-0.11,1057.9971
2026-06-09,AMDUSDT,False,8,1,4,13.06,0.28,12.78,1070.7722
2026-06-10,AMDUSDT,True,0,0,0,0.0,0.0,0.0,1070.7722
2026-06-11,AMDUSDT,False,8,1,2,-9.1,0.31,-9.41,1061.3655
2026-06-12,AMDUSDT,False,8,1,5,-4.32,0.57,-4.89,1056.4778
2026-06-15,AMDUSDT,False,3,0,3,0,0,0,1056.4778
2026-06-16,AMDUSDT,False,5,1,2,16.92,0.37,16.55,1073.0327
2026-06-17,AMDUSDT,True,0,0,0,0.0,0.0,0.0,1073.0327
2026-06-18,AMDUSDT,False,4,0,4,0,0,0,1073.0327
2026-06-22,AMDUSDT,False,6,1,4,13.67,0.66,13.01,1086.0411
2026-06-23,AMDUSDT,False,9,0,9,0,0,0,1086.0411
2026-06-24,AMDUSDT,False,8,0,8,0,0,0,1086.0411
2026-06-25,AMDUSDT,False,10,0,10,0,0,0,1086.0411
2026-06-26,AMDUSDT,False,5,0,5,0,0,0,1086.0411
2026-06-29,AMDUSDT,False,6,1,0,-9.23,0.15,-9.38,1076.6591
2026-06-30,AMDUSDT,False,0,0,0,0,0,0,1076.6591
2026-02-02,LITEUSDT,False,0,0,0,0,0,0,1000.0
2026-02-03,LITEUSDT,False,0,0,0,0,0,0,1000.0
2026-02-04,LITEUSDT,False,0,0,0,0,0,0,1000.0
2026-02-05,LITEUSDT,False,0,0,0,0,0,0,1000.0
2026-02-06,LITEUSDT,False,0,0,0,0,0,0,1000.0
2026-02-09,LITEUSDT,False,0,0,0,0,0,0,1000.0
2026-02-10,LITEUSDT,False,0,0,0,0,0,0,1000.0
2026-02-11,LITEUSDT,False,0,0,0,0,0,0,1000.0
2026-02-12,LITEUSDT,False,0,0,0,0,0,0,1000.0
2026-02-13,LITEUSDT,True,0,0,0,0.0,0.0,0.0,1000.0
2026-02-17,LITEUSDT,False,0,0,0,0,0,0,1000.0
2026-02-18,LITEUSDT,False,0,0,0,0,0,0,1000.0
2026-02-19,LITEUSDT,False,0,0,0,0,0,0,1000.0
2026-02-20,LITEUSDT,False,0,0,0,0,0,0,1000.0
2026-02-23,LITEUSDT,False,0,0,0,0,0,0,1000.0
2026-02-24,LITEUSDT,False,0,0,0,0,0,0,1000.0
2026-02-25,LITEUSDT,False,0,0,0,0,0,0,1000.0
2026-02-26,LITEUSDT,False,0,0,0,0,0,0,1000.0
2026-02-27,LITEUSDT,False,0,0,0,0,0,0,1000.0
2026-03-02,LITEUSDT,False,0,0,0,0,0,0,1000.0
2026-03-03,LITEUSDT,False,0,0,0,0,0,0,1000.0
2026-03-04,LITEUSDT,False,0,0,0,0,0,0,1000.0
2026-03-05,LITEUSDT,False,0,0,0,0,0,0,1000.0
2026-03-06,LITEUSDT,False,0,0,0,0,0,0,1000.0
2026-03-09,LITEUSDT,False,0,0,0,0,0,0,1000.0
2026-03-10,LITEUSDT,False,0,0,0,0,0,0,1000.0
2026-03-11,LITEUSDT,True,0,0,0,0.0,0.0,0.0,1000.0
2026-03-12,LITEUSDT,False,0,0,0,0,0,0,1000.0
2026-03-13,LITEUSDT,False,0,0,0,0,0,0,1000.0
2026-03-16,LITEUSDT,False,0,0,0,0,0,0,1000.0
2026-03-17,LITEUSDT,False,0,0,0,0,0,0,1000.0
2026-03-18,LITEUSDT,True,0,0,0,0.0,0.0,0.0,1000.0
2026-03-19,LITEUSDT,False,0,0,0,0,0,0,1000.0
2026-03-20,LITEUSDT,False,0,0,0,0,0,0,1000.0
2026-03-23,LITEUSDT,False,0,0,0,0,0,0,1000.0
2026-03-24,LITEUSDT,False,0,0,0,0,0,0,1000.0
2026-03-25,LITEUSDT,False,0,0,0,0,0,0,1000.0
2026-03-26,LITEUSDT,False,0,0,0,0,0,0,1000.0
2026-03-27,LITEUSDT,False,0,0,0,0,0,0,1000.0
2026-03-30,LITEUSDT,False,0,0,0,0,0,0,1000.0
2026-03-31,LITEUSDT,False,0,0,0,0,0,0,1000.0
2026-04-01,LITEUSDT,False,0,0,0,0,0,0,1000.0
2026-04-02,LITEUSDT,False,0,0,0,0,0,0,1000.0
2026-04-06,LITEUSDT,False,0,0,0,0,0,0,1000.0
2026-04-07,LITEUSDT,False,0,0,0,0,0,0,1000.0
2026-04-08,LITEUSDT,False,0,0,0,0,0,0,1000.0
2026-04-09,LITEUSDT,False,0,0,0,0,0,0,1000.0
2026-04-10,LITEUSDT,True,0,0,0,0.0,0.0,0.0,1000.0
2026-04-13,LITEUSDT,False,0,0,0,0,0,0,1000.0
2026-04-14,LITEUSDT,False,0,0,0,0,0,0,1000.0
2026-04-15,LITEUSDT,False,0,0,0,0,0,0,1000.0
2026-04-16,LITEUSDT,False,0,0,0,0,0,0,1000.0
2026-04-17,LITEUSDT,False,0,0,0,0,0,0,1000.0
2026-04-20,LITEUSDT,False,0,0,0,0,0,0,1000.0
2026-04-21,LITEUSDT,False,0,0,0,0,0,0,1000.0
2026-04-22,LITEUSDT,False,0,0,0,0,0,0,1000.0
2026-04-23,LITEUSDT,False,0,0,0,0,0,0,1000.0
2026-04-24,LITEUSDT,False,0,0,0,0,0,0,1000.0
2026-04-27,LITEUSDT,False,0,0,0,0,0,0,1000.0
2026-04-28,LITEUSDT,False,0,0,0,0,0,0,1000.0
2026-04-29,LITEUSDT,True,0,0,0,0.0,0.0,0.0,1000.0
2026-04-30,LITEUSDT,False,0,0,0,0,0,0,1000.0
2026-05-01,LITEUSDT,False,0,0,0,0,0,0,1000.0
2026-05-04,LITEUSDT,False,0,0,0,0,0,0,1000.0
2026-05-05,LITEUSDT,False,0,0,0,0,0,0,1000.0
2026-05-06,LITEUSDT,False,0,0,0,0,0,0,1000.0
2026-05-07,LITEUSDT,False,0,0,0,0,0,0,1000.0
2026-05-08,LITEUSDT,False,0,0,0,0,0,0,1000.0
2026-05-11,LITEUSDT,False,0,0,0,0,0,0,1000.0
2026-05-12,LITEUSDT,True,0,0,0,0.0,0.0,0.0,1000.0
2026-05-13,LITEUSDT,False,0,0,0,0,0,0,1000.0
2026-05-14,LITEUSDT,False,0,0,0,0,0,0,1000.0
2026-05-15,LITEUSDT,False,6,0,6,0,0,0,1000.0
2026-05-18,LITEUSDT,False,12,1,1,1.0,0.18,0.82,1000.8204
2026-05-19,LITEUSDT,False,8,1,2,17.01,0.33,16.68,1017.5001
2026-05-20,LITEUSDT,False,6,1,5,-1.7,0.46,-2.16,1015.3387
2026-05-21,LITEUSDT,False,5,1,1,4.28,0.15,4.14,1019.4744
2026-05-22,LITEUSDT,False,8,1,0,5.53,0.3,5.23,1024.7067
2026-05-26,LITEUSDT,False,5,1,2,8.72,0.38,8.34,1033.0483
2026-05-27,LITEUSDT,False,7,1,0,-8.78,0.42,-9.2,1023.852
2026-05-28,LITEUSDT,False,5,1,4,9.2,0.68,8.52,1032.3724
2026-05-29,LITEUSDT,False,4,1,1,-8.78,0.29,-9.06,1023.3089
2026-06-01,LITEUSDT,False,10,1,8,2.89,0.47,2.42,1025.7334
2026-06-02,LITEUSDT,False,6,1,1,6.48,0.12,6.36,1032.094
2026-06-03,LITEUSDT,False,7,1,3,17.55,0.3,17.24,1049.3389
2026-06-04,LITEUSDT,False,10,1,4,17.84,0.26,17.58,1066.9175
2026-06-05,LITEUSDT,False,10,1,3,18.14,0.35,17.79,1084.7091
2026-06-08,LITEUSDT,False,7,0,7,0,0,0,1084.7091
2026-06-09,LITEUSDT,False,5,0,5,0,0,0,1084.7091
2026-06-10,LITEUSDT,True,0,0,0,0.0,0.0,0.0,1084.7091
2026-06-11,LITEUSDT,False,9,0,9,0,0,0,1084.7091
2026-06-12,LITEUSDT,False,9,1,3,5.57,0.3,5.28,1089.9862
2026-06-15,LITEUSDT,False,7,0,7,0,0,0,1089.9862
2026-06-16,LITEUSDT,False,8,1,3,-1.22,0.29,-1.51,1088.4747
2026-06-17,LITEUSDT,True,0,0,0,0.0,0.0,0.0,1088.4747
2026-06-18,LITEUSDT,False,8,0,8,0,0,0,1088.4747
2026-06-22,LITEUSDT,False,5,0,5,0,0,0,1088.4747
2026-06-23,LITEUSDT,False,8,1,4,18.5,0.65,17.85,1106.3255
2026-06-24,LITEUSDT,False,8,0,8,0,0,0,1106.3255
2026-06-25,LITEUSDT,False,10,1,6,18.81,0.52,18.29,1124.6146
2026-06-26,LITEUSDT,False,8,1,3,19.12,0.34,18.78,1143.3909
2026-06-29,LITEUSDT,False,7,1,4,19.44,0.31,19.13,1162.5162
2026-06-30,LITEUSDT,False,0,0,0,0,0,0,1162.5162
2026-02-02,ORCLUSDT,False,0,0,0,0,0,0,1000.0
2026-02-03,ORCLUSDT,False,0,0,0,0,0,0,1000.0
2026-02-04,ORCLUSDT,False,0,0,0,0,0,0,1000.0
2026-02-05,ORCLUSDT,False,0,0,0,0,0,0,1000.0
2026-02-06,ORCLUSDT,False,0,0,0,0,0,0,1000.0
2026-02-09,ORCLUSDT,False,0,0,0,0,0,0,1000.0
2026-02-10,ORCLUSDT,False,0,0,0,0,0,0,1000.0
2026-02-11,ORCLUSDT,False,0,0,0,0,0,0,1000.0
2026-02-12,ORCLUSDT,False,0,0,0,0,0,0,1000.0
2026-02-13,ORCLUSDT,True,0,0,0,0.0,0.0,0.0,1000.0
2026-02-17,ORCLUSDT,False,0,0,0,0,0,0,1000.0
2026-02-18,ORCLUSDT,False,0,0,0,0,0,0,1000.0
2026-02-19,ORCLUSDT,False,0,0,0,0,0,0,1000.0
2026-02-20,ORCLUSDT,False,0,0,0,0,0,0,1000.0
2026-02-23,ORCLUSDT,False,0,0,0,0,0,0,1000.0
2026-02-24,ORCLUSDT,False,0,0,0,0,0,0,1000.0
2026-02-25,ORCLUSDT,False,0,0,0,0,0,0,1000.0
2026-02-26,ORCLUSDT,False,0,0,0,0,0,0,1000.0
2026-02-27,ORCLUSDT,False,0,0,0,0,0,0,1000.0
2026-03-02,ORCLUSDT,False,0,0,0,0,0,0,1000.0
2026-03-03,ORCLUSDT,False,0,0,0,0,0,0,1000.0
2026-03-04,ORCLUSDT,False,0,0,0,0,0,0,1000.0
2026-03-05,ORCLUSDT,False,0,0,0,0,0,0,1000.0
2026-03-06,ORCLUSDT,False,0,0,0,0,0,0,1000.0
2026-03-09,ORCLUSDT,False,0,0,0,0,0,0,1000.0
2026-03-10,ORCLUSDT,False,0,0,0,0,0,0,1000.0
2026-03-11,ORCLUSDT,True,0,0,0,0.0,0.0,0.0,1000.0
2026-03-12,ORCLUSDT,False,0,0,0,0,0,0,1000.0
2026-03-13,ORCLUSDT,False,0,0,0,0,0,0,1000.0
2026-03-16,ORCLUSDT,False,0,0,0,0,0,0,1000.0
2026-03-17,ORCLUSDT,False,0,0,0,0,0,0,1000.0
2026-03-18,ORCLUSDT,True,0,0,0,0.0,0.0,0.0,1000.0
2026-03-19,ORCLUSDT,False,0,0,0,0,0,0,1000.0
2026-03-20,ORCLUSDT,False,0,0,0,0,0,0,1000.0
2026-03-23,ORCLUSDT,False,0,0,0,0,0,0,1000.0
2026-03-24,ORCLUSDT,False,0,0,0,0,0,0,1000.0
2026-03-25,ORCLUSDT,False,0,0,0,0,0,0,1000.0
2026-03-26,ORCLUSDT,False,0,0,0,0,0,0,1000.0
2026-03-27,ORCLUSDT,False,0,0,0,0,0,0,1000.0
2026-03-30,ORCLUSDT,False,0,0,0,0,0,0,1000.0
2026-03-31,ORCLUSDT,False,0,0,0,0,0,0,1000.0
2026-04-01,ORCLUSDT,False,0,0,0,0,0,0,1000.0
2026-04-02,ORCLUSDT,False,0,0,0,0,0,0,1000.0
2026-04-06,ORCLUSDT,False,0,0,0,0,0,0,1000.0
2026-04-07,ORCLUSDT,False,0,0,0,0,0,0,1000.0
2026-04-08,ORCLUSDT,False,0,0,0,0,0,0,1000.0
2026-04-09,ORCLUSDT,False,0,0,0,0,0,0,1000.0
2026-04-10,ORCLUSDT,True,0,0,0,0.0,0.0,0.0,1000.0
2026-04-13,ORCLUSDT,False,0,0,0,0,0,0,1000.0
2026-04-14,ORCLUSDT,False,0,0,0,0,0,0,1000.0
2026-04-15,ORCLUSDT,False,0,0,0,0,0,0,1000.0
2026-04-16,ORCLUSDT,False,0,0,0,0,0,0,1000.0
2026-04-17,ORCLUSDT,False,0,0,0,0,0,0,1000.0
2026-04-20,ORCLUSDT,False,0,0,0,0,0,0,1000.0
2026-04-21,ORCLUSDT,False,0,0,0,0,0,0,1000.0
2026-04-22,ORCLUSDT,False,0,0,0,0,0,0,1000.0
2026-04-23,ORCLUSDT,False,0,0,0,0,0,0,1000.0
2026-04-24,ORCLUSDT,False,0,0,0,0,0,0,1000.0
2026-04-27,ORCLUSDT,False,0,0,0,0,0,0,1000.0
2026-04-28,ORCLUSDT,False,0,0,0,0,0,0,1000.0
2026-04-29,ORCLUSDT,True,0,0,0,0.0,0.0,0.0,1000.0
2026-04-30,ORCLUSDT,False,0,0,0,0,0,0,1000.0
2026-05-01,ORCLUSDT,False,0,0,0,0,0,0,1000.0
2026-05-04,ORCLUSDT,False,0,0,0,0,0,0,1000.0
2026-05-05,ORCLUSDT,False,0,0,0,0,0,0,1000.0
2026-05-06,ORCLUSDT,False,0,0,0,0,0,0,1000.0
2026-05-07,ORCLUSDT,False,0,0,0,0,0,0,1000.0
2026-05-08,ORCLUSDT,False,0,0,0,0,0,0,1000.0
2026-05-11,ORCLUSDT,False,0,0,0,0,0,0,1000.0
2026-05-12,ORCLUSDT,True,0,0,0,0.0,0.0,0.0,1000.0
2026-05-13,ORCLUSDT,False,0,0,0,0,0,0,1000.0
2026-05-14,ORCLUSDT,False,0,0,0,0,0,0,1000.0
2026-05-15,ORCLUSDT,False,4,0,4,0,0,0,1000.0
2026-05-18,ORCLUSDT,False,9,1,2,-3.28,0.26,-3.54,996.4602
2026-05-19,ORCLUSDT,False,4,1,1,4.07,0.18,3.88,1000.3443
2026-05-20,ORCLUSDT,False,3,0,3,0,0,0,1000.3443
2026-05-21,ORCLUSDT,False,4,1,0,17.01,0.96,16.05,1016.3918
2026-05-22,ORCLUSDT,False,3,1,0,17.28,1.05,16.23,1032.6178
2026-05-26,ORCLUSDT,False,1,1,0,2.14,0.52,1.62,1034.2416
2026-05-27,ORCLUSDT,False,5,0,5,0,0,0,1034.2416
2026-05-28,ORCLUSDT,False,3,0,3,0,0,0,1034.2416
2026-05-29,ORCLUSDT,False,5,1,2,17.58,0.27,17.31,1051.5502
2026-06-01,ORCLUSDT,False,5,1,2,3.84,0.33,3.51,1055.0595
2026-06-02,ORCLUSDT,False,5,1,3,8.03,0.51,7.52,1062.5794
2026-06-03,ORCLUSDT,False,6,0,6,0,0,0,1062.5794
2026-06-04,ORCLUSDT,False,7,0,7,0,0,0,1062.5794
2026-06-05,ORCLUSDT,False,7,0,7,0,0,0,1062.5794
2026-06-08,ORCLUSDT,False,4,1,3,-3.33,0.29,-3.61,1058.9648
2026-06-09,ORCLUSDT,False,7,1,1,18.0,0.18,17.82,1076.7854
2026-06-10,ORCLUSDT,True,0,0,0,0.0,0.0,0.0,1076.7854
2026-06-11,ORCLUSDT,False,8,1,3,18.31,0.41,17.9,1094.6843
2026-06-12,ORCLUSDT,False,9,0,9,0,0,0,1094.6843
2026-06-15,ORCLUSDT,False,3,0,3,0,0,0,1094.6843
2026-06-16,ORCLUSDT,False,3,0,3,0,0,0,1094.6843
2026-06-17,ORCLUSDT,True,0,0,0,0.0,0.0,0.0,1094.6843
2026-06-18,ORCLUSDT,False,9,1,3,1.52,0.17,1.35,1096.0372
2026-06-22,ORCLUSDT,False,6,0,6,0,0,0,1096.0372
2026-06-23,ORCLUSDT,False,6,1,0,-6.79,0.12,-6.91,1089.124
2026-06-24,ORCLUSDT,False,8,1,0,8.0,0.19,7.81,1096.936
2026-06-25,ORCLUSDT,False,7,0,7,0,0,0,1096.936
2026-06-26,ORCLUSDT,False,6,1,2,5.91,0.29,5.62,1102.5512
2026-06-29,ORCLUSDT,False,6,0,6,0,0,0,1102.5512
2026-06-30,ORCLUSDT,False,0,0,0,0,0,0,1102.5512
2026-02-02,SOXLUSDT,False,0,0,0,0,0,0,1000.0
2026-02-03,SOXLUSDT,False,0,0,0,0,0,0,1000.0
2026-02-04,SOXLUSDT,False,0,0,0,0,0,0,1000.0
2026-02-05,SOXLUSDT,False,0,0,0,0,0,0,1000.0
2026-02-06,SOXLUSDT,False,0,0,0,0,0,0,1000.0
2026-02-09,SOXLUSDT,False,0,0,0,0,0,0,1000.0
2026-02-10,SOXLUSDT,False,0,0,0,0,0,0,1000.0
2026-02-11,SOXLUSDT,False,0,0,0,0,0,0,1000.0
2026-02-12,SOXLUSDT,False,0,0,0,0,0,0,1000.0
2026-02-13,SOXLUSDT,True,0,0,0,0.0,0.0,0.0,1000.0
2026-02-17,SOXLUSDT,False,0,0,0,0,0,0,1000.0
2026-02-18,SOXLUSDT,False,0,0,0,0,0,0,1000.0
2026-02-19,SOXLUSDT,False,0,0,0,0,0,0,1000.0
2026-02-20,SOXLUSDT,False,0,0,0,0,0,0,1000.0
2026-02-23,SOXLUSDT,False,0,0,0,0,0,0,1000.0
2026-02-24,SOXLUSDT,False,0,0,0,0,0,0,1000.0
2026-02-25,SOXLUSDT,False,0,0,0,0,0,0,1000.0
2026-02-26,SOXLUSDT,False,0,0,0,0,0,0,1000.0
2026-02-27,SOXLUSDT,False,0,0,0,0,0,0,1000.0
2026-03-02,SOXLUSDT,False,0,0,0,0,0,0,1000.0
2026-03-03,SOXLUSDT,False,0,0,0,0,0,0,1000.0
2026-03-04,SOXLUSDT,False,0,0,0,0,0,0,1000.0
2026-03-05,SOXLUSDT,False,0,0,0,0,0,0,1000.0
2026-03-06,SOXLUSDT,False,0,0,0,0,0,0,1000.0
2026-03-09,SOXLUSDT,False,0,0,0,0,0,0,1000.0
2026-03-10,SOXLUSDT,False,0,0,0,0,0,0,1000.0
2026-03-11,SOXLUSDT,True,0,0,0,0.0,0.0,0.0,1000.0
2026-03-12,SOXLUSDT,False,0,0,0,0,0,0,1000.0
2026-03-13,SOXLUSDT,False,0,0,0,0,0,0,1000.0
2026-03-16,SOXLUSDT,False,0,0,0,0,0,0,1000.0
2026-03-17,SOXLUSDT,False,0,0,0,0,0,0,1000.0
2026-03-18,SOXLUSDT,True,0,0,0,0.0,0.0,0.0,1000.0
2026-03-19,SOXLUSDT,False,0,0,0,0,0,0,1000.0
2026-03-20,SOXLUSDT,False,0,0,0,0,0,0,1000.0
2026-03-23,SOXLUSDT,False,0,0,0,0,0,0,1000.0
2026-03-24,SOXLUSDT,False,0,0,0,0,0,0,1000.0
2026-03-25,SOXLUSDT,False,0,0,0,0,0,0,1000.0
2026-03-26,SOXLUSDT,False,0,0,0,0,0,0,1000.0
2026-03-27,SOXLUSDT,False,0,0,0,0,0,0,1000.0
2026-03-30,SOXLUSDT,False,0,0,0,0,0,0,1000.0
2026-03-31,SOXLUSDT,False,0,0,0,0,0,0,1000.0
2026-04-01,SOXLUSDT,False,0,0,0,0,0,0,1000.0
2026-04-02,SOXLUSDT,False,0,0,0,0,0,0,1000.0
2026-04-06,SOXLUSDT,False,0,0,0,0,0,0,1000.0
2026-04-07,SOXLUSDT,False,0,0,0,0,0,0,1000.0
2026-04-08,SOXLUSDT,False,0,0,0,0,0,0,1000.0
2026-04-09,SOXLUSDT,False,0,0,0,0,0,0,1000.0
2026-04-10,SOXLUSDT,True,0,0,0,0.0,0.0,0.0,1000.0
2026-04-13,SOXLUSDT,False,0,0,0,0,0,0,1000.0
2026-04-14,SOXLUSDT,False,0,0,0,0,0,0,1000.0
2026-04-15,SOXLUSDT,False,0,0,0,0,0,0,1000.0
2026-04-16,SOXLUSDT,False,0,0,0,0,0,0,1000.0
2026-04-17,SOXLUSDT,False,0,0,0,0,0,0,1000.0
2026-04-20,SOXLUSDT,False,0,0,0,0,0,0,1000.0
2026-04-21,SOXLUSDT,False,0,0,0,0,0,0,1000.0
2026-04-22,SOXLUSDT,False,0,0,0,0,0,0,1000.0
2026-04-23,SOXLUSDT,False,0,0,0,0,0,0,1000.0
2026-04-24,SOXLUSDT,False,0,0,0,0,0,0,1000.0
2026-04-27,SOXLUSDT,False,0,0,0,0,0,0,1000.0
2026-04-28,SOXLUSDT,False,0,0,0,0,0,0,1000.0
2026-04-29,SOXLUSDT,True,0,0,0,0.0,0.0,0.0,1000.0
2026-04-30,SOXLUSDT,False,0,0,0,0,0,0,1000.0
2026-05-01,SOXLUSDT,False,0,0,0,0,0,0,1000.0
2026-05-04,SOXLUSDT,False,0,0,0,0,0,0,1000.0
2026-05-05,SOXLUSDT,False,0,0,0,0,0,0,1000.0
2026-05-06,SOXLUSDT,False,0,0,0,0,0,0,1000.0
2026-05-07,SOXLUSDT,False,0,0,0,0,0,0,1000.0
2026-05-08,SOXLUSDT,False,0,0,0,0,0,0,1000.0
2026-05-11,SOXLUSDT,False,0,0,0,0,0,0,1000.0
2026-05-12,SOXLUSDT,True,0,0,0,0.0,0.0,0.0,1000.0
2026-05-13,SOXLUSDT,False,0,0,0,0,0,0,1000.0
2026-05-14,SOXLUSDT,False,0,0,0,0,0,0,1000.0
2026-05-15,SOXLUSDT,False,6,0,6,0,0,0,1000.0
2026-05-18,SOXLUSDT,False,10,1,3,-1.72,0.17,-1.89,998.1087
2026-05-19,SOXLUSDT,False,11,1,6,16.97,0.21,16.75,1014.8629
2026-05-20,SOXLUSDT,False,10,1,0,17.25,0.34,16.92,1031.7798
2026-05-21,SOXLUSDT,False,10,0,10,0,0,0,1031.7798
2026-05-22,SOXLUSDT,False,9,1,0,3.61,0.28,3.33,1035.1051
2026-05-26,SOXLUSDT,False,8,0,8,0,0,0,1035.1051
2026-05-27,SOXLUSDT,False,11,1,0,-3.39,0.07,-3.47,1031.6391
2026-05-28,SOXLUSDT,False,6,1,4,5.35,0.36,4.99,1036.6243
2026-05-29,SOXLUSDT,False,8,0,8,0,0,0,1036.6243
2026-06-01,SOXLUSDT,False,9,1,2,3.21,0.09,3.12,1039.7416
2026-06-02,SOXLUSDT,False,8,1,4,-8.84,0.27,-9.11,1030.6363
2026-06-03,SOXLUSDT,False,10,1,7,2.15,0.23,1.91,1032.5504
2026-06-04,SOXLUSDT,False,10,1,5,17.55,0.19,17.37,1049.9159
2026-06-05,SOXLUSDT,False,10,0,10,0,0,0,1049.9159
2026-06-08,SOXLUSDT,False,12,0,12,0,0,0,1049.9159
2026-06-09,SOXLUSDT,False,10,1,4,-8.92,0.1,-9.03,1040.8883
2026-06-10,SOXLUSDT,True,0,0,0,0.0,0.0,0.0,1040.8883
2026-06-11,SOXLUSDT,False,10,1,9,10.07,0.12,9.95,1050.8384
2026-06-12,SOXLUSDT,False,9,1,0,4.08,0.08,4.0,1054.8357
2026-06-15,SOXLUSDT,False,5,1,1,7.15,0.22,6.93,1061.7669
2026-06-16,SOXLUSDT,False,10,1,2,17.93,0.11,17.82,1079.5895
2026-06-17,SOXLUSDT,True,0,0,0,0.0,0.0,0.0,1079.5895
2026-06-18,SOXLUSDT,False,3,1,1,1.11,0.18,0.93,1080.5236
2026-06-22,SOXLUSDT,False,10,1,2,-6.42,0.23,-6.65,1073.8702
2026-06-23,SOXLUSDT,False,13,1,8,5.7,0.2,5.5,1079.3703
2026-06-24,SOXLUSDT,False,12,0,12,0,0,0,1079.3703
2026-06-25,SOXLUSDT,False,13,1,4,0.5,0.05,0.45,1079.8168
2026-06-26,SOXLUSDT,False,11,1,2,8.03,0.13,7.9,1087.7155
2026-06-29,SOXLUSDT,False,6,0,6,0,0,0,1087.7155
2026-06-30,SOXLUSDT,False,0,0,0,0,0,0,1087.7155
2026-02-02,JPMUSDT,False,0,0,0,0,0,0,1000.0
2026-02-03,JPMUSDT,False,0,0,0,0,0,0,1000.0
2026-02-04,JPMUSDT,False,0,0,0,0,0,0,1000.0
2026-02-05,JPMUSDT,False,0,0,0,0,0,0,1000.0
2026-02-06,JPMUSDT,False,0,0,0,0,0,0,1000.0
2026-02-09,JPMUSDT,False,0,0,0,0,0,0,1000.0
2026-02-10,JPMUSDT,False,0,0,0,0,0,0,1000.0
2026-02-11,JPMUSDT,False,0,0,0,0,0,0,1000.0
2026-02-12,JPMUSDT,False,0,0,0,0,0,0,1000.0
2026-02-13,JPMUSDT,True,0,0,0,0.0,0.0,0.0,1000.0
2026-02-17,JPMUSDT,False,0,0,0,0,0,0,1000.0
2026-02-18,JPMUSDT,False,0,0,0,0,0,0,1000.0
2026-02-19,JPMUSDT,False,0,0,0,0,0,0,1000.0
2026-02-20,JPMUSDT,False,0,0,0,0,0,0,1000.0
2026-02-23,JPMUSDT,False,0,0,0,0,0,0,1000.0
2026-02-24,JPMUSDT,False,0,0,0,0,0,0,1000.0
2026-02-25,JPMUSDT,False,0,0,0,0,0,0,1000.0
2026-02-26,JPMUSDT,False,0,0,0,0,0,0,1000.0
2026-02-27,JPMUSDT,False,0,0,0,0,0,0,1000.0
2026-03-02,JPMUSDT,False,0,0,0,0,0,0,1000.0
2026-03-03,JPMUSDT,False,0,0,0,0,0,0,1000.0
2026-03-04,JPMUSDT,False,0,0,0,0,0,0,1000.0
2026-03-05,JPMUSDT,False,0,0,0,0,0,0,1000.0
2026-03-06,JPMUSDT,False,0,0,0,0,0,0,1000.0
2026-03-09,JPMUSDT,False,0,0,0,0,0,0,1000.0
2026-03-10,JPMUSDT,False,0,0,0,0,0,0,1000.0
2026-03-11,JPMUSDT,True,0,0,0,0.0,0.0,0.0,1000.0
2026-03-12,JPMUSDT,False,0,0,0,0,0,0,1000.0
2026-03-13,JPMUSDT,False,0,0,0,0,0,0,1000.0
2026-03-16,JPMUSDT,False,0,0,0,0,0,0,1000.0
2026-03-17,JPMUSDT,False,0,0,0,0,0,0,1000.0
2026-03-18,JPMUSDT,True,0,0,0,0.0,0.0,0.0,1000.0
2026-03-19,JPMUSDT,False,0,0,0,0,0,0,1000.0
2026-03-20,JPMUSDT,False,0,0,0,0,0,0,1000.0
2026-03-23,JPMUSDT,False,0,0,0,0,0,0,1000.0
2026-03-24,JPMUSDT,False,0,0,0,0,0,0,1000.0
2026-03-25,JPMUSDT,False,0,0,0,0,0,0,1000.0
2026-03-26,JPMUSDT,False,0,0,0,0,0,0,1000.0
2026-03-27,JPMUSDT,False,0,0,0,0,0,0,1000.0
2026-03-30,JPMUSDT,False,0,0,0,0,0,0,1000.0
2026-03-31,JPMUSDT,False,0,0,0,0,0,0,1000.0
2026-04-01,JPMUSDT,False,0,0,0,0,0,0,1000.0
2026-04-02,JPMUSDT,False,0,0,0,0,0,0,1000.0
2026-04-06,JPMUSDT,False,0,0,0,0,0,0,1000.0
2026-04-07,JPMUSDT,False,0,0,0,0,0,0,1000.0
2026-04-08,JPMUSDT,False,0,0,0,0,0,0,1000.0
2026-04-09,JPMUSDT,False,0,0,0,0,0,0,1000.0
2026-04-10,JPMUSDT,True,0,0,0,0.0,0.0,0.0,1000.0
2026-04-13,JPMUSDT,False,0,0,0,0,0,0,1000.0
2026-04-14,JPMUSDT,False,0,0,0,0,0,0,1000.0
2026-04-15,JPMUSDT,False,0,0,0,0,0,0,1000.0
2026-04-16,JPMUSDT,False,0,0,0,0,0,0,1000.0
2026-04-17,JPMUSDT,False,0,0,0,0,0,0,1000.0
2026-04-20,JPMUSDT,False,0,0,0,0,0,0,1000.0
2026-04-21,JPMUSDT,False,0,0,0,0,0,0,1000.0
2026-04-22,JPMUSDT,False,0,0,0,0,0,0,1000.0
2026-04-23,JPMUSDT,False,0,0,0,0,0,0,1000.0
2026-04-24,JPMUSDT,False,0,0,0,0,0,0,1000.0
2026-04-27,JPMUSDT,False,0,0,0,0,0,0,1000.0
2026-04-28,JPMUSDT,False,0,0,0,0,0,0,1000.0
2026-04-29,JPMUSDT,True,0,0,0,0.0,0.0,0.0,1000.0
2026-04-30,JPMUSDT,False,0,0,0,0,0,0,1000.0
2026-05-01,JPMUSDT,False,0,0,0,0,0,0,1000.0
2026-05-04,JPMUSDT,False,0,0,0,0,0,0,1000.0
2026-05-05,JPMUSDT,False,0,0,0,0,0,0,1000.0
2026-05-06,JPMUSDT,False,0,0,0,0,0,0,1000.0
2026-05-07,JPMUSDT,False,0,0,0,0,0,0,1000.0
2026-05-08,JPMUSDT,False,0,0,0,0,0,0,1000.0
2026-05-11,JPMUSDT,False,0,0,0,0,0,0,1000.0
2026-05-12,JPMUSDT,True,0,0,0,0.0,0.0,0.0,1000.0
2026-05-13,JPMUSDT,False,0,0,0,0,0,0,1000.0
2026-05-14,JPMUSDT,False,0,0,0,0,0,0,1000.0
2026-05-15,JPMUSDT,False,0,0,0,0,0,0,1000.0
2026-05-18,JPMUSDT,False,1,0,1,0,0,0,1000.0
2026-05-19,JPMUSDT,False,0,0,0,0,0,0,1000.0
2026-05-20,JPMUSDT,False,3,1,1,17.0,1.29,15.71,1015.7133
2026-05-21,JPMUSDT,False,0,0,0,0,0,0,1015.7133
2026-05-22,JPMUSDT,False,1,1,0,7.9,0.79,7.11,1022.8277
2026-05-26,JPMUSDT,False,0,0,0,0,0,0,1022.8277
2026-05-27,JPMUSDT,False,7,0,7,0,0,0,1022.8277
2026-05-28,JPMUSDT,False,0,0,0,0,0,0,1022.8277
2026-05-29,JPMUSDT,False,0,0,0,0,0,0,1022.8277
2026-06-01,JPMUSDT,False,1,1,0,-0.58,0.55,-1.13,1021.6985
2026-06-02,JPMUSDT,False,3,0,3,0,0,0,1021.6985
2026-06-03,JPMUSDT,False,2,0,2,0,0,0,1021.6985
2026-06-04,JPMUSDT,False,3,0,3,0,0,0,1021.6985
2026-06-05,JPMUSDT,False,5,0,5,0,0,0,1021.6985
2026-06-08,JPMUSDT,False,0,0,0,0,0,0,1021.6985
2026-06-09,JPMUSDT,False,5,0,5,0,0,0,1021.6985
2026-06-10,JPMUSDT,True,0,0,0,0.0,0.0,0.0,1021.6985
2026-06-11,JPMUSDT,False,2,0,2,0,0,0,1021.6985
2026-06-12,JPMUSDT,False,2,0,2,0,0,0,1021.6985
2026-06-15,JPMUSDT,False,1,0,1,0,0,0,1021.6985
2026-06-16,JPMUSDT,False,1,1,0,6.29,1.28,5.01,1026.7042
2026-06-17,JPMUSDT,True,0,0,0,0.0,0.0,0.0,1026.7042
2026-06-18,JPMUSDT,False,3,0,3,0,0,0,1026.7042
2026-06-22,JPMUSDT,False,2,0,2,0,0,0,1026.7042
2026-06-23,JPMUSDT,False,1,0,1,0,0,0,1026.7042
2026-06-24,JPMUSDT,False,2,0,2,0,0,0,1026.7042
2026-06-25,JPMUSDT,False,3,0,3,0,0,0,1026.7042
2026-06-26,JPMUSDT,False,4,0,4,0,0,0,1026.7042
2026-06-29,JPMUSDT,False,1,0,1,0,0,0,1026.7042
2026-06-30,JPMUSDT,False,0,0,0,0,0,0,1026.7042
2026-02-02,RKLBUSDT,False,0,0,0,0,0,0,1000.0
2026-02-03,RKLBUSDT,False,0,0,0,0,0,0,1000.0
2026-02-04,RKLBUSDT,False,0,0,0,0,0,0,1000.0
2026-02-05,RKLBUSDT,False,0,0,0,0,0,0,1000.0
2026-02-06,RKLBUSDT,False,0,0,0,0,0,0,1000.0
2026-02-09,RKLBUSDT,False,0,0,0,0,0,0,1000.0
2026-02-10,RKLBUSDT,False,0,0,0,0,0,0,1000.0
2026-02-11,RKLBUSDT,False,0,0,0,0,0,0,1000.0
2026-02-12,RKLBUSDT,False,0,0,0,0,0,0,1000.0
2026-02-13,RKLBUSDT,True,0,0,0,0.0,0.0,0.0,1000.0
2026-02-17,RKLBUSDT,False,0,0,0,0,0,0,1000.0
2026-02-18,RKLBUSDT,False,0,0,0,0,0,0,1000.0
2026-02-19,RKLBUSDT,False,0,0,0,0,0,0,1000.0
2026-02-20,RKLBUSDT,False,0,0,0,0,0,0,1000.0
2026-02-23,RKLBUSDT,False,0,0,0,0,0,0,1000.0
2026-02-24,RKLBUSDT,False,0,0,0,0,0,0,1000.0
2026-02-25,RKLBUSDT,False,0,0,0,0,0,0,1000.0
2026-02-26,RKLBUSDT,False,0,0,0,0,0,0,1000.0
2026-02-27,RKLBUSDT,False,0,0,0,0,0,0,1000.0
2026-03-02,RKLBUSDT,False,0,0,0,0,0,0,1000.0
2026-03-03,RKLBUSDT,False,0,0,0,0,0,0,1000.0
2026-03-04,RKLBUSDT,False,0,0,0,0,0,0,1000.0
2026-03-05,RKLBUSDT,False,0,0,0,0,0,0,1000.0
2026-03-06,RKLBUSDT,False,0,0,0,0,0,0,1000.0
2026-03-09,RKLBUSDT,False,0,0,0,0,0,0,1000.0
2026-03-10,RKLBUSDT,False,0,0,0,0,0,0,1000.0
2026-03-11,RKLBUSDT,True,0,0,0,0.0,0.0,0.0,1000.0
2026-03-12,RKLBUSDT,False,0,0,0,0,0,0,1000.0
2026-03-13,RKLBUSDT,False,0,0,0,0,0,0,1000.0
2026-03-16,RKLBUSDT,False,0,0,0,0,0,0,1000.0
2026-03-17,RKLBUSDT,False,0,0,0,0,0,0,1000.0
2026-03-18,RKLBUSDT,True,0,0,0,0.0,0.0,0.0,1000.0
2026-03-19,RKLBUSDT,False,0,0,0,0,0,0,1000.0
2026-03-20,RKLBUSDT,False,0,0,0,0,0,0,1000.0
2026-03-23,RKLBUSDT,False,0,0,0,0,0,0,1000.0
2026-03-24,RKLBUSDT,False,0,0,0,0,0,0,1000.0
2026-03-25,RKLBUSDT,False,0,0,0,0,0,0,1000.0
2026-03-26,RKLBUSDT,False,0,0,0,0,0,0,1000.0
2026-03-27,RKLBUSDT,False,0,0,0,0,0,0,1000.0
2026-03-30,RKLBUSDT,False,0,0,0,0,0,0,1000.0
2026-03-31,RKLBUSDT,False,0,0,0,0,0,0,1000.0
2026-04-01,RKLBUSDT,False,0,0,0,0,0,0,1000.0
2026-04-02,RKLBUSDT,False,0,0,0,0,0,0,1000.0
2026-04-06,RKLBUSDT,False,0,0,0,0,0,0,1000.0
2026-04-07,RKLBUSDT,False,0,0,0,0,0,0,1000.0
2026-04-08,RKLBUSDT,False,0,0,0,0,0,0,1000.0
2026-04-09,RKLBUSDT,False,0,0,0,0,0,0,1000.0
2026-04-10,RKLBUSDT,True,0,0,0,0.0,0.0,0.0,1000.0
2026-04-13,RKLBUSDT,False,0,0,0,0,0,0,1000.0
2026-04-14,RKLBUSDT,False,0,0,0,0,0,0,1000.0
2026-04-15,RKLBUSDT,False,0,0,0,0,0,0,1000.0
2026-04-16,RKLBUSDT,False,0,0,0,0,0,0,1000.0
2026-04-17,RKLBUSDT,False,0,0,0,0,0,0,1000.0
2026-04-20,RKLBUSDT,False,0,0,0,0,0,0,1000.0
2026-04-21,RKLBUSDT,False,0,0,0,0,0,0,1000.0
2026-04-22,RKLBUSDT,False,0,0,0,0,0,0,1000.0
2026-04-23,RKLBUSDT,False,0,0,0,0,0,0,1000.0
2026-04-24,RKLBUSDT,False,0,0,0,0,0,0,1000.0
2026-04-27,RKLBUSDT,False,0,0,0,0,0,0,1000.0
2026-04-28,RKLBUSDT,False,0,0,0,0,0,0,1000.0
2026-04-29,RKLBUSDT,True,0,0,0,0.0,0.0,0.0,1000.0
2026-04-30,RKLBUSDT,False,0,0,0,0,0,0,1000.0
2026-05-01,RKLBUSDT,False,0,0,0,0,0,0,1000.0
2026-05-04,RKLBUSDT,False,0,0,0,0,0,0,1000.0
2026-05-05,RKLBUSDT,False,0,0,0,0,0,0,1000.0
2026-05-06,RKLBUSDT,False,0,0,0,0,0,0,1000.0
2026-05-07,RKLBUSDT,False,0,0,0,0,0,0,1000.0
2026-05-08,RKLBUSDT,False,0,0,0,0,0,0,1000.0
2026-05-11,RKLBUSDT,False,0,0,0,0,0,0,1000.0
2026-05-12,RKLBUSDT,True,0,0,0,0.0,0.0,0.0,1000.0
2026-05-13,RKLBUSDT,False,0,0,0,0,0,0,1000.0
2026-05-14,RKLBUSDT,False,0,0,0,0,0,0,1000.0
2026-05-15,RKLBUSDT,False,0,0,0,0,0,0,1000.0
2026-05-18,RKLBUSDT,False,7,0,7,0,0,0,1000.0
2026-05-19,RKLBUSDT,False,9,1,2,17.0,0.22,16.78,1016.7771
2026-05-20,RKLBUSDT,False,7,1,2,17.29,0.34,16.95,1033.7242
2026-05-21,RKLBUSDT,False,9,1,2,-4.87,0.17,-5.05,1028.6791
2026-05-22,RKLBUSDT,False,8,1,0,-8.74,0.23,-8.97,1019.7044
2026-05-26,RKLBUSDT,False,9,1,6,-0.31,0.29,-0.6,1019.1079
2026-05-27,RKLBUSDT,False,7,1,1,8.94,0.12,8.82,1027.9311
2026-05-28,RKLBUSDT,False,9,1,6,4.51,0.71,3.8,1031.7267
2026-05-29,RKLBUSDT,False,7,0,7,0,0,0,1031.7267
2026-06-01,RKLBUSDT,False,8,0,8,0,0,0,1031.7267
2026-06-02,RKLBUSDT,False,8,1,4,0.72,0.53,0.19,1031.9136
2026-06-03,RKLBUSDT,False,10,1,5,5.04,0.44,4.6,1036.5132
2026-06-04,RKLBUSDT,False,7,1,6,4.24,0.39,3.84,1040.3574
2026-06-05,RKLBUSDT,False,11,1,0,6.89,0.13,6.76,1047.1175
2026-06-08,RKLBUSDT,False,8,0,8,0,0,0,1047.1175
2026-06-09,RKLBUSDT,False,6,1,0,17.8,0.35,17.45,1064.5689
2026-06-10,RKLBUSDT,True,0,0,0,0.0,0.0,0.0,1064.5689
2026-06-11,RKLBUSDT,False,7,1,2,18.1,0.23,17.87,1082.4349
2026-06-12,RKLBUSDT,False,12,1,11,3.22,0.26,2.96,1085.3955
2026-06-15,RKLBUSDT,False,3,0,3,0,0,0,1085.3955
2026-06-16,RKLBUSDT,False,5,0,5,0,0,0,1085.3955
2026-06-17,RKLBUSDT,True,0,0,0,0.0,0.0,0.0,1085.3955
2026-06-18,RKLBUSDT,False,8,1,3,9.19,0.17,9.02,1094.4162
2026-06-22,RKLBUSDT,False,7,0,7,0,0,0,1094.4162
2026-06-23,RKLBUSDT,False,9,1,3,7.4,0.15,7.26,1101.6726
2026-06-24,RKLBUSDT,False,9,1,1,18.73,0.25,18.48,1120.1486
2026-06-25,RKLBUSDT,False,6,0,6,0,0,0,1120.1486
2026-06-26,RKLBUSDT,False,10,0,10,0,0,0,1120.1486
2026-06-29,RKLBUSDT,False,9,1,8,-1.32,0.6,-1.92,1118.2295
2026-06-30,RKLBUSDT,False,0,0,0,0,0,0,1118.2295
